date,open_t-3,open_t-1,low_t-4,high_t-1,low_t-3,volume
2013-03-08,43.0,43.5,42.34,43.52,42.9,3256301
2013-03-11,43.3,42.99,42.9,43.01,42.81,5472837
2013-03-12,43.5,42.8,42.81,43.0,43.02,3767613
2013-03-13,42.99,42.56,43.02,43.05,41.73,2241086
2013-03-14,42.8,43.03,41.73,43.38,42.59,2840603
2013-03-15,42.56,43.1,42.59,43.22,42.4,2579690
2013-03-18,43.03,42.46,42.4,42.7,43.0,1847766
2013-03-19,43.1,42.68,43.0,42.82,42.88,6246443
2013-03-20,42.46,42.25,42.88,42.785,42.18,3240314
2013-03-21,42.68,42.45,42.18,42.76,41.59,4409084
2013-03-22,42.25,41.79,41.59,41.79,42.22,5425027
2013-03-25,42.45,41.49,42.22,41.654,41.63,2797510
2013-03-26,41.79,41.4,41.63,41.82,40.91,2513554
2013-03-27,41.49,41.4,40.91,42.19,40.79,3369968
2013-03-28,41.4,42.08,40.79,42.08,41.32,2147900
2013-04-01,41.4,41.83,41.32,41.9771,41.21,2541331
2013-04-02,42.08,41.12,41.21,41.36,41.4995,2354390
2013-04-03,41.83,40.63,41.4995,40.99,40.79,5278950
2013-04-04,41.12,40.54,40.79,41.47,40.59,3918841
2013-04-05,40.63,40.73,40.59,41.85,40.32,4959134
2013-04-08,40.54,41.44,40.32,41.7425,40.54,2395400
2013-04-09,40.73,41.73,40.54,42.13,40.67,1659420
2013-04-10,41.44,41.73,40.67,42.37,41.17,2169261
2013-04-11,41.73,42.35,41.17,43.93,41.53,5626492
2013-04-12,41.73,43.54,41.53,44.785,41.665,6083564
2013-04-15,42.35,44.5,41.665,44.54,42.3301,7750724
2013-04-16,43.54,43.46,42.3301,43.75,43.43,4505330
2013-04-17,44.5,43.08,43.43,43.11,42.945,4492937
2013-04-18,43.46,41.77,42.945,42.25,42.84,3976804
2013-04-19,43.08,41.89,42.84,42.22,41.93,3075803
2013-04-22,41.77,42.03,41.93,42.25,41.4798,2340457
2013-04-23,41.89,42.21,41.4798,42.8425,41.65,3522419
2013-04-24,42.03,42.72,41.65,43.035,41.34,3020692
2013-04-25,42.21,43.05,41.34,43.25,42.13,2119838
2013-04-26,42.72,42.44,42.13,42.57,42.37,5283798
2013-04-29,43.05,41.64,42.37,41.68,42.66,2541961
2013-04-30,42.44,41.2,42.66,41.66,40.69,3451449
2013-05-01,41.64,41.42,40.69,41.74,41.05,2726213
2013-05-02,41.2,41.49,41.05,41.72,40.95,3437642
2013-05-03,41.42,41.93,40.95,42.55,41.26,4741565
2013-05-06,41.49,41.44,41.26,42.12,41.236,2819360
2013-05-07,41.93,42.18,41.236,42.41,41.54,3524022
2013-05-08,41.44,42.4,41.54,42.95,41.39,2119765
2013-05-09,42.18,42.97,41.39,43.195,41.9,3159293
2013-05-10,42.4,43.12,41.9,43.85,42.3,4662252
2013-05-13,42.97,43.43,42.3,43.56,42.63,4260335
2013-05-14,43.12,42.98,42.63,44.06,43.04,6075845
2013-05-15,43.43,44.9,43.04,46.49,42.72,10289000
2013-05-16,42.98,45.43,42.72,45.84,42.882,4890962
2013-05-17,44.9,45.02,42.882,45.83,44.89,3247851
2013-05-20,45.43,45.48,44.89,47.45,44.97,5698804
2013-05-21,45.02,46.3,44.97,46.96,44.99,4020941
2013-05-22,45.48,46.72,44.99,47.473,45.39,5421887
2013-05-23,46.3,45.7,45.39,45.93,46.21,3777408
2013-05-24,46.72,45.36,46.21,45.69,46.07,2225361
2013-05-28,45.7,46.09,46.07,46.94,45.195,4793962
2013-05-29,45.36,45.98,45.195,46.35,45.25,3621114
2013-05-30,46.09,46.21,45.25,47.05,46.09,3090824
2013-05-31,45.98,45.91,46.09,46.47,45.4,4609273
2013-06-03,46.21,45.65,45.4,45.84,46.01,3677473
2013-06-04,45.91,46.175,46.01,46.45,45.43,3364296
2013-06-05,45.65,45.32,45.43,45.38,45.04,2495073
2013-06-06,46.175,44.5,45.04,45.01,45.38,3781151
2013-06-07,45.32,45.16,45.38,45.92,44.5,2781171
2013-06-10,44.5,45.35,44.5,45.35,44.21,2730800
2013-06-11,45.16,44.22,44.21,44.63,44.94,3914328
2013-06-12,45.35,44.78,44.94,44.828,44.485,2730633
2013-06-13,44.22,43.87,44.485,44.56,44.0,2594941
2013-06-14,44.78,44.34,44.0,44.57,43.795,1677669
2013-06-17,43.87,44.38,43.795,44.869,43.66,2000122
2013-06-18,44.34,44.38,43.66,44.81,43.85,2522376
2013-06-19,44.38,44.74,43.85,44.8796,44.185,5805826
2013-06-20,44.38,43.11,44.185,43.11,44.2701,6307980
2013-06-21,44.74,42.6,44.2701,43.23,43.5,3656145
2013-06-24,43.11,42.44,43.5,42.75,41.85,2871453
2013-06-25,42.6,42.01,41.85,42.82,42.37,2939595
2013-06-26,42.44,43.1,42.37,43.29,42.07,3693707
2013-06-27,42.01,42.56,42.07,43.29,42.01,3447018
2013-06-28,43.1,43.0,42.01,43.305,42.28,5556673
2013-07-01,42.56,43.05,42.28,43.77,42.52,4283821
2013-07-02,43.0,43.5,42.52,43.89,42.73,2986405
2013-07-03,43.05,42.82,42.73,43.46,42.91,1940832
2013-07-05,43.5,43.46,42.91,44.295,42.95,2100873
2013-07-08,42.82,44.38,42.95,44.67,42.72,2572391
2013-07-09,43.46,44.6,42.72,44.96,43.4,3476214
2013-07-10,44.38,44.64,43.4,45.65,44.12,3277684
2013-07-11,44.6,45.69,44.12,45.98,44.34,2131803
2013-07-12,44.64,45.78,44.34,45.95,44.51,1978819
2013-07-15,45.69,45.7,44.51,46.275,45.43,2433181
2013-07-16,45.78,46.09,45.43,46.47,45.5838,2026749
2013-07-17,45.7,45.95,45.5838,46.1,45.68,1196543
2013-07-18,46.09,45.66,45.68,46.05,45.775,1999719
2013-07-19,45.95,45.83,45.775,46.275,45.57,1179308
2013-07-22,45.66,46.23,45.57,46.85,45.55,1836733
2013-07-23,45.83,46.31,45.55,46.84,45.69,2934199
2013-07-24,46.23,46.67,45.69,46.81,46.1,1831121
2013-07-25,46.31,46.62,46.1,46.9,46.31,1420233
2013-07-26,46.67,46.31,46.31,46.56,46.495,3694988
2013-07-29,46.62,45.59,46.495,45.7,46.39,1962142
2013-07-30,46.31,45.55,46.39,45.6,45.4322,2791858
2013-07-31,45.59,45.04,45.4322,45.3,44.98,2807402
2013-08-01,45.55,45.51,44.98,46.2,44.82,2745041
2013-08-02,45.04,46.06,44.82,46.51,44.66,2387817
2013-08-05,45.51,46.26,44.66,46.4,45.32,1875418
2013-08-06,46.06,45.93,45.32,46.215,45.9901,2280909
2013-08-07,46.26,45.88,45.9901,46.46,45.8,1702122
2013-08-08,45.93,46.5,45.8,46.55,45.61,1702407
2013-08-09,45.88,45.85,45.61,46.46,45.62,1958449
2013-08-12,46.5,45.89,45.62,46.51,45.64,1247241
2013-08-13,45.85,46.45,45.64,46.98,45.81,2078213
2013-08-14,45.89,46.77,45.81,47.0,45.72,1989871
2013-08-15,46.45,47.59,45.72,48.17,46.24,6708341
2013-08-16,46.77,46.81,46.24,47.22,46.37,3624694
2013-08-19,47.59,46.63,46.37,46.94,46.85,1727559
2013-08-20,46.81,46.43,46.85,47.2699,46.52,2294328
2013-08-21,46.63,46.93,46.52,47.24,46.42,1949054
2013-08-22,46.43,46.89,46.42,48.33,46.17,3147986
2013-08-23,46.93,47.96,46.17,48.0,46.64,1702511
2013-08-26,46.89,47.64,46.64,48.205,46.8,2012701
2013-08-27,47.96,47.08,46.8,47.39,47.54,2138064
2013-08-28,47.64,46.88,47.54,46.97,47.39,1590425
2013-08-29,47.08,46.63,47.39,47.03,46.8,1900662
2013-08-30,46.88,46.89,46.8,46.98,46.51,1358573
2013-09-03,46.63,47.04,46.51,47.51,46.42,1565632
2013-09-04,46.89,46.93,46.42,47.96,46.37,2522043
2013-09-05,47.04,47.82,46.37,48.09,46.615,1313188
2013-09-06,46.93,47.71,46.615,47.79,46.74,1332857
2013-09-09,47.82,47.59,46.74,48.0485,47.58,1668867
2013-09-10,47.71,48.04,47.58,48.67,47.13,1821283
2013-09-11,47.59,48.6,47.13,49.02,47.29,1783424
2013-09-12,48.04,48.9,47.29,48.94,48.04,1468485
2013-09-13,48.6,48.6,48.04,48.62,48.22,2141143
2013-09-16,48.9,49.06,48.22,49.18,48.49,1861513
2013-09-17,48.6,48.73,48.49,49.32,48.23,1578387
2013-09-18,49.06,48.77,48.23,49.35,48.58,2044234
2013-09-19,48.73,52.92,48.58,53.47,48.62,18146408
2013-09-20,48.77,51.035,48.62,52.39,48.29,10692052
2013-09-23,52.92,51.91,48.29,52.24,50.749,2716907
2013-09-24,51.035,51.61,50.749,51.92,50.98,2185721
2013-09-25,51.91,51.59,50.98,52.13,51.38,2865074
2013-09-26,51.61,51.96,51.38,52.12,51.2,2680307
2013-09-27,51.59,51.84,51.2,52.1,51.44,2110103
2013-09-30,51.96,51.02,51.44,51.615,51.46,2650001
2013-10-01,51.84,50.7,51.46,52.08,51.4,2997047
2013-10-02,51.02,51.59,51.4,51.71,50.75,2020794
2013-10-03,50.7,51.56,50.75,51.57,50.7,1878510
2013-10-04,51.59,51.17,50.7,51.86,51.15,1867889
2013-10-07,51.56,51.34,51.15,51.59,50.91,1382107
2013-10-08,51.17,51.18,50.91,51.33,51.07,2415258
2013-10-09,51.34,50.23,51.07,50.38,51.07,2430595
2013-10-10,51.18,50.29,51.07,51.2,49.89,2426300
2013-10-11,50.23,50.88,49.89,51.67,49.39,1500903
2013-10-14,50.29,51.2,49.39,51.43,50.29,2110504
2013-10-15,50.88,51.08,50.29,51.19,50.66,1961896
2013-10-16,51.2,51.22,50.66,51.99,50.51,2450818
2013-10-17,51.08,51.25,50.51,52.7,50.6,3548418
2013-10-18,51.22,52.93,50.6,53.24,50.94,2880870
2013-10-21,51.25,53.04,50.94,53.14,51.13,2556379
2013-10-22,52.93,52.1,51.13,52.2,52.63,4280543
2013-10-23,53.04,50.76,52.63,50.88,51.9,2348591
2013-10-24,52.1,50.67,51.9,51.22,50.84,1785894
2013-10-25,50.76,51.34,50.84,51.91,50.3,2398266
2013-10-28,50.67,51.79,50.3,51.98,50.67,1778672
2013-10-29,51.34,51.52,50.67,51.9,51.09,1193955
2013-10-30,51.79,51.76,51.09,51.82,51.12,1360046
2013-10-31,51.52,51.15,51.12,51.33,51.23,1895510
2013-11-01,51.76,50.92,51.23,51.58,50.86,1931035
2013-11-04,51.15,51.39,50.86,51.46,50.45,1409928
2013-11-05,50.92,51.18,50.45,51.36,50.84,1578131
2013-11-06,51.39,51.19,50.84,51.32,50.95,1432940
2013-11-07,51.18,51.08,50.95,51.195,50.854,3548823
2013-11-08,51.19,50.14,50.854,50.94,50.8,1860654
2013-11-11,51.08,50.63,50.8,51.41,49.84,1984482
2013-11-12,50.14,51.2,49.84,51.4,50.01,2357218
2013-11-13,50.63,50.89,50.01,51.3,50.518,2110086
2013-11-14,51.2,51.2,50.518,51.2,50.76,2825818
2013-11-15,50.89,54.03,50.76,55.74,50.66,11014343
2013-11-18,51.2,54.45,50.66,54.98,50.36,4131521
2013-11-19,54.03,53.67,50.36,54.19,53.6902,2473023
2013-11-20,54.45,53.83,53.6902,54.255,53.67,2321500
2013-11-21,53.67,53.8,53.67,54.55,53.55,2417644
2013-11-22,53.83,54.1,53.55,54.3399,53.465,1910762
2013-11-25,53.8,54.11,53.465,54.13,53.7,1750170
2013-11-26,54.1,53.26,53.7,53.93,53.75,3196344
2013-11-27,54.11,53.78,53.75,54.0,53.02,1189764
2013-11-29,53.26,53.85,53.02,53.97,53.23,870409
2013-12-02,53.78,53.47,53.23,53.67,53.64,1459197
2013-12-03,53.85,52.92,53.64,53.17,53.46,2478051
2013-12-04,53.47,52.84,53.46,53.83,53.11,2415795
2013-12-05,52.92,53.35,53.11,53.8,52.56,1810391
2013-12-06,52.84,53.76,52.56,54.93,52.72,3053347
2013-12-09,53.35,54.8,52.72,55.43,53.115,2118503
2013-12-10,53.76,54.91,53.115,55.46,53.76,2326895
2013-12-11,54.8,55.35,53.76,55.69,54.74,2349926
2013-12-12,54.91,54.63,54.74,55.52,54.63,2714297
2013-12-13,55.35,55.36,54.63,55.9,54.68,2022610
2013-12-16,54.63,55.25,54.68,55.79,54.3,1685454
2013-12-17,55.36,55.96,54.3,57.29,54.9,3209227
2013-12-18,55.25,56.5,54.9,57.94,55.07,4136283
2013-12-19,55.96,57.57,55.07,57.83,55.81,1893211
2013-12-20,56.5,57.47,55.81,57.67,56.37,2954031
2013-12-23,57.57,57.45,56.37,57.655,57.07,1578464
2013-12-24,57.47,57.5,57.07,57.61,56.91,779696
2013-12-26,57.45,57.24,56.91,57.71,57.12,714431
2013-12-27,57.5,57.23,57.12,57.42,57.17,653055
2013-12-30,57.24,57.05,57.17,57.46,57.24,1127980
2013-12-31,57.23,57.45,57.24,57.55,57.12,941447
2014-01-02,57.05,57.1,57.12,57.1,56.92,1916160
2014-01-03,57.45,56.39,56.92,57.345,57.08,1866651
2014-01-06,57.1,57.4,57.08,57.7,56.15,1777472
2014-01-07,56.39,56.95,56.15,57.63,56.26,1463208
2014-01-08,57.4,57.33,56.26,58.54,56.56,2659468
2014-01-09,56.95,58.4,56.56,58.68,56.93,1757647
2014-01-10,57.33,58.51,56.93,59.01,57.17,1623330
2014-01-13,58.4,58.77,57.17,59.1,57.87,2946738
2014-01-14,58.51,59.16,57.87,59.95,58.14,2562236
2014-01-15,58.77,59.82,58.14,60.365,58.6,2335194
2014-01-16,59.16,60.24,58.6,60.5,59.02,1835957
2014-01-17,59.82,60.83,59.02,60.83,59.585,1699534
2014-01-21,60.24,60.69,59.585,60.88,60.04,3008458
2014-01-22,60.83,60.82,60.04,61.22,60.33,2769350
2014-01-23,60.69,60.48,60.33,60.51,59.86,3063559
2014-01-24,60.82,59.22,59.86,59.46,60.71,2656341
2014-01-27,60.48,57.9,60.71,58.37,59.405,4669012
2014-01-28,59.22,58.5,59.405,58.88,57.71,2536290
2014-01-29,57.9,57.67,57.71,58.2174,56.98,2163031
2014-01-30,58.5,58.42,56.98,60.11,57.91,3743153
2014-01-31,57.67,58.61,57.91,59.15,57.41,3529054
2014-02-03,58.42,58.15,57.41,58.48,58.42,2929252
2014-02-04,58.61,56.32,58.42,57.88,58.05,2911877
2014-02-05,58.15,57.58,58.05,57.7,56.075,2283870
2014-02-06,56.32,57.51,56.075,58.35,56.09,1609451
2014-02-07,57.58,58.46,56.09,59.465,56.96,1975290
2014-02-10,57.51,59.27,56.96,59.44,57.46,1760468
2014-02-11,58.46,59.0,57.46,60.0,58.13,2148202
2014-02-12,59.27,60.0,58.13,60.46,58.29,2347270
2014-02-13,59.0,59.45,58.29,60.38,58.88,3097011
2014-02-14,60.0,57.15,58.88,57.77,59.67,17862776
2014-02-18,59.45,55.38,59.67,56.04,59.37,6553839
2014-02-19,57.15,55.01,59.37,56.65,54.87,4838795
2014-02-20,55.38,56.14,54.87,57.535,54.96,4629755
2014-02-21,55.01,57.25,54.96,57.4,54.9,2407171
2014-02-24,56.14,56.45,54.9,56.98,56.045,2392783
2014-02-25,57.25,56.8,56.045,57.57,56.32,3375173
2014-02-26,56.45,56.98,56.32,57.62,56.4,2400946
2014-02-27,56.8,57.02,56.4,57.28,56.75,3123781
2014-02-28,56.98,56.45,56.75,57.11,56.75,2876261
2014-03-03,57.02,56.12,56.75,57.12,56.19,2488373
2014-03-04,56.45,57.22,56.19,58.0,56.4,2841919
2014-03-05,56.12,57.71,56.4,58.0,55.785,3113546
2014-03-06,57.22,58.39,55.785,59.32,56.98,5178833
2014-03-07,57.71,59.06,56.98,59.2,57.555,3247154
2014-03-10,58.39,58.29,57.555,58.34,58.14,2563418
2014-03-11,59.06,58.23,58.14,58.3,57.52,3421731
2014-03-12,58.29,56.52,57.52,57.08,57.6,1652324
2014-03-13,58.23,57.16,57.6,57.4,56.5,2318832
2014-03-14,56.52,55.61,56.5,55.98,56.01,1745218
2014-03-17,57.16,55.68,56.01,56.41,55.77,1437471
2014-03-18,55.61,55.97,55.77,56.81,55.23,1294681
2014-03-19,55.68,56.72,55.23,57.15,55.48,1804350
2014-03-20,55.97,56.54,55.48,56.93,55.84,1808447
2014-03-21,56.72,57.18,55.84,57.78,56.18,2762931
2014-03-24,56.54,56.08,56.18,56.23,56.16,1985703
2014-03-25,57.18,55.5,56.16,56.21,55.96,1727269
2014-03-26,56.08,55.4,55.96,55.99,54.66,2560731
2014-03-27,55.5,55.6,54.66,55.6,54.98,2972614
2014-03-28,55.4,54.85,54.98,55.25,55.16,2006941
2014-03-31,55.6,54.97,55.16,56.05,54.22,2190772
2014-04-01,54.85,56.2,54.22,56.62,54.42,2090720
2014-04-02,54.97,56.42,54.42,56.7,54.57,1919493
2014-04-03,56.2,56.77,54.57,57.14,55.835,1603010
2014-04-04,56.42,57.1,55.835,57.24,56.2,2307668
2014-04-07,56.77,55.56,56.2,55.66,56.27,2584538
2014-04-08,57.1,54.21,56.27,55.0,55.55,1842491
2014-04-09,55.56,55.44,55.55,55.61,53.94,2017519
2014-04-10,54.21,55.57,53.94,55.637,53.82,1966409
2014-04-11,55.44,53.69,53.82,54.05,54.375,2591968
2014-04-14,55.57,53.19,54.375,53.249,53.9,2840577
2014-04-15,53.69,52.84,53.9,53.36,52.65,2172515
2014-04-16,53.19,53.55,52.65,53.77,52.3075,1243513
2014-04-17,52.84,53.74,52.3075,54.89,51.96,2061997
2014-04-21,53.55,54.61,51.96,54.8,53.25,1185867
2014-04-22,53.74,54.7,53.25,55.6,53.61,1475541
2014-04-23,54.61,54.85,53.61,55.2,54.33,894232
2014-04-24,54.7,55.23,54.33,55.52,54.53,1806441
2014-04-25,54.85,55.25,54.53,55.25,54.571,1580495
2014-04-28,55.23,54.85,54.571,54.93,54.56,3009046
2014-04-29,55.25,53.29,54.56,53.55,54.07,3359741
2014-04-30,54.85,53.43,54.07,54.07,52.86,1678627
2014-05-01,53.29,53.94,52.86,54.87,51.97,1472407
2014-05-02,53.43,54.5,51.97,54.99,53.02,2080946
2014-05-05,53.94,54.31,53.02,55.345,53.66,2087256
2014-05-06,54.5,55.08,53.66,55.45,54.09,2224227
2014-05-07,54.31,55.13,54.09,55.13,53.888,2219204
2014-05-08,55.08,55.03,53.888,56.14,54.46,2209139
2014-05-09,55.13,55.26,54.46,55.63,54.27,1287905
2014-05-12,55.03,55.58,54.27,56.62,54.69,2042132
2014-05-13,55.26,56.63,54.69,56.98,54.81,1465527
2014-05-14,55.58,56.78,54.81,56.79,55.47,2591684
2014-05-15,56.63,54.6,55.47,56.15,56.4,5740663
2014-05-16,56.78,54.39,56.4,55.13,55.7,2405753
2014-05-19,54.6,54.9,55.7,55.226,53.75,2742131
2014-05-20,54.39,54.87,53.75,54.96,53.92,1840126
2014-05-21,54.9,54.58,53.92,55.14,54.7,1102300
2014-05-22,54.87,55.0,54.7,55.71,54.209,1686139
2014-05-23,54.58,55.65,54.209,56.22,54.44,3510829
2014-05-27,55.0,56.31,54.44,56.5,54.89,1190619
2014-05-28,55.65,56.41,54.89,57.23,55.175,1807185
2014-05-29,56.31,57.18,55.175,57.38,56.03,1558720
2014-05-30,56.41,56.87,56.03,57.11,56.31,2547039
2014-06-02,57.18,56.96,56.31,56.99,56.64,1274846
2014-06-03,56.87,56.73,56.64,57.49,56.24,1842298
2014-06-04,56.96,57.02,56.24,57.48,56.3,1145664
2014-06-05,56.73,57.45,56.3,58.75,56.68,1833063
2014-06-06,57.02,58.58,56.68,59.28,56.96,1285879
2014-06-09,57.45,59.0,56.96,59.58,57.41,1188782
2014-06-10,58.58,59.16,57.41,59.25,58.37,1267805
2014-06-11,59.0,58.33,58.37,59.13,58.7,1410610
2014-06-12,59.16,58.9,58.7,59.0,58.58,1677989
2014-06-13,58.33,58.53,58.58,58.87,58.31,1054865
2014-06-16,58.9,58.57,58.31,58.86,58.2,1174434
2014-06-17,58.53,58.27,58.2,59.2,58.18,1328510
2014-06-18,58.57,58.86,58.18,59.32,58.15,1114749
2014-06-19,58.27,59.2,58.15,59.54,58.1901,3149546
2014-06-20,58.86,57.84,58.1901,59.055,58.53,2029378
2014-06-23,59.2,58.71,58.53,58.86,58.15,1435625
2014-06-24,57.84,58.03,58.15,58.49,57.84,1125825
2014-06-25,58.71,57.61,57.84,58.1,57.97,1060501
2014-06-26,58.03,57.99,57.97,58.06,57.58,1102367
2014-06-27,57.61,57.52,57.58,58.14,57.41,1519046
2014-06-30,57.99,57.5,57.41,57.76,57.4,1314906
2014-07-01,57.52,57.74,57.4,58.44,57.175,2010785
2014-07-02,57.5,58.13,57.175,58.59,57.18,1414957
2014-07-03,57.74,58.19,57.18,58.54,57.38,600744
2014-07-07,58.13,58.2,57.38,58.25,57.78,949243
2014-07-08,58.19,57.84,57.78,57.925,58.021,1615912
2014-07-09,58.2,57.05,58.021,57.08,57.85,1278504
2014-07-10,57.84,56.41,57.85,56.63,56.92,1189340
2014-07-11,57.05,56.33,56.92,56.74,56.52,1183288
2014-07-14,56.41,56.92,56.52,57.07,56.01,1487761
2014-07-15,56.33,56.7,56.01,56.88,56.15,2094496
2014-07-16,56.92,56.88,56.15,57.1,56.6175,1868521
2014-07-17,56.7,56.47,56.6175,56.5,56.15,4404085
2014-07-18,56.88,55.42,56.15,56.25,56.83,1706174
2014-07-21,56.47,55.86,56.83,56.945,55.135,1983914
2014-07-22,55.42,57.0,55.135,58.17,55.29,2411722
2014-07-23,55.86,58.11,55.29,58.31,55.79,1453645
2014-07-24,57.0,57.6,55.79,57.74,56.95,2534358
2014-07-25,58.11,56.52,56.95,56.735,57.445,1719615
2014-07-28,57.6,56.49,57.445,56.53,56.71,1510223
2014-07-29,56.52,56.29,56.71,56.36,56.35,2003109
2014-07-30,56.49,56.22,56.35,56.805,55.89,1371335
2014-07-31,56.29,56.22,55.89,56.58,55.875,2708121
2014-08-01,56.22,56.19,55.875,56.4,56.02,957560
2014-08-04,56.22,56.19,56.02,56.4,55.83,957560
2014-08-05,56.19,55.9,55.83,56.11,55.59,1733728
2014-08-06,56.19,55.23,55.59,55.72,55.59,1568834
2014-08-07,55.9,55.98,55.59,56.0,55.1,1628472
2014-08-08,55.23,55.31,55.1,55.32,54.9,1766002
2014-08-11,55.98,55.44,54.9,55.65,54.98,1252725
2014-08-12,55.31,54.99,54.98,55.07,54.86,2642075
2014-08-13,55.44,54.48,54.86,54.97,55.06,1721261
2014-08-14,54.99,54.78,55.06,55.63,54.3,3478558
2014-08-15,54.48,58.95,54.3,59.06,54.189,5578794
2014-08-18,54.78,57.75,54.189,58.62,54.45,2761606
2014-08-19,58.95,58.52,54.45,58.75,57.35,1192963
2014-08-20,57.75,58.32,57.35,58.41,57.35,1846569
2014-08-21,58.52,58.36,57.35,58.48,58.16,1228385
2014-08-22,58.32,57.9,58.16,58.04,57.94,1439567
2014-08-25,58.36,57.88,57.94,58.15,57.97,967137
2014-08-26,57.9,57.75,57.97,57.9,57.48,888727
2014-08-27,57.88,58.0,57.48,58.0,57.58,1193004
2014-08-28,57.75,57.14,57.58,57.53,57.5377,1395449
2014-08-29,58.0,57.33,57.5377,57.5,57.29,1979934
2014-09-02,57.14,57.23,57.29,58.1,56.98,2015566
2014-09-03,57.33,58.21,56.98,58.46,57.08,1478032
2014-09-04,57.23,58.12,57.08,58.49,57.23,790594
2014-09-05,58.21,57.58,57.23,58.05,57.88,908184
2014-09-08,58.12,57.72,57.88,57.96,57.6,1345766
2014-09-09,57.58,57.69,57.6,57.8,57.3,1286053
2014-09-10,57.72,57.6,57.3,57.83,57.495,1477856
2014-09-11,57.69,57.52,57.495,57.72,57.45,995855
2014-09-12,57.6,57.61,57.45,58.63,57.175,2590395
2014-09-15,57.52,58.5,57.175,58.5,57.41,1621086
2014-09-16,57.61,57.82,57.41,58.11,57.61,1379832
2014-09-17,58.5,58.0,57.61,58.99,57.74,2710468
2014-09-18,57.82,59.2,57.74,59.4,57.37,2867046
2014-09-19,58.0,58.82,57.37,58.98,57.92,2173992
2014-09-22,59.2,58.13,57.92,58.19,58.31,1686631
2014-09-23,58.82,57.25,58.31,57.48,58.1,1632282
2014-09-24,58.13,56.88,58.1,58.04,57.27,1650529
2014-09-25,57.25,57.86,57.27,57.99,56.91,1629584
2014-09-26,56.88,56.79,56.91,56.94,56.78,2218441
2014-09-29,57.86,56.04,56.78,57.179,56.89,1626565
2014-09-30,56.79,57.21,56.89,57.4,56.07,2120557
2014-10-01,56.04,56.85,56.07,56.93,55.92,2481276
2014-10-02,57.21,56.13,55.92,56.24,56.82,1708052
2014-10-03,56.85,56.23,56.82,57.01,56.18,1577280
2014-10-06,56.13,57.06,56.18,57.16,55.29,1157370
2014-10-07,56.23,56.25,55.29,56.33,56.16,1515558
2014-10-08,57.06,55.06,56.16,56.52,56.43,2124682
2014-10-09,56.25,56.28,56.43,56.28,55.0,2526263
2014-10-10,55.06,54.91,55.0,55.02,54.8,5133638
2014-10-13,56.28,53.73,54.8,54.23,55.03,2527277
2014-10-14,54.91,53.04,55.03,53.39,53.42,3972861
2014-10-15,53.73,50.87,53.42,51.88,52.73,4723905
2014-10-16,53.04,50.78,52.73,52.12,51.77,5362096
2014-10-17,50.87,52.17,51.77,53.41,49.8,3810818
2014-10-20,50.78,52.07,49.8,52.38,50.55,4942206
2014-10-21,52.17,52.86,50.55,54.03,52.02,2231876
2014-10-22,52.07,53.77,52.02,53.86,50.86,2161086
2014-10-23,52.86,53.59,50.86,54.21,52.86,1754719
2014-10-24,53.77,53.7,52.86,54.11,52.99,1508194
2014-10-27,53.59,53.94,52.99,54.11,53.59,1105293
2014-10-28,53.7,54.12,53.59,54.67,53.51,1714329
2014-10-29,53.94,54.59,53.51,54.68,53.6,1484268
2014-10-30,54.12,53.91,53.6,54.38,53.88,2504261
2014-10-31,54.59,55.21,53.88,55.41,54.13,2087828
2014-11-03,53.91,39.9,54.13,41.24,53.75,4559916
2014-11-04,55.21,40.26,53.75,40.83,54.85,5765189
2014-11-05,39.9,40.61,54.85,40.67,39.49,2341387
2014-11-06,40.26,40.39,39.49,41.405,39.84,2968264
2014-11-07,40.61,41.39,39.84,41.48,39.98,2458734
2014-11-10,40.39,40.98,39.98,41.55,40.26,2583931
2014-11-11,41.39,41.52,40.26,42.11,40.86,2163823
2014-11-12,40.98,41.3,40.86,41.54,40.88,2504261
2014-11-13,41.52,41.55,40.88,41.74,41.34,1805461
2014-11-14,41.3,41.36,41.34,41.65,41.02,1331282
2014-11-17,41.55,41.57,41.02,41.7,41.26,2697164
2014-11-18,41.36,40.25,41.26,41.16,41.29,5891377
2014-11-19,41.57,40.82,41.29,41.33,41.21,4012147
2014-11-20,40.25,40.56,41.21,41.427,40.05,2303826
2014-11-21,40.82,41.75,40.05,42.38,40.7,5306170
2014-11-24,40.56,42.44,40.7,42.5,40.56,2122424
2014-11-25,41.75,42.33,40.56,42.87,41.7,2713879
2014-11-26,42.44,42.68,41.7,42.865,41.99,1752695
2014-11-28,42.33,42.74,41.99,42.985,42.31,1091780
2014-12-01,42.68,42.69,42.31,42.73,42.53,4411159
2014-12-02,42.74,41.6,42.53,42.1,42.59,2014436
2014-12-03,42.69,41.98,42.59,42.37,41.58,2250275
2014-12-04,41.6,42.15,41.58,42.68,41.55,1346823
2014-12-05,41.98,42.23,41.55,42.49,41.82,1019549
2014-12-08,42.15,42.23,41.82,42.51,42.02,1425753
2014-12-09,42.23,40.99,42.02,41.43,42.08,1803210
2014-12-10,42.23,41.36,42.08,41.36,41.415,2654911
2014-12-11,40.99,40.5,41.415,41.18,40.98,1640864
2014-12-12,41.36,40.2,40.98,40.62,40.31,2335765
2014-12-15,40.5,40.07,40.31,40.17,40.49,4510349
2014-12-16,40.2,38.3,40.49,39.48,39.71,3849394
2014-12-17,40.07,38.34,39.71,39.99,38.65,3508188
2014-12-18,38.3,40.48,38.65,40.8,38.1,3104066
2014-12-19,38.34,40.9,38.1,41.43,38.09,3736336
2014-12-22,40.48,41.38,38.09,41.88,40.11,1590221
2014-12-23,40.9,41.98,40.11,42.01,40.86,1872341
2014-12-24,41.38,41.42,40.86,41.525,41.38,1426901
2014-12-26,41.98,41.34,41.38,41.57,41.36,588034
2014-12-29,41.42,41.36,41.36,41.57,40.96,976423
2014-12-30,41.34,41.21,40.96,41.59,41.29,1323452
2014-12-31,41.36,41.39,41.29,41.79,41.312,1423993
2015-01-02,41.21,41.18,41.312,41.31,41.14,1530798
2015-01-05,41.39,40.32,41.14,40.46,40.9,2042240
2015-01-06,41.18,39.81,40.9,40.02,40.37,2084562
2015-01-07,40.32,39.52,40.37,39.81,39.7,3359660
2015-01-08,39.81,40.24,39.7,40.98,39.02,2116341
2015-01-09,39.52,41.0,39.02,41.0,39.29,1644939
2015-01-12,40.24,40.61,39.29,40.72,40.18,2771191
2015-01-13,41.0,40.47,40.18,40.7,40.29,2013474
2015-01-14,40.61,39.03,40.29,39.1,39.95,5134006
2015-01-15,40.47,39.33,39.95,39.408,39.33,2630296
2015-01-16,39.03,37.83,39.33,38.46,38.21,3003980
2015-01-20,39.33,38.43,38.21,38.66,37.99,5033605
2015-01-21,37.83,37.75,37.99,38.41,37.76,2721609
2015-01-22,38.43,38.51,37.76,39.86,37.76,4856573
2015-01-23,37.75,39.6,37.76,39.6,37.68,1519250
2015-01-26,38.51,38.79,37.68,39.17,38.12,1511214
2015-01-27,39.6,38.7,38.12,39.25,38.76,1703508
2015-01-28,38.79,39.01,38.76,39.05,38.47,2033523
2015-01-29,38.7,38.0,38.47,38.47,38.58,2329983
2015-01-30,39.01,38.01,38.58,38.32,37.96,3054313
2015-02-02,38.0,37.9,37.96,38.76,37.69,2508493
2015-02-03,38.01,39.04,37.69,39.63,37.71,2950375
2015-02-04,37.9,39.33,37.71,39.46,37.71,2567439
2015-02-05,39.04,39.22,37.71,39.82,38.92,1826367
2015-02-06,39.33,39.54,38.92,39.81,38.82,2697212
2015-02-09,39.22,39.23,38.82,39.43,39.22,3586102
2015-02-10,39.54,39.31,39.22,39.76,39.225,1408747
2015-02-11,39.23,39.64,39.225,39.81,38.95,3337005
2015-02-12,39.31,39.58,38.95,40.06,38.78,1317705
2015-02-13,39.64,39.97,38.78,40.31,39.2326,2211931
2015-02-17,39.58,40.01,39.2326,40.53,39.53,2875788
2015-02-18,39.97,41.12,39.53,42.2,39.91,9007218
2015-02-19,40.01,41.4,39.91,41.57,39.76,3737331
2015-02-20,41.12,41.09,39.76,42.11,40.91,2971880
2015-02-23,41.4,41.89,40.91,41.96,41.04,1967913
2015-02-24,41.09,41.62,41.04,42.105,40.88,1922102
2015-02-25,41.89,42.34,40.88,42.49,41.49,2343479
2015-02-26,41.62,42.23,41.49,42.38,41.6,1505418
2015-02-27,42.34,42.3,41.6,42.36,42.09,1676351
2015-03-02,42.23,42.34,42.09,42.74,42.0,1847082
2015-03-03,42.3,42.45,42.0,42.57,42.045,1635437
2015-03-04,42.34,41.95,42.045,42.16,42.34,1305992
2015-03-05,42.45,41.99,42.34,42.24,42.14,1376468
2015-03-06,41.95,41.95,42.14,42.05,41.73,1528564
2015-03-09,41.99,41.54,41.73,41.89,41.84,1492378
2015-03-10,41.95,41.22,41.84,41.27,41.49,1961299
2015-03-11,41.54,40.79,41.49,41.125,41.435,2064355
2015-03-12,41.22,40.99,41.435,41.24,40.63,2719895
2015-03-13,40.79,40.96,40.63,41.4562,40.67,4704560
2015-03-16,40.99,41.16,40.67,41.83,40.97,2551437
2015-03-17,40.96,41.52,40.97,41.69,40.515,1504881
2015-03-18,41.16,41.45,40.515,42.38,41.11,1295556
2015-03-19,41.52,42.05,41.11,42.25,41.06,1085684
2015-03-20,41.45,42.39,41.06,42.53,41.17,2315472
2015-03-23,42.05,42.12,41.17,42.44,41.82,1835393
2015-03-24,42.39,42.13,41.82,42.13,42.2,3625952
2015-03-25,42.12,41.17,42.2,41.695,42.0,2776181
2015-03-26,42.13,40.68,42.0,40.97,41.01,1573740
2015-03-27,41.17,40.6,41.01,41.18,40.79,1932749
2015-03-30,40.68,41.52,40.79,41.86,40.3703,2064181
2015-03-31,40.6,41.28,40.3703,41.78,40.58,1659179
2015-04-01,41.52,41.46,40.58,41.52,41.32,2170331
2015-04-02,41.28,41.47,41.32,42.13,41.102,2135918
2015-04-06,41.46,41.68,41.102,42.2,40.72,2379808
2015-04-07,41.47,41.94,40.72,42.52,41.33,3072418
2015-04-08,41.68,42.43,41.33,42.59,41.51,2443178
2015-04-09,41.94,42.16,41.51,42.59,41.87,1332519
2015-04-10,42.43,42.8,41.87,43.56,42.025,3370597
2015-04-13,42.16,43.59,42.025,43.59,42.07,3708641
2015-04-14,42.8,42.96,42.07,43.2,42.57,1777705
2015-04-15,43.59,43.28,42.57,43.56,42.99,1445622
2015-04-16,42.96,43.14,42.99,43.36,42.58,1070232
2015-04-17,43.28,42.74,42.58,43.05,43.18,2333369
2015-04-20,43.14,43.33,43.18,43.44,43.06,1410574
2015-04-21,42.74,43.42,43.06,43.5,42.6,1719710
2015-04-22,43.33,42.72,42.6,42.84,43.15,2726140
2015-04-23,43.42,42.42,43.15,42.86,42.87,3973179
2015-04-24,42.72,42.71,42.87,42.81,42.37,2200155
2015-04-27,42.42,42.74,42.37,42.77,42.24,2298298
2015-04-28,42.71,41.87,42.24,42.31,42.42,1803453
2015-04-29,42.74,42.04,42.42,42.2,41.965,2160963
2015-04-30,41.87,41.83,41.965,41.94,41.57,1726312
2015-05-01,42.04,41.41,41.57,41.93,41.44,1880177
2015-05-04,41.83,41.88,41.44,42.08,41.11,1073820
2015-05-05,41.41,41.72,41.11,41.85,41.24,1254801
2015-05-06,41.88,41.86,41.24,41.86,41.7,934611
2015-05-07,41.72,41.59,41.7,41.85,41.455,999682
2015-05-08,41.86,42.23,41.455,42.53,41.36,1034717
2015-05-11,41.59,42.39,41.36,42.83,41.31,975490
2015-05-12,42.23,42.36,41.31,42.5,42.21,2617833
2015-05-13,42.39,42.05,42.21,42.39,42.39,1992774
2015-05-14,42.36,42.18,42.39,42.2251,41.5,2883667
2015-05-15,42.05,42.14,41.5,42.26,41.71,2147413
2015-05-18,42.18,42.05,41.71,42.7,41.87,1966147
2015-05-19,42.14,41.57,41.87,42.83,41.99,5277345
2015-05-20,42.05,42.5,41.99,42.8378,41.98,2652326
2015-05-21,41.57,42.57,41.98,42.73,41.5,2126257
2015-05-22,42.5,42.27,41.5,42.67,42.43,1484752
2015-05-26,42.57,42.48,42.43,42.63,42.2,1919645
2015-05-27,42.27,42.27,42.2,42.93,42.07,2507443
2015-05-28,42.48,42.45,42.07,42.71,41.985,3347403
2015-05-29,42.27,41.79,41.985,41.83,42.1,5022554
2015-06-01,42.45,41.43,42.1,41.43,41.35,2440065
2015-06-02,41.79,40.94,41.35,41.14,40.82,2947454
2015-06-03,41.43,41.31,40.82,41.36,40.85,2722286
2015-06-04,40.94,40.89,40.85,41.08,40.67,4091870
2015-06-05,41.31,40.54,40.67,40.67,40.94,1760467
2015-06-08,40.89,40.26,40.94,40.35,40.01,1353411
2015-06-09,40.54,39.93,40.01,40.33,40.2,1439015
2015-06-10,40.26,40.4,40.2,40.59,39.91,1789330
2015-06-11,39.93,40.57,39.91,40.6,39.8303,1576987
2015-06-12,40.4,40.33,39.8303,40.49,40.27,2769551
2015-06-15,40.57,39.63,40.27,39.63,40.29,2361878
2015-06-16,40.33,39.59,40.29,39.81,39.735,1422563
2015-06-17,39.63,39.76,39.735,39.8,39.25,1519421
2015-06-18,39.59,39.8,39.25,40.055,39.38,1865267
2015-06-19,39.76,39.8,39.38,39.94,39.32,2658779
2015-06-22,39.8,39.81,39.32,40.01,39.72,3909250
2015-06-23,39.8,39.89,39.72,39.95,39.49,2053553
2015-06-24,39.81,39.47,39.49,40.45,39.73,6127695
2015-06-25,39.89,39.8,39.73,40.52,39.42,5265822
2015-06-26,39.47,40.0,39.42,40.17,39.025,3350458
2015-06-29,39.8,39.6,39.025,39.8,39.38,2516360
2015-06-30,40.0,39.08,39.38,39.19,39.775,3037436
2015-07-01,39.6,38.89,39.775,39.295,38.74,4486572
2015-07-02,39.08,39.36,38.74,39.64,38.48,2160799
2015-07-06,38.89,39.11,38.48,39.66,38.75,2509428
2015-07-07,39.36,39.53,38.75,39.79,39.15,2927761
2015-07-08,39.11,39.48,39.15,39.48,39.08,3390976
2015-07-09,39.53,39.27,39.08,39.33,39.1359,2237945
2015-07-10,39.48,39.29,39.1359,39.44,38.71,2107093
2015-07-13,39.27,39.72,38.71,40.0,38.91,1579730
2015-07-14,39.29,40.05,38.91,40.66,39.155,2801301
2015-07-15,39.72,40.42,39.155,40.52,39.54,2247745
2015-07-16,40.05,40.36,39.54,40.44,39.89,1826485
2015-07-17,40.42,40.2,39.89,40.33,40.02,2412373
2015-07-20,40.36,40.06,40.02,40.13,40.12,1155252
2015-07-21,40.2,39.97,40.12,40.01,39.84,1160904
2015-07-22,40.06,39.29,39.84,40.42,39.95,2949376
2015-07-23,39.97,40.37,39.95,40.37,39.54,1708801
2015-07-24,39.29,40.11,39.54,40.17,39.29,1844946
2015-07-27,40.37,39.04,39.29,39.65,40.01,5261424
2015-07-28,40.11,40.0,40.01,40.47,39.22,2768225
2015-07-29,39.04,40.5,39.22,40.73,38.61,2014066
2015-07-30,40.0,40.26,38.61,41.05,39.5,2440415
2015-07-31,40.5,41.05,39.5,41.14,40.24,2247715
2015-08-03,40.26,40.92,40.24,41.13,40.07,2104591
2015-08-04,41.05,40.94,40.07,41.35,40.78,1448062
2015-08-05,40.92,40.94,40.78,41.19,40.58,949479
2015-08-06,40.94,40.95,40.58,40.96,40.55,1932226
2015-08-07,40.94,40.14,40.55,40.2099,40.69,1513076
2015-08-10,40.95,40.24,40.69,40.64,39.91,1554542
2015-08-11,40.14,40.19,39.91,40.19,39.63,1575708
2015-08-12,40.24,39.05,39.63,39.11,40.16,3440282
2015-08-13,40.19,38.94,40.16,38.94,39.3,2848895
2015-08-14,39.05,38.62,39.3,38.73,38.27,2632739
2015-08-17,38.94,38.36,38.27,39.015,38.46,3302058
2015-08-18,38.62,39.11,38.46,40.35,38.32,6416891
2015-08-19,38.36,38.69,38.32,38.805,38.12,2730429
2015-08-20,39.11,38.01,38.12,38.31,39.0,2145028
2015-08-21,38.69,37.13,39.0,37.495,38.3,3828206
2015-08-24,38.01,33.87,38.3,36.01,37.5,4114990
2015-08-25,37.13,35.68,37.5,36.17,36.175,3802732
2015-08-26,33.87,35.36,36.175,35.7,33.57,3233814
2015-08-27,35.68,36.17,33.57,36.67,34.3,2406297
2015-08-28,35.36,36.45,34.3,36.66,34.47,1783861
2015-08-31,36.17,36.44,34.47,36.5525,35.89,2554666
2015-09-01,36.45,35.3,35.89,35.58,36.15,2954093
2015-09-02,36.44,35.41,36.15,35.53,35.95,2119191
2015-09-03,35.3,35.61,35.95,36.12,34.57,2140822
2015-09-04,35.41,35.04,34.57,35.51,34.88,2819027
2015-09-08,35.61,35.82,34.88,36.25,35.525,1787408
2015-09-09,35.04,36.5,35.525,36.8,34.9,1885293
2015-09-10,35.82,35.61,34.9,36.04,35.51,1628726
2015-09-11,36.5,35.66,35.51,35.96,35.44,1443721
2015-09-14,35.61,35.92,35.44,36.09,35.44,2223319
2015-09-15,35.66,35.75,35.44,36.295,35.44,1752721
2015-09-16,35.92,36.15,35.44,36.865,35.32,2130117
2015-09-17,35.75,36.63,35.32,36.99,35.51,1819067
2015-09-18,36.15,35.86,35.51,36.22,36.06,3352296
2015-09-21,36.63,35.96,36.06,36.07,36.29,2640363
2015-09-22,35.86,35.19,36.29,35.33,35.585,2283337
2015-09-23,35.96,35.1,35.585,35.24,35.41,1962552
2015-09-24,35.19,34.56,35.41,34.64,34.94,2028940
2015-09-25,35.1,34.7,34.94,35.02,34.81,2730672
2015-09-28,34.56,34.13,34.81,34.27,34.15,2615440
2015-09-29,34.7,33.36,34.15,34.06,34.1,2252364
2015-09-30,34.13,34.08,34.1,34.43,33.32,2545749
2015-10-01,33.36,34.32,33.32,34.48,33.245,3011460
2015-10-02,34.08,33.18,33.245,34.68,33.67,3519448
2015-10-05,34.32,35.04,33.67,35.39,33.48,1675429
2015-10-06,33.18,35.13,33.48,35.21,33.115,1833679
2015-10-07,35.04,35.2,33.115,35.78,34.84,3089575
2015-10-08,35.13,35.39,34.84,36.07,34.53,2598314
2015-10-09,35.2,35.94,34.53,36.34,35.1,3232938
2015-10-12,35.39,36.08,35.1,36.1786,35.34,1349866
2015-10-13,35.94,35.76,35.34,36.24,35.88,2383212
2015-10-14,36.08,35.64,35.88,35.77,35.86,1647407
2015-10-15,35.76,35.12,35.86,35.68,35.53,1432995
2015-10-16,35.64,35.69,35.53,36.02,34.97,1754319
2015-10-19,35.12,35.69,34.97,36.23,34.79,3685845
2015-10-20,35.69,36.11,34.79,36.52,35.37,2635777
2015-10-21,35.69,36.54,35.37,36.6,35.59,2886412
2015-10-22,36.11,36.03,35.59,36.95,36.03,3696278
2015-10-23,36.54,36.5,36.03,37.27,35.8,2732645
2015-10-26,36.03,36.98,35.8,37.11,36.0,1948411
2015-10-27,36.5,36.67,36.0,37.06,36.18,2557172
2015-10-28,36.98,37.06,36.18,37.61,36.686,1780126
2015-10-29,36.67,37.47,36.686,37.77,36.465,1352267
2015-10-30,37.06,37.72,36.465,38.1,36.77,2194619
2015-11-02,37.47,37.87,36.77,38.62,37.28,1810869
2015-11-03,37.72,38.31,37.28,38.52,37.68,1485779
2015-11-04,37.87,38.33,37.68,38.48,37.8,1569620
2015-11-05,38.31,38.27,37.8,38.5,38.16,1419963
2015-11-06,38.33,38.1,38.16,38.44,38.0,1964478
2015-11-09,38.27,38.04,38.0,38.08,37.93,3109588
2015-11-10,38.1,37.89,37.93,38.175,37.98,4339800
2015-11-11,38.04,38.16,37.98,38.22,37.48,1969168
2015-11-12,37.89,37.36,37.48,37.77,37.69,3096336
2015-11-13,38.16,37.39,37.69,37.57,37.65,3335092
2015-11-16,37.36,36.75,37.65,37.49,37.24,2490208
2015-11-17,37.39,36.5,37.24,38.5,36.63,7679493
2015-11-18,36.75,38.43,36.63,39.36,36.6,6589609
2015-11-19,36.5,39.16,36.6,39.695,36.5,7275136
2015-11-20,38.43,38.78,36.5,39.355,38.36,5447723
2015-11-23,39.16,39.29,38.36,40.07,38.31,6474141
2015-11-24,38.78,39.81,38.31,40.72,38.52,5669066
2015-11-25,39.29,40.59,38.52,41.5,39.14,3797067
2015-11-27,39.81,41.32,39.14,42.2,39.73,1935738
2015-11-30,40.59,41.97,39.73,42.05,40.47,3208114
2015-12-01,41.32,42.16,40.47,42.31,41.16,7989220
2015-12-02,41.97,41.07,41.16,41.46,41.61,4713210
2015-12-03,42.16,40.64,41.61,40.74,41.04,3314529
2015-12-04,41.07,40.23,41.04,41.205,40.37,2519309
2015-12-07,40.64,40.92,40.37,41.1,39.95,2004492
2015-12-08,40.23,40.61,39.95,41.28,40.13,4331832
2015-12-09,40.92,41.25,40.13,41.8,40.54,4133291
2015-12-10,40.61,40.96,40.54,41.66,40.42,3709240
2015-12-11,41.25,40.75,40.42,40.75,40.9125,2634362
2015-12-14,40.96,40.22,40.9125,40.54,40.65,2310538
2015-12-15,40.75,40.75,40.65,41.1,40.055,2195375
2015-12-16,40.22,41.01,40.055,41.57,39.9,2582642
2015-12-17,40.75,41.55,39.9,41.63,40.56,2218837
2015-12-18,41.01,40.56,40.56,40.7099,40.67,3364796
2015-12-21,41.55,40.51,40.67,41.12,40.77,1735159
2015-12-22,40.56,41.01,40.77,41.33,40.08,1643172
2015-12-23,40.51,41.62,40.08,41.86,40.44,1510716
2015-12-24,41.01,41.79,40.44,42.26,40.715,874549
2015-12-28,41.62,42.02,40.715,42.08,41.39,1458242
2015-12-29,41.79,42.08,41.39,42.48,41.67,1757360
2015-12-30,42.02,42.36,41.67,42.38,41.52,834358
2015-12-31,42.08,41.9,41.52,42.35,41.9201,1450968
2016-01-04,42.36,41.06,41.9201,41.19,42.01,3287335
2016-01-05,41.9,40.73,42.01,40.95,41.715,2587246
2016-01-06,41.06,40.24,41.715,40.99,40.34,2103619
2016-01-07,40.73,40.14,40.34,40.15,40.34,3504314
2016-01-08,40.24,39.22,40.34,39.705,40.05,3736768
2016-01-11,40.14,38.71,40.05,38.9,38.81,2818611
2016-01-12,39.22,38.43,38.81,38.58,38.465,1989379
2016-01-13,38.71,38.35,38.465,38.47,37.41,4206638
2016-01-14,38.43,36.94,37.41,37.8799,37.6462,2893372
2016-01-15,38.35,36.67,37.6462,37.56,36.715,2994386
2016-01-19,36.94,37.64,36.715,37.92,36.55,2506559
2016-01-20,36.67,36.68,36.55,37.61,36.55,2469088
2016-01-21,37.64,37.35,36.55,37.83,36.79,2298372
2016-01-22,36.68,37.91,36.79,38.18,36.13,1834467
2016-01-25,37.35,37.4,36.13,38.03,36.81,1831240
2016-01-26,37.91,37.89,36.81,37.96,37.58,1755032
2016-01-27,37.4,37.39,37.58,37.92,37.4,1479446
2016-01-28,37.89,37.27,37.4,37.27,37.36,3479452
2016-01-29,37.39,36.44,37.36,37.69,36.81,2959863
2016-02-01,37.27,37.37,36.81,37.945,36.01,2666567
2016-02-02,36.44,37.18,36.01,37.55,36.31,1742325
2016-02-03,37.37,37.27,36.31,37.36,37.0,2128426
2016-02-04,37.18,37.15,37.0,37.79,36.95,2833492
2016-02-05,37.27,37.26,36.95,37.31,36.29,4424609
2016-02-08,37.15,35.61,36.29,35.78,36.97,3888601
2016-02-09,37.26,34.21,36.97,35.77,35.83,3464464
2016-02-10,35.61,35.63,35.83,36.73,34.39,3169951
2016-02-11,34.21,35.12,34.39,35.61,34.15,3224004
2016-02-12,35.63,35.84,34.15,36.23,35.53,3923627
2016-02-16,35.12,36.72,35.53,37.17,34.935,2903649
2016-02-17,35.84,35.22,34.935,38.13,35.52,5382312
2016-02-18,36.72,37.73,35.52,37.96,36.4,2231481
2016-02-19,35.22,36.98,36.4,37.6,34.75,2339426
2016-02-22,37.73,37.88,34.75,38.19,37.09,1792962
2016-02-23,36.98,37.64,37.09,37.96,36.85,1282290
2016-02-24,37.88,36.65,36.85,37.5,37.78,1454952
2016-02-25,37.64,37.62,37.78,37.71,36.95,1453515
2016-02-26,36.65,37.75,36.95,37.92,36.47,944266
2016-02-29,37.62,37.59,36.47,37.7,36.96,2187500
2016-03-01,37.75,37.63,36.96,38.66,37.44,2760200
2016-03-02,37.59,38.49,37.44,39.27,37.33,3612508
2016-03-03,37.63,38.92,37.33,39.23,37.61,946823
2016-03-04,38.49,39.14,37.61,39.58,38.41,1124968
2016-03-07,38.92,39.04,38.41,39.68,38.74,1221574
2016-03-08,39.14,38.97,38.74,39.13,39.03,1801486
2016-03-09,39.04,38.31,39.03,38.4,38.96,1614633
2016-03-10,38.97,38.17,38.96,38.51,38.01,1614998
2016-03-11,38.31,38.43,38.01,39.272,37.96,1517348
2016-03-14,38.17,38.98,37.96,39.17,37.62,929638
2016-03-15,38.43,38.59,37.62,38.71,38.32,1059439
2016-03-16,38.98,38.09,38.32,39.105,38.41,1956125
2016-03-17,38.59,39.06,38.41,39.44,38.08,1895669
2016-03-18,38.09,39.33,38.08,40.48,38.02,2504361
2016-03-21,39.06,40.07,38.02,40.14,38.59,2172615
2016-03-22,39.33,39.56,38.59,40.04,39.27,1552312
2016-03-23,40.07,39.9,39.27,39.99,39.64,1554822
2016-03-24,39.56,39.16,39.64,39.45,39.445,993627
2016-03-28,39.9,39.54,39.445,39.75,39.37,1272724
2016-03-29,39.16,39.35,39.37,40.22,38.89,1091198
2016-03-30,39.54,40.36,38.89,40.58,39.14,783495
2016-03-31,39.35,40.01,39.14,40.1,39.11,3143468
2016-04-01,40.36,39.56,39.11,40.38,39.89,2857844
2016-04-04,40.01,40.32,39.89,40.52,39.66,2958061
2016-04-05,39.56,39.73,39.66,39.89,39.5,1900659
2016-04-06,40.32,39.29,39.5,40.25,39.8,1566612
2016-04-07,39.73,39.89,39.8,40.1,39.19,1373839
2016-04-08,39.29,39.69,39.19,39.97,39.17,1106293
2016-04-11,39.89,39.86,39.17,40.0,39.25,1049336
2016-04-12,39.69,39.47,39.25,39.825,39.4,992495
2016-04-13,39.86,39.52,39.4,41.0,39.35,2495340
2016-04-14,39.47,40.86,39.35,41.08,39.34,1347753
2016-04-15,39.52,40.77,39.34,40.95,39.5,1442264
2016-04-18,40.86,40.72,39.5,41.45,40.53,1536678
2016-04-19,40.77,41.18,40.53,41.74,40.625,1640774
2016-04-20,40.72,41.42,40.625,41.68,40.61,1243893
2016-04-21,41.18,41.5,40.61,41.995,41.13,1670389
2016-04-22,41.42,41.98,41.13,41.98,41.3,1396272
2016-04-25,41.5,41.71,41.3,41.86,41.42,1500449
2016-04-26,41.98,41.82,41.42,41.88,41.55,1868970
2016-04-27,41.71,41.35,41.55,41.75,41.53,1189462
2016-04-28,41.82,41.25,41.53,41.775,41.26,1549792
2016-04-29,41.35,40.92,41.26,41.04,41.04,2028332
2016-05-02,41.25,41.2,41.04,41.75,41.06,1285318
2016-05-03,40.92,41.32,41.06,41.49,40.26,1333991
2016-05-04,41.2,40.81,40.26,41.2,41.13,1602991
2016-05-05,41.32,40.64,41.13,41.03,40.91,1083956
2016-05-06,40.81,40.86,40.91,41.62,40.39,1403483
2016-05-09,40.64,41.51,40.39,41.78,40.51,1741539
2016-05-10,40.86,41.5,40.51,42.0,40.72,2094305
2016-05-11,41.51,42.19,40.72,43.2,41.29,3328961
2016-05-12,41.5,42.59,41.29,42.94,41.35,2504924
2016-05-13,42.19,42.55,41.35,42.93,42.12,2430565
2016-05-16,42.59,42.61,42.12,43.07,42.42,3979321
2016-05-17,42.55,44.96,42.42,45.34,42.39,7130371
2016-05-18,42.61,44.45,42.39,44.74,42.5,3476470
2016-05-19,44.96,44.07,42.5,44.82,43.63,3660160
2016-05-20,44.45,44.86,43.63,45.22,43.99,2567686
2016-05-23,44.07,44.89,43.99,44.96,43.975,1689755
2016-05-24,44.86,44.76,43.975,45.29,44.69,3236305
2016-05-25,44.89,45.12,44.69,45.61,44.53,2352424
2016-05-26,44.76,45.58,44.53,45.6,44.7,2569626
2016-05-27,45.12,45.55,44.7,45.85,45.12,1823120
2016-05-31,45.58,45.79,45.12,46.0,45.2,2256373
2016-06-01,45.55,45.75,45.2,46.095,45.37,1734386
2016-06-02,45.79,45.91,45.37,46.15,45.575,2209387
2016-06-03,45.75,45.73,45.575,45.85,45.45,2395816
2016-06-06,45.91,45.72,45.45,46.01,45.82,2359193
2016-06-07,45.73,45.81,45.82,45.95,45.19,1500872
2016-06-08,45.72,45.75,45.19,46.18,45.72,1552146
2016-06-09,45.81,45.98,45.72,46.18,45.6099,1204415
2016-06-10,45.75,45.73,45.6099,45.78,45.71,1261698
2016-06-13,45.98,45.32,45.71,45.52,45.88,1272833
2016-06-14,45.73,44.7,45.88,44.945,45.19,1624087
2016-06-15,45.32,45.11,45.19,45.38,44.905,2029194
2016-06-16,44.7,44.72,44.905,45.425,44.56,1784741
2016-06-17,45.11,45.42,44.56,45.42,44.9,3434813
2016-06-20,44.72,45.57,44.9,46.35,44.585,3161329
2016-06-21,45.42,46.21,44.585,46.33,44.87,2112964
2016-06-22,45.57,46.15,44.87,46.47,45.57,2412064
2016-06-23,46.21,46.5,45.57,46.68,45.76,1487938
2016-06-24,46.15,44.56,45.76,45.065,45.945,5263644
2016-06-27,46.5,43.63,45.945,43.71,46.39,4328364
2016-06-28,44.56,42.67,46.39,43.11,43.92,4300845
2016-06-29,43.63,43.55,43.92,43.98,41.98,2402578
2016-06-30,42.67,43.68,41.98,44.4,42.155,2181066
2016-07-01,43.55,44.36,42.155,44.8,43.19,1591476
2016-07-05,43.68,44.31,43.19,44.35,43.59,1813468
2016-07-06,44.36,43.65,43.59,44.55,44.31,2312133
2016-07-07,44.31,44.47,44.31,44.74,43.63,1861536
2016-07-08,43.65,44.86,43.63,45.55,43.36,1838137
2016-07-11,44.47,45.61,43.36,45.77,44.18,1094683
2016-07-12,44.86,45.77,44.18,46.66,44.86,2237748
2016-07-13,45.61,46.64,44.86,46.82,45.35,1852475
2016-07-14,45.77,46.86,45.35,46.98,45.64,1192500
2016-07-15,46.64,46.96,45.64,46.96,46.325,1202638
2016-07-18,46.86,46.6,46.325,46.875,46.69,1362884
2016-07-19,46.96,46.67,46.69,47.0,46.55,2583860
2016-07-20,46.6,46.96,46.55,47.18,46.341,2124914
2016-07-21,46.67,46.98,46.341,47.14,46.49,1226365
2016-07-22,46.96,46.72,46.49,46.79,46.82,1512440
2016-07-25,46.98,46.49,46.82,46.52,46.465,1720649
2016-07-26,46.72,46.21,46.465,46.95,46.42,1792674
2016-07-27,46.49,47.0,46.42,47.46,45.92,1572573
2016-07-28,46.21,47.19,45.92,47.75,45.79,1945517
2016-07-29,47.0,47.49,45.79,48.175,46.73,1881372
2016-08-01,47.19,48.11,46.73,48.11,47.02,1604639
2016-08-02,47.49,47.71,47.02,47.75,47.36,1595948
2016-08-03,48.11,47.1,47.36,47.18,47.62,1508868
2016-08-04,47.71,47.16,47.62,47.33,46.97,1700182
2016-08-05,47.1,47.1,46.97,47.54,46.9,1250805
2016-08-08,47.16,47.57,46.9,47.67,46.74,1311724
2016-08-09,47.1,47.11,46.74,47.625,47.1,1006170
2016-08-10,47.57,47.51,47.1,47.58,47.14,754137
2016-08-11,47.11,47.62,47.14,48.19,47.11,1377024
2016-08-12,47.51,47.97,47.11,48.195,47.21,1538976
2016-08-15,47.62,48.17,47.21,48.62,47.47,2323589
2016-08-16,47.97,48.27,47.47,48.54,47.7,3175994
2016-08-17,48.17,48.63,47.7,48.63,48.12,3154934
2016-08-18,48.27,46.88,48.12,47.34,48.117,4660295
2016-08-19,48.63,46.58,48.117,47.79,48.08,3340438
2016-08-22,46.88,47.63,48.08,47.848,46.09,1626833
2016-08-23,46.58,47.73,46.09,48.085,46.57,1645348
2016-08-24,47.63,47.74,46.57,47.82,47.38,2634707
2016-08-25,47.73,46.67,47.38,47.42,47.68,2160074
2016-08-26,47.74,47.41,47.68,47.79,46.63,1581245
2016-08-29,46.67,47.45,46.63,47.89,46.61,1332975
2016-08-30,47.41,47.66,46.61,47.81,47.07,2231203
2016-08-31,47.45,47.12,47.07,47.19,47.31,1676587
2016-09-01,47.66,47.03,47.31,47.22,47.08,1257886
2016-09-02,47.12,47.23,47.08,47.39,46.8075,1424454
2016-09-06,47.03,46.9,46.8075,47.11,46.8075,1460928
2016-09-07,47.23,47.07,46.8075,47.17,46.89,1542576
2016-09-08,46.9,47.07,46.89,47.16,46.72,884738
2016-09-09,47.07,46.51,46.72,46.53,46.86,2507018
2016-09-12,47.07,44.59,46.86,45.81,46.94,1835434
2016-09-13,46.51,45.36,46.94,45.42,44.87,3461832
2016-09-14,44.59,45.01,44.87,45.1,44.47,1604806
2016-09-15,45.36,44.86,44.47,45.68,44.61,1733971
2016-09-16,45.01,45.39,44.61,45.39,44.6,2592850
2016-09-19,44.86,44.9,44.6,45.48,44.81,1927900
2016-09-20,45.39,45.33,44.81,45.95,44.74,2333122
2016-09-21,44.9,45.98,44.74,46.25,44.86,1612736
2016-09-22,45.33,46.38,44.86,46.7,45.15,1307074
2016-09-23,45.98,46.43,45.15,46.87,45.41,1957032
2016-09-26,46.38,46.46,45.41,46.77,46.29,2639060
2016-09-27,46.43,46.53,46.29,46.71,46.31,1587143
2016-09-28,46.46,46.9,46.31,47.26,46.16,1502533
2016-09-29,46.53,47.05,46.16,47.27,46.23,1938218
2016-09-30,46.9,46.5,46.23,47.315,46.52,1754316
2016-10-03,47.05,46.82,46.52,47.23,46.14,1539625
2016-10-04,46.5,47.07,46.14,47.3,46.3,1763985
2016-10-05,46.82,47.04,46.3,47.31,46.82,1432268
2016-10-06,47.07,47.01,46.82,47.43,46.67,1772801
2016-10-07,47.04,47.33,46.67,47.49,46.9275,1663127
2016-10-10,47.01,47.58,46.9275,48.15,46.88,1544958
2016-10-11,47.33,47.19,46.88,47.19,46.99,2912537
2016-10-12,47.58,45.78,46.99,45.815,47.55,1736076
2016-10-13,47.19,44.84,47.55,45.32,45.42,1336023
2016-10-14,45.78,45.38,45.42,45.62,45.42,997137
2016-10-17,44.84,45.08,45.42,45.47,44.755,1160321
2016-10-18,45.38,45.7,44.755,45.83,45.08,1949108
2016-10-19,45.08,45.41,45.08,46.15,44.9999,1769090
2016-10-20,45.7,46.0,44.9999,46.215,45.27,1493608
2016-10-21,45.41,45.67,45.27,45.67,45.34,1011340
2016-10-24,46.0,45.88,45.34,45.95,45.65,1666388
2016-10-25,45.67,45.26,45.65,45.59,45.29,3949609
2016-10-26,45.88,43.42,45.29,43.82,45.64,2146178
2016-10-27,45.26,43.97,45.64,44.19,43.17,2393625
2016-10-28,43.42,43.38,43.17,43.87,43.24,1471348
2016-10-31,43.97,43.33,43.24,43.7,43.35,1556762
2016-11-01,43.38,43.73,43.35,44.11,43.11,2133116
2016-11-02,43.33,43.47,43.11,43.73,43.18,2240428
2016-11-03,43.73,43.33,43.18,44.0,43.14,2510054
2016-11-04,43.47,43.69,43.14,44.915,43.24,2220908
2016-11-07,43.33,44.99,43.24,45.76,43.18,1723957
2016-11-08,43.69,45.48,43.18,45.9599,43.69,2136740
2016-11-09,44.99,45.41,43.69,46.09,44.95,3501243
2016-11-10,45.48,46.6,44.95,47.38,45.32,2558722
2016-11-11,45.41,46.77,45.32,46.87,44.49,2219255
2016-11-14,46.6,46.66,44.49,46.73,46.34,3443200
2016-11-15,46.77,45.33,46.34,46.0,46.21,4710170
2016-11-16,46.66,46.3,46.21,47.8,45.18,4026754
2016-11-17,45.33,46.16,45.18,46.16,44.95,2070609
2016-11-18,46.3,45.91,44.95,46.2,46.15,3148538
2016-11-21,46.16,45.22,46.15,45.24,45.55,2540067
2016-11-22,45.91,44.94,45.55,45.16,45.01,2831226
2016-11-23,45.22,44.18,45.01,44.78,44.65,1926275
2016-11-25,44.94,44.74,44.65,45.005,43.77,877140
2016-11-28,44.18,44.52,43.77,44.69,43.97,2241795
2016-11-29,44.74,43.6,43.97,44.63,44.62,1952118
2016-11-30,44.52,44.79,44.62,44.9,43.58,2238575
2016-12-01,43.6,44.08,43.58,44.1,43.52,2823273
2016-12-02,44.79,43.27,43.52,44.09,43.94,2153515
2016-12-05,44.08,44.21,43.94,44.69,42.92,2495020
2016-12-06,43.27,44.58,42.92,44.9,43.27,1136658
2016-12-07,44.21,44.56,43.27,44.99,44.21,1815238
2016-12-08,44.58,44.99,44.21,45.83,44.2,1848936
2016-12-09,44.56,45.91,44.2,46.32,44.11,1937622
2016-12-12,44.99,46.18,44.11,46.75,44.77,1851517
2016-12-13,45.91,46.31,44.77,46.61,45.85,1734678
2016-12-14,46.18,46.43,45.85,46.79,46.11,2044052
2016-12-15,46.31,46.08,46.11,46.77,46.16,1338905
2016-12-16,46.43,46.61,46.16,46.92,46.0,2103155
2016-12-19,46.08,45.89,46.0,46.22,45.9201,1084164
2016-12-20,46.61,45.75,45.9201,46.31,45.81,1552366
2016-12-21,45.89,46.21,45.81,46.36,45.36,1652288
2016-12-22,45.75,45.93,45.36,46.13,45.54,968296
2016-12-23,46.21,46.08,45.54,46.23,45.86,727682
2016-12-27,45.93,46.37,45.86,46.655,45.8,1535489
2016-12-28,46.08,46.51,45.8,46.7,45.93,1177275
2016-12-29,46.37,45.68,45.93,46.0,46.32,891398
2016-12-30,46.51,45.76,46.32,45.82,45.68,1216100
2017-01-03,45.68,45.93,45.68,46.75,45.57,1739726
2017-01-04,45.76,46.93,45.57,47.38,45.375,1821264
2017-01-05,45.93,47.05,45.375,47.07,45.74,1503763
2017-01-06,46.93,46.63,45.74,48.07,46.8162,2883483
2017-01-09,47.05,48.01,46.8162,48.555,46.355,2575328
2017-01-10,46.63,48.34,46.355,48.54,46.56,1560549
2017-01-11,48.01,48.03,46.56,49.48,47.905,5624332
2017-01-12,48.34,48.9,47.905,48.9,47.82,3276952
2017-01-13,48.03,48.6,47.82,48.85,47.95,1568923
2017-01-17,48.9,48.37,47.95,48.715,47.98,1939449
2017-01-18,48.6,48.67,47.98,48.73,48.41,1523508
2017-01-19,48.37,48.04,48.41,48.09,48.175,1346142
2017-01-20,48.67,47.83,48.175,47.93,48.0,1701695
2017-01-23,48.04,47.6,48.0,47.83,47.51,2013878
2017-01-24,47.83,47.77,47.51,48.21,47.4139,2741915
2017-01-25,47.6,47.6,47.4139,48.42,47.23,3073228
2017-01-26,47.77,48.42,47.23,48.43,47.05,1895562
2017-01-27,47.6,48.32,47.05,48.825,47.41,1527822
2017-01-30,48.42,48.48,47.41,48.55,47.915,2266487
2017-01-31,48.32,48.04,47.915,49.145,48.3,2552612
2017-02-01,48.48,48.93,48.3,49.81,47.385,2244604
2017-02-02,48.04,48.88,47.385,49.0,48.01,1352525
2017-02-03,48.93,49.09,48.01,49.47,48.68,1191855
2017-02-06,48.88,49.13,48.68,49.38,48.47,952095
2017-02-07,49.09,49.42,48.47,49.78,49.06,2170720
2017-02-08,49.13,49.37,49.06,50.03,48.96,2107079
2017-02-09,49.42,50.1,48.96,50.8,49.26,2557747
2017-02-10,49.37,50.51,49.26,50.59,49.23,2092479
2017-02-13,50.1,50.63,49.23,50.89,50.0,1568350
2017-02-14,50.51,50.24,50.0,50.68,50.02,3546878
2017-02-15,50.63,51.14,50.02,51.84,50.42,5724488
2017-02-16,50.24,51.68,50.42,51.68,50.09,2550439
2017-02-17,51.14,50.65,50.09,51.64,50.62,2195788
2017-02-21,51.68,51.66,50.62,51.8,50.56,2036993
2017-02-22,50.65,51.31,50.56,51.723,50.58,1632886
2017-02-23,51.66,51.44,50.58,51.6,51.17,1006867
2017-02-24,51.31,51.38,51.17,51.83,51.19,1612698
2017-02-27,51.44,51.74,51.19,51.94,51.2,1195138
2017-02-28,51.38,51.52,51.2,51.65,51.33,1417772
2017-03-01,51.74,51.62,51.33,52.26,51.46,2026600
2017-03-02,51.52,52.04,51.46,52.08,51.23,1706500
2017-03-03,51.62,51.38,51.23,52.04,51.62,1824423
2017-03-06,52.04,51.64,51.62,51.82,51.33,1884477
2017-03-07,51.38,51.06,51.33,51.445,51.15,2233561
2017-03-08,51.64,51.26,51.15,51.565,51.175,1517642
2017-03-09,51.06,51.42,51.175,51.58,50.86,1259407
2017-03-10,51.26,51.69,50.86,52.355,50.95,1860508
2017-03-13,51.42,52.14,50.95,52.46,51.13,1376191
2017-03-14,51.69,52.24,51.13,52.26,51.48,1203368
2017-03-15,52.14,53.31,51.48,54.82,51.99,4117983
2017-03-16,52.24,53.43,51.99,54.05,51.96,2676915
2017-03-17,53.31,53.06,51.96,53.53,53.02,1936902
2017-03-20,53.43,53.33,53.02,53.63,52.83,1221409
2017-03-21,53.06,53.28,52.83,53.7335,52.92,1492698
2017-03-22,53.33,52.79,52.92,53.47,53.0,1257072
2017-03-23,53.28,53.04,53.0,53.78,52.48,1717929
2017-03-24,52.79,54.05,52.48,54.05,52.65,2015289
2017-03-27,53.04,52.6,52.65,53.34,52.72,1446568
2017-03-28,54.05,53.29,52.72,53.61,52.84,1312688
2017-03-29,52.6,53.26,52.84,53.42,52.42,1469882
2017-03-30,53.29,53.06,52.42,53.425,53.095,1627592
2017-03-31,53.26,53.07,53.095,53.23,52.78,1705625
2017-04-03,53.06,52.9,52.78,53.21,52.9,1550227
2017-04-04,53.07,53.2,52.9,53.24,52.81,2017094
2017-04-05,52.9,52.72,52.81,53.22,52.73,1778251
2017-04-06,53.2,52.7,52.73,53.23,52.48,1548170
2017-04-07,52.72,53.07,52.48,53.07,52.695,1243550
2017-04-10,52.7,52.9,52.695,53.26,52.26,1025248
2017-04-11,53.07,52.7,52.26,52.9,52.7,1520703
2017-04-12,52.9,52.85,52.7,53.03,52.68,1258152
2017-04-13,52.7,52.43,52.68,52.74,52.37,863990
2017-04-17,52.85,52.63,52.37,53.705,52.47,1569436
2017-04-18,52.43,53.02,52.47,53.6,52.31,1241164
2017-04-19,52.63,53.35,52.31,53.42,52.43,2096351
2017-04-20,53.02,53.33,52.43,53.4,52.68,1569985
2017-04-21,53.35,53.26,52.68,53.39,52.95,2189351
2017-04-24,53.33,53.93,52.95,54.525,52.79,2257682
2017-04-25,53.26,54.75,52.79,55.19,52.8399,2181857
2017-04-26,53.93,55.0,52.8399,55.33,53.91,1834961
2017-04-27,54.75,54.93,53.91,55.505,54.51,1529024
2017-04-28,55.0,55.31,54.51,55.35,54.805,3078163
2017-05-01,54.93,55.5,54.805,55.99,54.83,1897018
2017-05-02,55.31,55.85,54.83,55.97,54.835,1693069
2017-05-03,55.5,55.68,54.835,56.2575,55.36,1702565
2017-05-04,55.85,56.2,55.36,56.75,55.51,2615560
2017-05-05,55.68,56.85,55.51,56.96,55.61,1571536
2017-05-08,56.2,56.65,55.61,56.82,56.16,2189984
2017-05-09,56.85,56.42,56.16,56.89,56.59,1559975
2017-05-10,56.65,56.85,56.59,56.94,55.93,1566289
2017-05-11,56.42,56.13,55.93,56.38,56.29,1347633
2017-05-12,56.85,56.16,56.29,56.4,56.08,1578292
2017-05-15,56.13,56.07,56.08,56.76,55.8,1472226
2017-05-16,56.16,58.38,55.8,58.38,55.96,1032600
2017-05-17,56.07,56.31,55.96,56.37,56.01,1839737
2017-05-18,58.38,55.9,56.01,56.27,56.45,1934996
2017-05-19,56.31,56.09,56.45,56.32,55.67,1654441
2017-05-22,55.9,56.52,55.67,56.52,55.6,4264780
2017-05-23,56.09,59.8,55.6,59.98,55.86,7510578
2017-05-24,56.52,58.5,55.86,59.34,55.85,4105470
2017-05-25,59.8,59.53,55.85,59.7,58.0,2772812
2017-05-26,58.5,59.23,58.0,59.72,58.0725,1535237
2017-05-30,59.53,59.54,58.0725,60.48,58.92,2576416
2017-05-31,59.23,59.45,58.92,60.81,59.041,2552411
2017-06-01,59.54,60.01,59.041,60.77,59.41,2100441
2017-06-02,59.45,60.8,59.41,61.15,59.45,1666245
2017-06-05,60.01,60.8,59.45,60.84,59.81,1473282
2017-06-06,60.8,60.14,59.81,60.545,60.76,1968022
2017-06-07,60.8,60.26,60.76,60.765,60.33,1617604
2017-06-08,60.14,60.62,60.33,60.725,60.1,3486602
2017-06-09,60.26,60.31,60.1,60.45,59.98,2352814
2017-06-12,60.62,59.14,59.98,59.41,59.71,2579658
2017-06-13,60.31,59.07,59.71,59.64,59.13,1527210
2017-06-14,59.14,59.54,59.13,59.78,57.92,1203468
2017-06-15,59.07,59.22,57.92,59.29,58.93,1092596
2017-06-16,59.54,59.37,58.93,59.79,59.05,2157514
2017-06-19,59.22,59.58,59.05,60.67,58.82,2383659
2017-06-20,59.37,60.55,58.82,60.92,59.235,1821710
2017-06-21,59.58,60.31,59.235,60.53,59.58,2247944
2017-06-22,60.55,59.94,59.58,60.8,60.295,3473861
2017-06-23,60.31,60.59,60.295,60.59,59.67,2879785
2017-06-26,59.94,59.79,59.67,59.95,59.61,1535542
2017-06-27,60.59,59.13,59.61,59.57,59.5001,1060391
2017-06-28,59.79,59.27,59.5001,59.7,59.15,1191537
2017-06-29,59.13,59.35,59.15,59.63,58.84,1357538
2017-06-30,59.27,59.0,58.84,59.57,59.2,1593786
2017-07-03,59.35,59.59,59.2,59.98,58.49,1489574
2017-07-05,59.0,59.19,58.49,60.05,58.835,1638980
2017-07-06,59.59,59.46,58.835,59.77,59.13,2249516
2017-07-07,59.19,59.53,59.13,60.07,59.19,965439
2017-07-10,59.46,59.48,59.19,60.045,59.07,1146033
2017-07-11,59.53,59.99,59.07,60.16,59.33,2976519
2017-07-12,59.48,60.33,59.33,60.99,59.38,1439395
2017-07-13,59.99,61.25,59.38,61.31,59.46,2060109
2017-07-14,60.33,61.28,59.46,61.655,60.16,1286073
2017-07-17,61.25,61.6,60.16,61.84,60.67,1332751
2017-07-18,61.28,61.43,60.67,61.54,60.915,1520122
2017-07-19,61.6,61.32,60.915,61.64,61.4,1512177
2017-07-20,61.43,61.45,61.4,61.55,60.95,2009405
2017-07-21,61.32,60.83,60.95,61.6,61.17,1283236
2017-07-24,61.45,61.38,61.17,61.58,60.81,973808
2017-07-25,60.83,61.57,60.81,61.66,60.76,1691988
2017-07-26,61.38,60.58,60.76,60.81,61.25,2520698
2017-07-27,61.57,59.82,61.25,60.24,60.38,1944962
2017-07-28,60.58,59.91,60.38,60.23,59.39,1236434
2017-07-31,59.82,60.32,59.39,60.62,59.6,1043729
2017-08-01,59.91,60.04,59.6,60.2899,59.61,1324251
2017-08-02,60.32,60.0,59.61,60.33,59.76,1121566
2017-08-03,60.04,60.15,59.76,60.44,59.805,983246
2017-08-04,60.0,60.52,59.805,60.74,59.52,778762
2017-08-07,60.15,60.16,59.52,60.89,59.97,975738
2017-08-08,60.52,60.67,59.97,60.98,60.01,1162440
2017-08-09,60.16,60.07,60.01,60.23,60.005,1965048
2017-08-10,60.67,59.35,60.005,59.5,60.08,2471473
2017-08-11,60.07,58.7,60.08,59.7,59.38,1511552
2017-08-14,59.35,59.8,59.38,60.04,58.22,2409765
2017-08-15,58.7,59.7,58.22,59.88,58.69,2933295
2017-08-16,59.8,62.15,58.69,62.42,59.55,6892023
2017-08-17,59.7,62.0,59.55,62.07,59.11,3501640
2017-08-18,62.15,60.76,59.11,61.72,60.76,2357872
2017-08-21,62.0,61.09,60.76,62.0,60.78,1486144
2017-08-22,60.76,61.87,60.78,63.02,60.28,1666369
2017-08-23,61.09,62.72,60.28,63.365,60.96,1445677
2017-08-24,61.87,62.87,60.96,63.15,61.85,1584503
2017-08-25,62.72,63.06,61.85,63.14,62.6,1352761
2017-08-28,62.87,63.1,62.6,63.575,62.35,1290434
2017-08-29,63.06,63.04,62.35,63.63,62.67,1206649
2017-08-30,63.1,63.4,62.67,63.93,62.97,1072530
2017-08-31,63.04,64.0,62.97,64.83,63.021,1930071
2017-09-01,63.4,64.9,63.021,65.18,63.39,1224667
2017-09-05,64.0,64.02,63.39,64.48,63.9,910613
2017-09-06,64.9,64.56,63.9,64.81,64.21,974511
2017-09-07,64.02,64.85,64.21,65.245,63.81,1075757
2017-09-08,64.56,65.15,63.81,65.68,64.05,1588439
2017-09-11,64.85,65.5,64.05,66.27,64.49,1770025
2017-09-12,65.15,66.27,64.49,66.42,64.83,1082149
2017-09-13,65.5,65.91,64.83,66.22,65.38,2042563
2017-09-14,66.27,65.31,65.38,65.87,65.89,1481022
2017-09-15,65.91,65.68,65.89,66.13,65.41,2295974
2017-09-18,65.31,66.09,65.41,66.3,65.16,1562007
2017-09-19,65.68,66.25,65.16,66.45,65.62,1238004
2017-09-20,66.09,66.31,65.62,66.36,65.7,1186007
2017-09-21,66.25,65.88,65.7,66.14,66.0,874785
2017-09-22,66.31,65.85,66.0,66.27,65.77,1296244
2017-09-25,65.88,65.8,65.77,65.9,65.63,1841833
2017-09-26,65.85,64.65,65.63,64.9,65.71,1615338
2017-09-27,65.8,64.27,65.71,64.66,64.44,1272526
2017-09-28,64.65,64.25,64.44,64.62,63.91,1126243
2017-09-29,64.27,64.0,63.91,64.275,64.05,1672816
2017-10-02,64.25,64.29,64.05,65.07,63.97,1693854
2017-10-03,64.0,65.06,63.97,65.78,63.72,1216981
2017-10-04,64.29,65.15,63.72,65.87,64.21,745628
2017-10-05,65.06,65.85,64.21,65.99,65.06,1974081
2017-10-06,65.15,65.68,65.06,66.38,65.15,1405100
2017-10-09,65.85,66.49,65.15,66.77,65.52,1542307
2017-10-10,65.68,66.68,65.52,66.86,65.66,1143075
2017-10-11,66.49,66.68,65.66,66.97,66.02,1794800
2017-10-12,66.68,66.65,66.02,67.6,66.22,1454994
2017-10-13,66.68,67.63,66.22,67.82,66.34,943164
2017-10-16,66.65,67.2,66.34,67.37,66.54,1473459
2017-10-17,67.63,66.68,66.54,66.68,66.89,1711833
2017-10-18,67.2,66.38,66.89,66.585,66.77,1150468
2017-10-19,66.68,66.44,66.77,66.975,65.99,1359119
2017-10-20,66.38,67.19,65.99,67.53,66.07,1506112
2017-10-23,66.44,67.45,66.07,67.68,66.06,1267570
2017-10-24,67.19,67.31,66.06,67.55,67.07,1975704
2017-10-25,67.45,67.9,67.07,68.52,66.93,1590537
2017-10-26,67.31,67.53,66.93,67.83,66.88,1418152
2017-10-27,67.9,67.81,66.88,68.01,67.03,1440996
2017-10-30,67.53,67.8,67.03,67.93,67.2,846605
2017-10-31,67.81,67.74,67.2,68.17,67.41,1614432
2017-11-01,67.8,68.2,67.41,68.44,67.1,1357998
2017-11-02,67.74,68.08,67.1,68.38,67.54,1856865
2017-11-03,68.2,68.09,67.54,68.67,67.84,1072288
2017-11-06,68.08,68.27,67.84,68.45,67.81,995731
2017-11-07,68.09,68.32,67.81,68.64,68.01,956466
2017-11-08,68.27,68.1,68.01,68.33,67.87,977616
2017-11-09,68.32,67.92,67.87,67.98,68.04,1665042
2017-11-10,68.1,69.22,68.04,69.49,67.771,1439275
2017-11-13,67.92,66.45,67.771,67.39,66.91,1536388
2017-11-14,69.22,66.98,66.91,67.8,69.17,2426247
2017-11-15,66.45,67.29,69.17,67.56,66.25,2042296
2017-11-16,66.98,67.5,66.25,68.95,66.89,2300408
2017-11-17,67.29,68.53,66.89,69.09,66.91,1823122
2017-11-20,67.5,69.28,66.91,70.23,67.45,4143453
2017-11-21,68.53,70.05,67.45,70.81,68.29,5330554
2017-11-22,69.28,69.14,68.29,69.37,68.95,3041728
2017-11-24,70.05,68.84,68.95,69.39,67.7,1015411
2017-11-27,69.14,69.22,67.7,69.49,68.3,1439275
2017-11-28,68.84,69.56,68.3,70.93,68.78,2473433
2017-11-29,69.22,70.5,68.78,70.84,69.17,1904175
2017-11-30,69.56,68.97,69.17,69.59,69.42,1922514
2017-12-01,70.5,69.19,69.42,70.0,68.45,2516564
2017-12-04,68.97,68.94,68.45,69.17,68.21,2899424
2017-12-05,69.19,66.2,68.21,67.0,67.23,2383974
2017-12-06,68.94,65.88,67.23,66.25,66.18,1690108
2017-12-07,66.2,65.91,66.18,66.8811,65.73,2294513
2017-12-08,65.88,66.94,65.73,67.5468,65.601,2195577
2017-12-11,65.91,67.43,65.601,67.75,65.77,2438556
2017-12-12,66.94,67.0,65.77,67.16,66.6523,2180984
2017-12-13,67.43,67.23,66.6523,67.66,66.48,1684618
2017-12-14,67.0,66.93,66.48,67.09,66.5,1774564
2017-12-15,67.23,66.88,66.5,67.86,66.64,2871925
2017-12-18,66.93,68.24,66.64,68.51,66.37,2306264
2017-12-19,66.88,67.71,66.37,68.05,66.69,1469439
2017-12-20,68.24,68.04,66.69,68.14,67.48,1363529
2017-12-21,67.71,67.58,67.48,67.87,67.49,1502218
2017-12-22,68.04,67.46,67.49,67.5399,67.16,1221315
2017-12-26,67.58,67.31,67.16,67.45,67.2679,532863
2017-12-27,67.46,67.21,67.2679,67.46,66.86,1038585
2017-12-28,67.31,67.44,66.86,67.48,67.05,607022
2017-12-29,67.21,67.5,67.05,67.58,67.15,1064895
2018-01-02,67.44,67.42,67.15,67.89,67.02,1047830
2018-01-03,67.5,67.62,67.02,69.49,66.93,1698899
2018-01-04,67.42,69.54,66.93,69.82,67.34,2231534
2018-01-05,67.62,68.73,67.34,70.1,67.6,1632512
2018-01-08,69.54,69.73,67.6,70.33,68.78,1613911
2018-01-09,68.73,70.68,68.78,72.33,68.73,2666711
