date,volume_t-1,low_t-18,volume_t-2,volume_t-4,volume_t-11,volume
2013-03-08,3256301,44.5,2414186,3289188,3354862,3256301
2013-03-11,5472837,44.68,3256301,2996908,3622460,5472837
2013-03-12,3767613,44.36,5472837,2414186,6185811,3767613
2013-03-13,2241086,42.21,3767613,3256301,3564385,2241086
2013-03-14,2840603,42.21,2241086,5472837,3464202,2840603
2013-03-15,2579690,42.225,2840603,3767613,3089323,2579690
2013-03-18,1847766,41.47,2579690,2241086,2435306,1847766
2013-03-19,6246443,41.58,1847766,2840603,3289188,6246443
2013-03-20,3240314,41.29,6246443,2579690,2996908,3240314
2013-03-21,4409084,40.19,3240314,1847766,2414186,4409084
2013-03-22,5425027,40.83,4409084,6246443,3256301,5425027
2013-03-25,2797510,41.45,5425027,3240314,5472837,2797510
2013-03-26,2513554,40.73,2797510,4409084,3767613,2513554
2013-03-27,3369968,41.52,2513554,5425027,2241086,3369968
2013-03-28,2147900,42.34,3369968,2797510,2840603,2147900
2013-04-01,2541331,42.9,2147900,2513554,2579690,2541331
2013-04-02,2354390,42.81,2541331,3369968,1847766,2354390
2013-04-03,5278950,43.02,2354390,2147900,6246443,5278950
2013-04-04,3918841,41.73,5278950,2541331,3240314,3918841
2013-04-05,4959134,42.59,3918841,2354390,4409084,4959134
2013-04-08,2395400,42.4,4959134,5278950,5425027,2395400
2013-04-09,1659420,43.0,2395400,3918841,2797510,1659420
2013-04-10,2169261,42.88,1659420,4959134,2513554,2169261
2013-04-11,5626492,42.18,2169261,2395400,3369968,5626492
2013-04-12,6083564,41.59,5626492,1659420,2147900,6083564
2013-04-15,7750724,42.22,6083564,2169261,2541331,7750724
2013-04-16,4505330,41.63,7750724,5626492,2354390,4505330
2013-04-17,4492937,40.91,4505330,6083564,5278950,4492937
2013-04-18,3976804,40.79,4492937,7750724,3918841,3976804
2013-04-19,3075803,41.32,3976804,4505330,4959134,3075803
2013-04-22,2340457,41.21,3075803,4492937,2395400,2340457
2013-04-23,3522419,41.4995,2340457,3976804,1659420,3522419
2013-04-24,3020692,40.79,3522419,3075803,2169261,3020692
2013-04-25,2119838,40.59,3020692,2340457,5626492,2119838
2013-04-26,5283798,40.32,2119838,3522419,6083564,5283798
2013-04-29,2541961,40.54,5283798,3020692,7750724,2541961
2013-04-30,3451449,40.67,2541961,2119838,4505330,3451449
2013-05-01,2726213,41.17,3451449,5283798,4492937,2726213
2013-05-02,3437642,41.53,2726213,2541961,3976804,3437642
2013-05-03,4741565,41.665,3437642,3451449,3075803,4741565
2013-05-06,2819360,42.3301,4741565,2726213,2340457,2819360
2013-05-07,3524022,43.43,2819360,3437642,3522419,3524022
2013-05-08,2119765,42.945,3524022,4741565,3020692,2119765
2013-05-09,3159293,42.84,2119765,2819360,2119838,3159293
2013-05-10,4662252,41.93,3159293,3524022,5283798,4662252
2013-05-13,4260335,41.4798,4662252,2119765,2541961,4260335
2013-05-14,6075845,41.65,4260335,3159293,3451449,6075845
2013-05-15,10289000,41.34,6075845,4662252,2726213,10289000
2013-05-16,4890962,42.13,10289000,4260335,3437642,4890962
2013-05-17,3247851,42.37,4890962,6075845,4741565,3247851
2013-05-20,5698804,42.66,3247851,10289000,2819360,5698804
2013-05-21,4020941,40.69,5698804,4890962,3524022,4020941
2013-05-22,5421887,41.05,4020941,3247851,2119765,5421887
2013-05-23,3777408,40.95,5421887,5698804,3159293,3777408
2013-05-24,2225361,41.26,3777408,4020941,4662252,2225361
2013-05-28,4793962,41.236,2225361,5421887,4260335,4793962
2013-05-29,3621114,41.54,4793962,3777408,6075845,3621114
2013-05-30,3090824,41.39,3621114,2225361,10289000,3090824
2013-05-31,4609273,41.9,3090824,4793962,4890962,4609273
2013-06-03,3677473,42.3,4609273,3621114,3247851,3677473
2013-06-04,3364296,42.63,3677473,3090824,5698804,3364296
2013-06-05,2495073,43.04,3364296,4609273,4020941,2495073
2013-06-06,3781151,42.72,2495073,3677473,5421887,3781151
2013-06-07,2781171,42.882,3781151,3364296,3777408,2781171
2013-06-10,2730800,44.89,2781171,2495073,2225361,2730800
2013-06-11,3914328,44.97,2730800,3781151,4793962,3914328
2013-06-12,2730633,44.99,3914328,2781171,3621114,2730633
2013-06-13,2594941,45.39,2730633,2730800,3090824,2594941
2013-06-14,1677669,46.21,2594941,3914328,4609273,1677669
2013-06-17,2000122,46.07,1677669,2730633,3677473,2000122
2013-06-18,2522376,45.195,2000122,2594941,3364296,2522376
2013-06-19,5805826,45.25,2522376,1677669,2495073,5805826
2013-06-20,6307980,46.09,5805826,2000122,3781151,6307980
2013-06-21,3656145,45.4,6307980,2522376,2781171,3656145
2013-06-24,2871453,46.01,3656145,5805826,2730800,2871453
2013-06-25,2939595,45.43,2871453,6307980,3914328,2939595
2013-06-26,3693707,45.04,2939595,3656145,2730633,3693707
2013-06-27,3447018,45.38,3693707,2871453,2594941,3447018
2013-06-28,5556673,44.5,3447018,2939595,1677669,5556673
2013-07-01,4283821,44.21,5556673,3693707,2000122,4283821
2013-07-02,2986405,44.94,4283821,3447018,2522376,2986405
2013-07-03,1940832,44.485,2986405,5556673,5805826,1940832
2013-07-05,2100873,44.0,1940832,4283821,6307980,2100873
2013-07-08,2572391,43.795,2100873,2986405,3656145,2572391
2013-07-09,3476214,43.66,2572391,1940832,2871453,3476214
2013-07-10,3277684,43.85,3476214,2100873,2939595,3277684
2013-07-11,2131803,44.185,3277684,2572391,3693707,2131803
2013-07-12,1978819,44.2701,2131803,3476214,3447018,1978819
2013-07-15,2433181,43.5,1978819,3277684,5556673,2433181
2013-07-16,2026749,41.85,2433181,2131803,4283821,2026749
2013-07-17,1196543,42.37,2026749,1978819,2986405,1196543
2013-07-18,1999719,42.07,1196543,2433181,1940832,1999719
2013-07-19,1179308,42.01,1999719,2026749,2100873,1179308
2013-07-22,1836733,42.28,1179308,1196543,2572391,1836733
2013-07-23,2934199,42.52,1836733,1999719,3476214,2934199
2013-07-24,1831121,42.73,2934199,1179308,3277684,1831121
2013-07-25,1420233,42.91,1831121,1836733,2131803,1420233
2013-07-26,3694988,42.95,1420233,2934199,1978819,3694988
2013-07-29,1962142,42.72,3694988,1831121,2433181,1962142
2013-07-30,2791858,43.4,1962142,1420233,2026749,2791858
2013-07-31,2807402,44.12,2791858,3694988,1196543,2807402
2013-08-01,2745041,44.34,2807402,1962142,1999719,2745041
2013-08-02,2387817,44.51,2745041,2791858,1179308,2387817
2013-08-05,1875418,45.43,2387817,2807402,1836733,1875418
2013-08-06,2280909,45.5838,1875418,2745041,2934199,2280909
2013-08-07,1702122,45.68,2280909,2387817,1831121,1702122
2013-08-08,1702407,45.775,1702122,1875418,1420233,1702407
2013-08-09,1958449,45.57,1702407,2280909,3694988,1958449
2013-08-12,1247241,45.55,1958449,1702122,1962142,1247241
2013-08-13,2078213,45.69,1247241,1702407,2791858,2078213
2013-08-14,1989871,46.1,2078213,1958449,2807402,1989871
2013-08-15,6708341,46.31,1989871,1247241,2745041,6708341
2013-08-16,3624694,46.495,6708341,2078213,2387817,3624694
2013-08-19,1727559,46.39,3624694,1989871,1875418,1727559
2013-08-20,2294328,45.4322,1727559,6708341,2280909,2294328
2013-08-21,1949054,44.98,2294328,3624694,1702122,1949054
2013-08-22,3147986,44.82,1949054,1727559,1702407,3147986
2013-08-23,1702511,44.66,3147986,2294328,1958449,1702511
2013-08-26,2012701,45.32,1702511,1949054,1247241,2012701
2013-08-27,2138064,45.9901,2012701,3147986,2078213,2138064
2013-08-28,1590425,45.8,2138064,1702511,1989871,1590425
2013-08-29,1900662,45.61,1590425,2012701,6708341,1900662
2013-08-30,1358573,45.62,1900662,2138064,3624694,1358573
2013-09-03,1565632,45.64,1358573,1590425,1727559,1565632
2013-09-04,2522043,45.81,1565632,1900662,2294328,2522043
2013-09-05,1313188,45.72,2522043,1358573,1949054,1313188
2013-09-06,1332857,46.24,1313188,1565632,3147986,1332857
2013-09-09,1668867,46.37,1332857,2522043,1702511,1668867
2013-09-10,1821283,46.85,1668867,1313188,2012701,1821283
2013-09-11,1783424,46.52,1821283,1332857,2138064,1783424
2013-09-12,1468485,46.42,1783424,1668867,1590425,1468485
2013-09-13,2141143,46.17,1468485,1821283,1900662,2141143
2013-09-16,1861513,46.64,2141143,1783424,1358573,1861513
2013-09-17,1578387,46.8,1861513,1468485,1565632,1578387
2013-09-18,2044234,47.54,1578387,2141143,2522043,2044234
2013-09-19,18146408,47.39,2044234,1861513,1313188,18146408
2013-09-20,10692052,46.8,18146408,1578387,1332857,10692052
2013-09-23,2716907,46.51,10692052,2044234,1668867,2716907
2013-09-24,2185721,46.42,2716907,18146408,1821283,2185721
2013-09-25,2865074,46.37,2185721,10692052,1783424,2865074
2013-09-26,2680307,46.615,2865074,2716907,1468485,2680307
2013-09-27,2110103,46.74,2680307,2185721,2141143,2110103
2013-09-30,2650001,47.58,2110103,2865074,1861513,2650001
2013-10-01,2997047,47.13,2650001,2680307,1578387,2997047
2013-10-02,2020794,47.29,2997047,2110103,2044234,2020794
2013-10-03,1878510,48.04,2020794,2650001,18146408,1878510
2013-10-04,1867889,48.22,1878510,2997047,10692052,1867889
2013-10-07,1382107,48.49,1867889,2020794,2716907,1382107
2013-10-08,2415258,48.23,1382107,1878510,2185721,2415258
2013-10-09,2430595,48.58,2415258,1867889,2865074,2430595
2013-10-10,2426300,48.62,2430595,1382107,2680307,2426300
2013-10-11,1500903,48.29,2426300,2415258,2110103,1500903
2013-10-14,2110504,50.749,1500903,2430595,2650001,2110504
2013-10-15,1961896,50.98,2110504,2426300,2997047,1961896
2013-10-16,2450818,51.38,1961896,1500903,2020794,2450818
2013-10-17,3548418,51.2,2450818,2110504,1878510,3548418
2013-10-18,2880870,51.44,3548418,1961896,1867889,2880870
2013-10-21,2556379,51.46,2880870,2450818,1382107,2556379
2013-10-22,4280543,51.4,2556379,3548418,2415258,4280543
2013-10-23,2348591,50.75,4280543,2880870,2430595,2348591
2013-10-24,1785894,50.7,2348591,2556379,2426300,1785894
2013-10-25,2398266,51.15,1785894,4280543,1500903,2398266
2013-10-28,1778672,50.91,2398266,2348591,2110504,1778672
2013-10-29,1193955,51.07,1778672,1785894,1961896,1193955
2013-10-30,1360046,51.07,1193955,2398266,2450818,1360046
2013-10-31,1895510,49.89,1360046,1778672,3548418,1895510
2013-11-01,1931035,49.39,1895510,1193955,2880870,1931035
2013-11-04,1409928,50.29,1931035,1360046,2556379,1409928
2013-11-05,1578131,50.66,1409928,1895510,4280543,1578131
2013-11-06,1432940,50.51,1578131,1931035,2348591,1432940
2013-11-07,3548823,50.6,1432940,1409928,1785894,3548823
2013-11-08,1860654,50.94,3548823,1578131,2398266,1860654
2013-11-11,1984482,51.13,1860654,1432940,1778672,1984482
2013-11-12,2357218,52.63,1984482,3548823,1193955,2357218
2013-11-13,2110086,51.9,2357218,1860654,1360046,2110086
2013-11-14,2825818,50.84,2110086,1984482,1895510,2825818
2013-11-15,11014343,50.3,2825818,2357218,1931035,11014343
2013-11-18,4131521,50.67,11014343,2110086,1409928,4131521
2013-11-19,2473023,51.09,4131521,2825818,1578131,2473023
2013-11-20,2321500,51.12,2473023,11014343,1432940,2321500
2013-11-21,2417644,51.23,2321500,4131521,3548823,2417644
2013-11-22,1910762,50.86,2417644,2473023,1860654,1910762
2013-11-25,1750170,50.45,1910762,2321500,1984482,1750170
2013-11-26,3196344,50.84,1750170,2417644,2357218,3196344
2013-11-27,1189764,50.95,3196344,1910762,2110086,1189764
2013-11-29,870409,50.854,1189764,1750170,2825818,870409
2013-12-02,1459197,50.8,870409,3196344,11014343,1459197
2013-12-03,2478051,49.84,1459197,1189764,4131521,2478051
2013-12-04,2415795,50.01,2478051,870409,2473023,2415795
2013-12-05,1810391,50.518,2415795,1459197,2321500,1810391
2013-12-06,3053347,50.76,1810391,2478051,2417644,3053347
2013-12-09,2118503,50.66,3053347,2415795,1910762,2118503
2013-12-10,2326895,50.36,2118503,1810391,1750170,2326895
2013-12-11,2349926,53.6902,2326895,3053347,3196344,2349926
2013-12-12,2714297,53.67,2349926,2118503,1189764,2714297
2013-12-13,2022610,53.55,2714297,2326895,870409,2022610
2013-12-16,1685454,53.465,2022610,2349926,1459197,1685454
2013-12-17,3209227,53.7,1685454,2714297,2478051,3209227
2013-12-18,4136283,53.75,3209227,2022610,2415795,4136283
2013-12-19,1893211,53.02,4136283,1685454,1810391,1893211
2013-12-20,2954031,53.23,1893211,3209227,3053347,2954031
2013-12-23,1578464,53.64,2954031,4136283,2118503,1578464
2013-12-24,779696,53.46,1578464,1893211,2326895,779696
2013-12-26,714431,53.11,779696,2954031,2349926,714431
2013-12-27,653055,52.56,714431,1578464,2714297,653055
2013-12-30,1127980,52.72,653055,779696,2022610,1127980
2013-12-31,941447,53.115,1127980,714431,1685454,941447
2014-01-02,1916160,53.76,941447,653055,3209227,1916160
2014-01-03,1866651,54.74,1916160,1127980,4136283,1866651
2014-01-06,1777472,54.63,1866651,941447,1893211,1777472
2014-01-07,1463208,54.68,1777472,1916160,2954031,1463208
2014-01-08,2659468,54.3,1463208,1866651,1578464,2659468
2014-01-09,1757647,54.9,2659468,1777472,779696,1757647
2014-01-10,1623330,55.07,1757647,1463208,714431,1623330
2014-01-13,2946738,55.81,1623330,2659468,653055,2946738
2014-01-14,2562236,56.37,2946738,1757647,1127980,2562236
2014-01-15,2335194,57.07,2562236,1623330,941447,2335194
2014-01-16,1835957,56.91,2335194,2946738,1916160,1835957
2014-01-17,1699534,57.12,1835957,2562236,1866651,1699534
2014-01-21,3008458,57.17,1699534,2335194,1777472,3008458
2014-01-22,2769350,57.24,3008458,1835957,1463208,2769350
2014-01-23,3063559,57.12,2769350,1699534,2659468,3063559
2014-01-24,2656341,56.92,3063559,3008458,1757647,2656341
2014-01-27,4669012,57.08,2656341,2769350,1623330,4669012
2014-01-28,2536290,56.15,4669012,3063559,2946738,2536290
2014-01-29,2163031,56.26,2536290,2656341,2562236,2163031
2014-01-30,3743153,56.56,2163031,4669012,2335194,3743153
2014-01-31,3529054,56.93,3743153,2536290,1835957,3529054
2014-02-03,2929252,57.17,3529054,2163031,1699534,2929252
2014-02-04,2911877,57.87,2929252,3743153,3008458,2911877
2014-02-05,2283870,58.14,2911877,3529054,2769350,2283870
2014-02-06,1609451,58.6,2283870,2929252,3063559,1609451
2014-02-07,1975290,59.02,1609451,2911877,2656341,1975290
2014-02-10,1760468,59.585,1975290,2283870,4669012,1760468
2014-02-11,2148202,60.04,1760468,1609451,2536290,2148202
2014-02-12,2347270,60.33,2148202,1975290,2163031,2347270
2014-02-13,3097011,59.86,2347270,1760468,3743153,3097011
2014-02-14,17862776,60.71,3097011,2148202,3529054,17862776
2014-02-18,6553839,59.405,17862776,2347270,2929252,6553839
2014-02-19,4838795,57.71,6553839,3097011,2911877,4838795
2014-02-20,4629755,56.98,4838795,17862776,2283870,4629755
2014-02-21,2407171,57.91,4629755,6553839,1609451,2407171
2014-02-24,2392783,57.41,2407171,4838795,1975290,2392783
2014-02-25,3375173,58.42,2392783,4629755,1760468,3375173
2014-02-26,2400946,58.05,3375173,2407171,2148202,2400946
2014-02-27,3123781,56.075,2400946,2392783,2347270,3123781
2014-02-28,2876261,56.09,3123781,3375173,3097011,2876261
2014-03-03,2488373,56.96,2876261,2400946,17862776,2488373
2014-03-04,2841919,57.46,2488373,3123781,6553839,2841919
2014-03-05,3113546,58.13,2841919,2876261,4838795,3113546
2014-03-06,5178833,58.29,3113546,2488373,4629755,5178833
2014-03-07,3247154,58.88,5178833,2841919,2407171,3247154
2014-03-10,2563418,59.67,3247154,3113546,2392783,2563418
2014-03-11,3421731,59.37,2563418,5178833,3375173,3421731
2014-03-12,1652324,54.87,3421731,3247154,2400946,1652324
2014-03-13,2318832,54.96,1652324,2563418,3123781,2318832
2014-03-14,1745218,54.9,2318832,3421731,2876261,1745218
2014-03-17,1437471,56.045,1745218,1652324,2488373,1437471
2014-03-18,1294681,56.32,1437471,2318832,2841919,1294681
2014-03-19,1804350,56.4,1294681,1745218,3113546,1804350
2014-03-20,1808447,56.75,1804350,1437471,5178833,1808447
2014-03-21,2762931,56.75,1808447,1294681,3247154,2762931
2014-03-24,1985703,56.19,2762931,1804350,2563418,1985703
2014-03-25,1727269,56.4,1985703,1808447,3421731,1727269
2014-03-26,2560731,55.785,1727269,2762931,1652324,2560731
2014-03-27,2972614,56.98,2560731,1985703,2318832,2972614
2014-03-28,2006941,57.555,2972614,1727269,1745218,2006941
2014-03-31,2190772,58.14,2006941,2560731,1437471,2190772
2014-04-01,2090720,57.52,2190772,2972614,1294681,2090720
2014-04-02,1919493,57.6,2090720,2006941,1804350,1919493
2014-04-03,1603010,56.5,1919493,2190772,1808447,1603010
2014-04-04,2307668,56.01,1603010,2090720,2762931,2307668
2014-04-07,2584538,55.77,2307668,1919493,1985703,2584538
2014-04-08,1842491,55.23,2584538,1603010,1727269,1842491
2014-04-09,2017519,55.48,1842491,2307668,2560731,2017519
2014-04-10,1966409,55.84,2017519,2584538,2972614,1966409
2014-04-11,2591968,56.18,1966409,1842491,2006941,2591968
2014-04-14,2840577,56.16,2591968,2017519,2190772,2840577
2014-04-15,2172515,55.96,2840577,1966409,2090720,2172515
2014-04-16,1243513,54.66,2172515,2591968,1919493,1243513
2014-04-17,2061997,54.98,1243513,2840577,1603010,2061997
2014-04-21,1185867,55.16,2061997,2172515,2307668,1185867
2014-04-22,1475541,54.22,1185867,1243513,2584538,1475541
2014-04-23,894232,54.42,1475541,2061997,1842491,894232
2014-04-24,1806441,54.57,894232,1185867,2017519,1806441
2014-04-25,1580495,55.835,1806441,1475541,1966409,1580495
2014-04-28,3009046,56.2,1580495,894232,2591968,3009046
2014-04-29,3359741,56.27,3009046,1806441,2840577,3359741
2014-04-30,1678627,55.55,3359741,1580495,2172515,1678627
2014-05-01,1472407,53.94,1678627,3009046,1243513,1472407
2014-05-02,2080946,53.82,1472407,3359741,2061997,2080946
2014-05-05,2087256,54.375,2080946,1678627,1185867,2087256
2014-05-06,2224227,53.9,2087256,1472407,1475541,2224227
2014-05-07,2219204,52.65,2224227,2080946,894232,2219204
2014-05-08,2209139,52.3075,2219204,2087256,1806441,2209139
2014-05-09,1287905,51.96,2209139,2224227,1580495,1287905
2014-05-12,2042132,53.25,1287905,2219204,3009046,2042132
2014-05-13,1465527,53.61,2042132,2209139,3359741,1465527
2014-05-14,2591684,54.33,1465527,1287905,1678627,2591684
2014-05-15,5740663,54.53,2591684,2042132,1472407,5740663
2014-05-16,2405753,54.571,5740663,1465527,2080946,2405753
2014-05-19,2742131,54.56,2405753,2591684,2087256,2742131
2014-05-20,1840126,54.07,2742131,5740663,2224227,1840126
2014-05-21,1102300,52.86,1840126,2405753,2219204,1102300
2014-05-22,1686139,51.97,1102300,2742131,2209139,1686139
2014-05-23,3510829,53.02,1686139,1840126,1287905,3510829
2014-05-27,1190619,53.66,3510829,1102300,2042132,1190619
2014-05-28,1807185,54.09,1190619,1686139,1465527,1807185
2014-05-29,1558720,53.888,1807185,3510829,2591684,1558720
2014-05-30,2547039,54.46,1558720,1190619,5740663,2547039
2014-06-02,1274846,54.27,2547039,1807185,2405753,1274846
2014-06-03,1842298,54.69,1274846,1558720,2742131,1842298
2014-06-04,1145664,54.81,1842298,2547039,1840126,1145664
2014-06-05,1833063,55.47,1145664,1274846,1102300,1833063
2014-06-06,1285879,56.4,1833063,1842298,1686139,1285879
2014-06-09,1188782,55.7,1285879,1145664,3510829,1188782
2014-06-10,1267805,53.75,1188782,1833063,1190619,1267805
2014-06-11,1410610,53.92,1267805,1285879,1807185,1410610
2014-06-12,1677989,54.7,1410610,1188782,1558720,1677989
2014-06-13,1054865,54.209,1677989,1267805,2547039,1054865
2014-06-16,1174434,54.44,1054865,1410610,1274846,1174434
2014-06-17,1328510,54.89,1174434,1677989,1842298,1328510
2014-06-18,1114749,55.175,1328510,1054865,1145664,1114749
2014-06-19,3149546,56.03,1114749,1174434,1833063,3149546
2014-06-20,2029378,56.31,3149546,1328510,1285879,2029378
2014-06-23,1435625,56.64,2029378,1114749,1188782,1435625
2014-06-24,1125825,56.24,1435625,3149546,1267805,1125825
2014-06-25,1060501,56.3,1125825,2029378,1410610,1060501
2014-06-26,1102367,56.68,1060501,1435625,1677989,1102367
2014-06-27,1519046,56.96,1102367,1125825,1054865,1519046
2014-06-30,1314906,57.41,1519046,1060501,1174434,1314906
2014-07-01,2010785,58.37,1314906,1102367,1328510,2010785
2014-07-02,1414957,58.7,2010785,1519046,1114749,1414957
2014-07-03,600744,58.58,1414957,1314906,3149546,600744
2014-07-07,949243,58.31,600744,2010785,2029378,949243
2014-07-08,1615912,58.2,949243,1414957,1435625,1615912
2014-07-09,1278504,58.18,1615912,600744,1125825,1278504
2014-07-10,1189340,58.15,1278504,949243,1060501,1189340
2014-07-11,1183288,58.1901,1189340,1615912,1102367,1183288
2014-07-14,1487761,58.53,1183288,1278504,1519046,1487761
2014-07-15,2094496,58.15,1487761,1189340,1314906,2094496
2014-07-16,1868521,57.84,2094496,1183288,2010785,1868521
2014-07-17,4404085,57.97,1868521,1487761,1414957,4404085
2014-07-18,1706174,57.58,4404085,2094496,600744,1706174
2014-07-21,1983914,57.41,1706174,1868521,949243,1983914
2014-07-22,2411722,57.4,1983914,4404085,1615912,2411722
2014-07-23,1453645,57.175,2411722,1706174,1278504,1453645
2014-07-24,2534358,57.18,1453645,1983914,1189340,2534358
2014-07-25,1719615,57.38,2534358,2411722,1183288,1719615
2014-07-28,1510223,57.78,1719615,1453645,1487761,1510223
2014-07-29,2003109,58.021,1510223,2534358,2094496,2003109
2014-07-30,1371335,57.85,2003109,1719615,1868521,1371335
2014-07-31,2708121,56.92,1371335,1510223,4404085,2708121
2014-08-01,957560,56.52,2708121,2003109,1706174,957560
2014-08-04,957560,56.01,957560,1371335,1983914,957560
2014-08-05,1733728,56.15,957560,2708121,2411722,1733728
2014-08-06,1568834,56.6175,1733728,957560,1453645,1568834
2014-08-07,1628472,56.15,1568834,957560,2534358,1628472
2014-08-08,1766002,56.83,1628472,1733728,1719615,1766002
2014-08-11,1252725,55.135,1766002,1568834,1510223,1252725
2014-08-12,2642075,55.29,1252725,1628472,2003109,2642075
2014-08-13,1721261,55.79,2642075,1766002,1371335,1721261
2014-08-14,3478558,56.95,1721261,1252725,2708121,3478558
2014-08-15,5578794,57.445,3478558,2642075,957560,5578794
2014-08-18,2761606,56.71,5578794,1721261,957560,2761606
2014-08-19,1192963,56.35,2761606,3478558,1733728,1192963
2014-08-20,1846569,55.89,1192963,5578794,1568834,1846569
2014-08-21,1228385,55.875,1846569,2761606,1628472,1228385
2014-08-22,1439567,56.02,1228385,1192963,1766002,1439567
2014-08-25,967137,55.83,1439567,1846569,1252725,967137
2014-08-26,888727,55.59,967137,1228385,2642075,888727
2014-08-27,1193004,55.59,888727,1439567,1721261,1193004
2014-08-28,1395449,55.1,1193004,967137,3478558,1395449
2014-08-29,1979934,54.9,1395449,888727,5578794,1979934
2014-09-02,2015566,54.98,1979934,1193004,2761606,2015566
2014-09-03,1478032,54.86,2015566,1395449,1192963,1478032
2014-09-04,790594,55.06,1478032,1979934,1846569,790594
2014-09-05,908184,54.3,790594,2015566,1228385,908184
2014-09-08,1345766,54.189,908184,1478032,1439567,1345766
2014-09-09,1286053,54.45,1345766,790594,967137,1286053
2014-09-10,1477856,57.35,1286053,908184,888727,1477856
2014-09-11,995855,57.35,1477856,1345766,1193004,995855
2014-09-12,2590395,58.16,995855,1286053,1395449,2590395
2014-09-15,1621086,57.94,2590395,1477856,1979934,1621086
2014-09-16,1379832,57.97,1621086,995855,2015566,1379832
2014-09-17,2710468,57.48,1379832,2590395,1478032,2710468
2014-09-18,2867046,57.58,2710468,1621086,790594,2867046
2014-09-19,2173992,57.5377,2867046,1379832,908184,2173992
2014-09-22,1686631,57.29,2173992,2710468,1345766,1686631
2014-09-23,1632282,56.98,1686631,2867046,1286053,1632282
2014-09-24,1650529,57.08,1632282,2173992,1477856,1650529
2014-09-25,1629584,57.23,1650529,1686631,995855,1629584
2014-09-26,2218441,57.88,1629584,1632282,2590395,2218441
2014-09-29,1626565,57.6,2218441,1650529,1621086,1626565
2014-09-30,2120557,57.3,1626565,1629584,1379832,2120557
2014-10-01,2481276,57.495,2120557,2218441,2710468,2481276
2014-10-02,1708052,57.45,2481276,1626565,2867046,1708052
2014-10-03,1577280,57.175,1708052,2120557,2173992,1577280
2014-10-06,1157370,57.41,1577280,2481276,1686631,1157370
2014-10-07,1515558,57.61,1157370,1708052,1632282,1515558
2014-10-08,2124682,57.74,1515558,1577280,1650529,2124682
2014-10-09,2526263,57.37,2124682,1157370,1629584,2526263
2014-10-10,5133638,57.92,2526263,1515558,2218441,5133638
2014-10-13,2527277,58.31,5133638,2124682,1626565,2527277
2014-10-14,3972861,58.1,2527277,2526263,2120557,3972861
2014-10-15,4723905,57.27,3972861,5133638,2481276,4723905
2014-10-16,5362096,56.91,4723905,2527277,1708052,5362096
2014-10-17,3810818,56.78,5362096,3972861,1577280,3810818
2014-10-20,4942206,56.89,3810818,4723905,1157370,4942206
2014-10-21,2231876,56.07,4942206,5362096,1515558,2231876
2014-10-22,2161086,55.92,2231876,3810818,2124682,2161086
2014-10-23,1754719,56.82,2161086,4942206,2526263,1754719
2014-10-24,1508194,56.18,1754719,2231876,5133638,1508194
2014-10-27,1105293,55.29,1508194,2161086,2527277,1105293
2014-10-28,1714329,56.16,1105293,1754719,3972861,1714329
2014-10-29,1484268,56.43,1714329,1508194,4723905,1484268
2014-10-30,2504261,55.0,1484268,1105293,5362096,2504261
2014-10-31,2087828,54.8,2504261,1714329,3810818,2087828
2014-11-03,4559916,55.03,2087828,1484268,4942206,4559916
2014-11-04,5765189,53.42,4559916,2504261,2231876,5765189
2014-11-05,2341387,52.73,5765189,2087828,2161086,2341387
2014-11-06,2968264,51.77,2341387,4559916,1754719,2968264
2014-11-07,2458734,49.8,2968264,5765189,1508194,2458734
2014-11-10,2583931,50.55,2458734,2341387,1105293,2583931
2014-11-11,2163823,52.02,2583931,2968264,1714329,2163823
2014-11-12,2504261,50.86,2163823,2458734,1484268,2504261
2014-11-13,1805461,52.86,2504261,2583931,2504261,1805461
2014-11-14,1331282,52.99,1805461,2163823,2087828,1331282
2014-11-17,2697164,53.59,1331282,2504261,4559916,2697164
2014-11-18,5891377,53.51,2697164,1805461,5765189,5891377
2014-11-19,4012147,53.6,5891377,1331282,2341387,4012147
2014-11-20,2303826,53.88,4012147,2697164,2968264,2303826
2014-11-21,5306170,54.13,2303826,5891377,2458734,5306170
2014-11-24,2122424,53.75,5306170,4012147,2583931,2122424
2014-11-25,2713879,54.85,2122424,2303826,2163823,2713879
2014-11-26,1752695,39.49,2713879,5306170,2504261,1752695
2014-11-28,1091780,39.84,1752695,2122424,1805461,1091780
2014-12-01,4411159,39.98,1091780,2713879,1331282,4411159
2014-12-02,2014436,40.26,4411159,1752695,2697164,2014436
2014-12-03,2250275,40.86,2014436,1091780,5891377,2250275
2014-12-04,1346823,40.88,2250275,4411159,4012147,1346823
2014-12-05,1019549,41.34,1346823,2014436,2303826,1019549
2014-12-08,1425753,41.02,1019549,2250275,5306170,1425753
2014-12-09,1803210,41.26,1425753,1346823,2122424,1803210
2014-12-10,2654911,41.29,1803210,1019549,2713879,2654911
2014-12-11,1640864,41.21,2654911,1425753,1752695,1640864
2014-12-12,2335765,40.05,1640864,1803210,1091780,2335765
2014-12-15,4510349,40.7,2335765,2654911,4411159,4510349
2014-12-16,3849394,40.56,4510349,1640864,2014436,3849394
2014-12-17,3508188,41.7,3849394,2335765,2250275,3508188
2014-12-18,3104066,41.99,3508188,4510349,1346823,3104066
2014-12-19,3736336,42.31,3104066,3849394,1019549,3736336
2014-12-22,1590221,42.53,3736336,3508188,1425753,1590221
2014-12-23,1872341,42.59,1590221,3104066,1803210,1872341
2014-12-24,1426901,41.58,1872341,3736336,2654911,1426901
2014-12-26,588034,41.55,1426901,1590221,1640864,588034
2014-12-29,976423,41.82,588034,1872341,2335765,976423
2014-12-30,1323452,42.02,976423,1426901,4510349,1323452
2014-12-31,1423993,42.08,1323452,588034,3849394,1423993
2015-01-02,1530798,41.415,1423993,976423,3508188,1530798
2015-01-05,2042240,40.98,1530798,1323452,3104066,2042240
2015-01-06,2084562,40.31,2042240,1423993,3736336,2084562
2015-01-07,3359660,40.49,2084562,1530798,1590221,3359660
2015-01-08,2116341,39.71,3359660,2042240,1872341,2116341
2015-01-09,1644939,38.65,2116341,2084562,1426901,1644939
2015-01-12,2771191,38.1,1644939,3359660,588034,2771191
2015-01-13,2013474,38.09,2771191,2116341,976423,2013474
2015-01-14,5134006,40.11,2013474,1644939,1323452,5134006
2015-01-15,2630296,40.86,5134006,2771191,1423993,2630296
2015-01-16,3003980,41.38,2630296,2013474,1530798,3003980
2015-01-20,5033605,41.36,3003980,5134006,2042240,5033605
2015-01-21,2721609,40.96,5033605,2630296,2084562,2721609
2015-01-22,4856573,41.29,2721609,3003980,3359660,4856573
2015-01-23,1519250,41.312,4856573,5033605,2116341,1519250
2015-01-26,1511214,41.14,1519250,2721609,1644939,1511214
2015-01-27,1703508,40.9,1511214,4856573,2771191,1703508
2015-01-28,2033523,40.37,1703508,1519250,2013474,2033523
2015-01-29,2329983,39.7,2033523,1511214,5134006,2329983
2015-01-30,3054313,39.02,2329983,1703508,2630296,3054313
2015-02-02,2508493,39.29,3054313,2033523,3003980,2508493
2015-02-03,2950375,40.18,2508493,2329983,5033605,2950375
2015-02-04,2567439,40.29,2950375,3054313,2721609,2567439
2015-02-05,1826367,39.95,2567439,2508493,4856573,1826367
2015-02-06,2697212,39.33,1826367,2950375,1519250,2697212
2015-02-09,3586102,38.21,2697212,2567439,1511214,3586102
2015-02-10,1408747,37.99,3586102,1826367,1703508,1408747
2015-02-11,3337005,37.76,1408747,2697212,2033523,3337005
2015-02-12,1317705,37.76,3337005,3586102,2329983,1317705
2015-02-13,2211931,37.68,1317705,1408747,3054313,2211931
2015-02-17,2875788,38.12,2211931,3337005,2508493,2875788
2015-02-18,9007218,38.76,2875788,1317705,2950375,9007218
2015-02-19,3737331,38.47,9007218,2211931,2567439,3737331
2015-02-20,2971880,38.58,3737331,2875788,1826367,2971880
2015-02-23,1967913,37.96,2971880,9007218,2697212,1967913
2015-02-24,1922102,37.69,1967913,3737331,3586102,1922102
2015-02-25,2343479,37.71,1922102,2971880,1408747,2343479
2015-02-26,1505418,37.71,2343479,1967913,3337005,1505418
2015-02-27,1676351,38.92,1505418,1922102,1317705,1676351
2015-03-02,1847082,38.82,1676351,2343479,2211931,1847082
2015-03-03,1635437,39.22,1847082,1505418,2875788,1635437
2015-03-04,1305992,39.225,1635437,1676351,9007218,1305992
2015-03-05,1376468,38.95,1305992,1847082,3737331,1376468
2015-03-06,1528564,38.78,1376468,1635437,2971880,1528564
2015-03-09,1492378,39.2326,1528564,1305992,1967913,1492378
2015-03-10,1961299,39.53,1492378,1376468,1922102,1961299
2015-03-11,2064355,39.91,1961299,1528564,2343479,2064355
2015-03-12,2719895,39.76,2064355,1492378,1505418,2719895
2015-03-13,4704560,40.91,2719895,1961299,1676351,4704560
2015-03-16,2551437,41.04,4704560,2064355,1847082,2551437
2015-03-17,1504881,40.88,2551437,2719895,1635437,1504881
2015-03-18,1295556,41.49,1504881,4704560,1305992,1295556
2015-03-19,1085684,41.6,1295556,2551437,1376468,1085684
2015-03-20,2315472,42.09,1085684,1504881,1528564,2315472
2015-03-23,1835393,42.0,2315472,1295556,1492378,1835393
2015-03-24,3625952,42.045,1835393,1085684,1961299,3625952
2015-03-25,2776181,42.34,3625952,2315472,2064355,2776181
2015-03-26,1573740,42.14,2776181,1835393,2719895,1573740
2015-03-27,1932749,41.73,1573740,3625952,4704560,1932749
2015-03-30,2064181,41.84,1932749,2776181,2551437,2064181
2015-03-31,1659179,41.49,2064181,1573740,1504881,1659179
2015-04-01,2170331,41.435,1659179,1932749,1295556,2170331
2015-04-02,2135918,40.63,2170331,2064181,1085684,2135918
2015-04-06,2379808,40.67,2135918,1659179,2315472,2379808
2015-04-07,3072418,40.97,2379808,2170331,1835393,3072418
2015-04-08,2443178,40.515,3072418,2135918,3625952,2443178
2015-04-09,1332519,41.11,2443178,2379808,2776181,1332519
2015-04-10,3370597,41.06,1332519,3072418,1573740,3370597
2015-04-13,3708641,41.17,3370597,2443178,1932749,3708641
2015-04-14,1777705,41.82,3708641,1332519,2064181,1777705
2015-04-15,1445622,42.2,1777705,3370597,1659179,1445622
2015-04-16,1070232,42.0,1445622,3708641,2170331,1070232
2015-04-17,2333369,41.01,1070232,1777705,2135918,2333369
2015-04-20,1410574,40.79,2333369,1445622,2379808,1410574
2015-04-21,1719710,40.3703,1410574,1070232,3072418,1719710
2015-04-22,2726140,40.58,1719710,2333369,2443178,2726140
2015-04-23,3973179,41.32,2726140,1410574,1332519,3973179
2015-04-24,2200155,41.102,3973179,1719710,3370597,2200155
2015-04-27,2298298,40.72,2200155,2726140,3708641,2298298
2015-04-28,1803453,41.33,2298298,3973179,1777705,1803453
2015-04-29,2160963,41.51,1803453,2200155,1445622,2160963
2015-04-30,1726312,41.87,2160963,2298298,1070232,1726312
2015-05-01,1880177,42.025,1726312,1803453,2333369,1880177
2015-05-04,1073820,42.07,1880177,2160963,1410574,1073820
2015-05-05,1254801,42.57,1073820,1726312,1719710,1254801
2015-05-06,934611,42.99,1254801,1880177,2726140,934611
2015-05-07,999682,42.58,934611,1073820,3973179,999682
2015-05-08,1034717,43.18,999682,1254801,2200155,1034717
2015-05-11,975490,43.06,1034717,934611,2298298,975490
2015-05-12,2617833,42.6,975490,999682,1803453,2617833
2015-05-13,1992774,43.15,2617833,1034717,2160963,1992774
2015-05-14,2883667,42.87,1992774,975490,1726312,2883667
2015-05-15,2147413,42.37,2883667,2617833,1880177,2147413
2015-05-18,1966147,42.24,2147413,1992774,1073820,1966147
2015-05-19,5277345,42.42,1966147,2883667,1254801,5277345
2015-05-20,2652326,41.965,5277345,2147413,934611,2652326
2015-05-21,2126257,41.57,2652326,1966147,999682,2126257
2015-05-22,1484752,41.44,2126257,5277345,1034717,1484752
2015-05-26,1919645,41.11,1484752,2652326,975490,1919645
2015-05-27,2507443,41.24,1919645,2126257,2617833,2507443
2015-05-28,3347403,41.7,2507443,1484752,1992774,3347403
2015-05-29,5022554,41.455,3347403,1919645,2883667,5022554
2015-06-01,2440065,41.36,5022554,2507443,2147413,2440065
2015-06-02,2947454,41.31,2440065,3347403,1966147,2947454
2015-06-03,2722286,42.21,2947454,5022554,5277345,2722286
2015-06-04,4091870,42.39,2722286,2440065,2652326,4091870
2015-06-05,1760467,41.5,4091870,2947454,2126257,1760467
2015-06-08,1353411,41.71,1760467,2722286,1484752,1353411
2015-06-09,1439015,41.87,1353411,4091870,1919645,1439015
2015-06-10,1789330,41.99,1439015,1760467,2507443,1789330
2015-06-11,1576987,41.98,1789330,1353411,3347403,1576987
2015-06-12,2769551,41.5,1576987,1439015,5022554,2769551
2015-06-15,2361878,42.43,2769551,1789330,2440065,2361878
2015-06-16,1422563,42.2,2361878,1576987,2947454,1422563
2015-06-17,1519421,42.07,1422563,2769551,2722286,1519421
2015-06-18,1865267,41.985,1519421,2361878,4091870,1865267
2015-06-19,2658779,42.1,1865267,1422563,1760467,2658779
2015-06-22,3909250,41.35,2658779,1519421,1353411,3909250
2015-06-23,2053553,40.82,3909250,1865267,1439015,2053553
2015-06-24,6127695,40.85,2053553,2658779,1789330,6127695
2015-06-25,5265822,40.67,6127695,3909250,1576987,5265822
2015-06-26,3350458,40.94,5265822,2053553,2769551,3350458
2015-06-29,2516360,40.01,3350458,6127695,2361878,2516360
2015-06-30,3037436,40.2,2516360,5265822,1422563,3037436
2015-07-01,4486572,39.91,3037436,3350458,1519421,4486572
2015-07-02,2160799,39.8303,4486572,2516360,1865267,2160799
2015-07-06,2509428,40.27,2160799,3037436,2658779,2509428
2015-07-07,2927761,40.29,2509428,4486572,3909250,2927761
2015-07-08,3390976,39.735,2927761,2160799,2053553,3390976
2015-07-09,2237945,39.25,3390976,2509428,6127695,2237945
2015-07-10,2107093,39.38,2237945,2927761,5265822,2107093
2015-07-13,1579730,39.32,2107093,3390976,3350458,1579730
2015-07-14,2801301,39.72,1579730,2237945,2516360,2801301
2015-07-15,2247745,39.49,2801301,2107093,3037436,2247745
2015-07-16,1826485,39.73,2247745,1579730,4486572,1826485
2015-07-17,2412373,39.42,1826485,2801301,2160799,2412373
2015-07-20,1155252,39.025,2412373,2247745,2509428,1155252
2015-07-21,1160904,39.38,1155252,1826485,2927761,1160904
2015-07-22,2949376,39.775,1160904,2412373,3390976,2949376
2015-07-23,1708801,38.74,2949376,1155252,2237945,1708801
2015-07-24,1844946,38.48,1708801,1160904,2107093,1844946
2015-07-27,5261424,38.75,1844946,2949376,1579730,5261424
2015-07-28,2768225,39.15,5261424,1708801,2801301,2768225
2015-07-29,2014066,39.08,2768225,1844946,2247745,2014066
2015-07-30,2440415,39.1359,2014066,5261424,1826485,2440415
2015-07-31,2247715,38.71,2440415,2768225,2412373,2247715
2015-08-03,2104591,38.91,2247715,2014066,1155252,2104591
2015-08-04,1448062,39.155,2104591,2440415,1160904,1448062
2015-08-05,949479,39.54,1448062,2247715,2949376,949479
2015-08-06,1932226,39.89,949479,2104591,1708801,1932226
2015-08-07,1513076,40.02,1932226,1448062,1844946,1513076
2015-08-10,1554542,40.12,1513076,949479,5261424,1554542
2015-08-11,1575708,39.84,1554542,1932226,2768225,1575708
2015-08-12,3440282,39.95,1575708,1513076,2014066,3440282
2015-08-13,2848895,39.54,3440282,1554542,2440415,2848895
2015-08-14,2632739,39.29,2848895,1575708,2247715,2632739
2015-08-17,3302058,40.01,2632739,3440282,2104591,3302058
2015-08-18,6416891,39.22,3302058,2848895,1448062,6416891
2015-08-19,2730429,38.61,6416891,2632739,949479,2730429
2015-08-20,2145028,39.5,2730429,3302058,1932226,2145028
2015-08-21,3828206,40.24,2145028,6416891,1513076,3828206
2015-08-24,4114990,40.07,3828206,2730429,1554542,4114990
2015-08-25,3802732,40.78,4114990,2145028,1575708,3802732
2015-08-26,3233814,40.58,3802732,3828206,3440282,3233814
2015-08-27,2406297,40.55,3233814,4114990,2848895,2406297
2015-08-28,1783861,40.69,2406297,3802732,2632739,1783861
2015-08-31,2554666,39.91,1783861,3233814,3302058,2554666
2015-09-01,2954093,39.63,2554666,2406297,6416891,2954093
2015-09-02,2119191,40.16,2954093,1783861,2730429,2119191
2015-09-03,2140822,39.3,2119191,2554666,2145028,2140822
2015-09-04,2819027,38.27,2140822,2954093,3828206,2819027
2015-09-08,1787408,38.46,2819027,2119191,4114990,1787408
2015-09-09,1885293,38.32,1787408,2140822,3802732,1885293
2015-09-10,1628726,38.12,1885293,2819027,3233814,1628726
2015-09-11,1443721,39.0,1628726,1787408,2406297,1443721
2015-09-14,2223319,38.3,1443721,1885293,1783861,2223319
2015-09-15,1752721,37.5,2223319,1628726,2554666,1752721
2015-09-16,2130117,36.175,1752721,1443721,2954093,2130117
2015-09-17,1819067,33.57,2130117,2223319,2119191,1819067
2015-09-18,3352296,34.3,1819067,1752721,2140822,3352296
2015-09-21,2640363,34.47,3352296,2130117,2819027,2640363
2015-09-22,2283337,35.89,2640363,1819067,1787408,2283337
2015-09-23,1962552,36.15,2283337,3352296,1885293,1962552
2015-09-24,2028940,35.95,1962552,2640363,1628726,2028940
2015-09-25,2730672,34.57,2028940,2283337,1443721,2730672
2015-09-28,2615440,34.88,2730672,1962552,2223319,2615440
2015-09-29,2252364,35.525,2615440,2028940,1752721,2252364
2015-09-30,2545749,34.9,2252364,2730672,2130117,2545749
2015-10-01,3011460,35.51,2545749,2615440,1819067,3011460
2015-10-02,3519448,35.44,3011460,2252364,3352296,3519448
2015-10-05,1675429,35.44,3519448,2545749,2640363,1675429
2015-10-06,1833679,35.44,1675429,3011460,2283337,1833679
2015-10-07,3089575,35.32,1833679,3519448,1962552,3089575
2015-10-08,2598314,35.51,3089575,1675429,2028940,2598314
2015-10-09,3232938,36.06,2598314,1833679,2730672,3232938
2015-10-12,1349866,36.29,3232938,3089575,2615440,1349866
2015-10-13,2383212,35.585,1349866,2598314,2252364,2383212
2015-10-14,1647407,35.41,2383212,3232938,2545749,1647407
2015-10-15,1432995,34.94,1647407,1349866,3011460,1432995
2015-10-16,1754319,34.81,1432995,2383212,3519448,1754319
2015-10-19,3685845,34.15,1754319,1647407,1675429,3685845
2015-10-20,2635777,34.1,3685845,1432995,1833679,2635777
2015-10-21,2886412,33.32,2635777,1754319,3089575,2886412
2015-10-22,3696278,33.245,2886412,3685845,2598314,3696278
2015-10-23,2732645,33.67,3696278,2635777,3232938,2732645
2015-10-26,1948411,33.48,2732645,2886412,1349866,1948411
2015-10-27,2557172,33.115,1948411,3696278,2383212,2557172
2015-10-28,1780126,34.84,2557172,2732645,1647407,1780126
2015-10-29,1352267,34.53,1780126,1948411,1432995,1352267
2015-10-30,2194619,35.1,1352267,2557172,1754319,2194619
2015-11-02,1810869,35.34,2194619,1780126,3685845,1810869
2015-11-03,1485779,35.88,1810869,1352267,2635777,1485779
2015-11-04,1569620,35.86,1485779,2194619,2886412,1569620
2015-11-05,1419963,35.53,1569620,1810869,3696278,1419963
2015-11-06,1964478,34.97,1419963,1485779,2732645,1964478
2015-11-09,3109588,34.79,1964478,1569620,1948411,3109588
2015-11-10,4339800,35.37,3109588,1419963,2557172,4339800
2015-11-11,1969168,35.59,4339800,1964478,1780126,1969168
2015-11-12,3096336,36.03,1969168,3109588,1352267,3096336
2015-11-13,3335092,35.8,3096336,4339800,2194619,3335092
2015-11-16,2490208,36.0,3335092,1969168,1810869,2490208
2015-11-17,7679493,36.18,2490208,3096336,1485779,7679493
2015-11-18,6589609,36.686,7679493,3335092,1569620,6589609
2015-11-19,7275136,36.465,6589609,2490208,1419963,7275136
2015-11-20,5447723,36.77,7275136,7679493,1964478,5447723
2015-11-23,6474141,37.28,5447723,6589609,3109588,6474141
2015-11-24,5669066,37.68,6474141,7275136,4339800,5669066
2015-11-25,3797067,37.8,5669066,5447723,1969168,3797067
2015-11-27,1935738,38.16,3797067,6474141,3096336,1935738
2015-11-30,3208114,38.0,1935738,5669066,3335092,3208114
2015-12-01,7989220,37.93,3208114,3797067,2490208,7989220
2015-12-02,4713210,37.98,7989220,1935738,7679493,4713210
2015-12-03,3314529,37.48,4713210,3208114,6589609,3314529
2015-12-04,2519309,37.69,3314529,7989220,7275136,2519309
2015-12-07,2004492,37.65,2519309,4713210,5447723,2004492
2015-12-08,4331832,37.24,2004492,3314529,6474141,4331832
2015-12-09,4133291,36.63,4331832,2519309,5669066,4133291
2015-12-10,3709240,36.6,4133291,2004492,3797067,3709240
2015-12-11,2634362,36.5,3709240,4331832,1935738,2634362
2015-12-14,2310538,38.36,2634362,4133291,3208114,2310538
2015-12-15,2195375,38.31,2310538,3709240,7989220,2195375
2015-12-16,2582642,38.52,2195375,2634362,4713210,2582642
2015-12-17,2218837,39.14,2582642,2310538,3314529,2218837
2015-12-18,3364796,39.73,2218837,2195375,2519309,3364796
2015-12-21,1735159,40.47,3364796,2582642,2004492,1735159
2015-12-22,1643172,41.16,1735159,2218837,4331832,1643172
2015-12-23,1510716,41.61,1643172,3364796,4133291,1510716
2015-12-24,874549,41.04,1510716,1735159,3709240,874549
2015-12-28,1458242,40.37,874549,1643172,2634362,1458242
2015-12-29,1757360,39.95,1458242,1510716,2310538,1757360
2015-12-30,834358,40.13,1757360,874549,2195375,834358
2015-12-31,1450968,40.54,834358,1458242,2582642,1450968
2016-01-04,3287335,40.42,1450968,1757360,2218837,3287335
2016-01-05,2587246,40.9125,3287335,834358,3364796,2587246
2016-01-06,2103619,40.65,2587246,1450968,1735159,2103619
2016-01-07,3504314,40.055,2103619,3287335,1643172,3504314
2016-01-08,3736768,39.9,3504314,2587246,1510716,3736768
2016-01-11,2818611,40.56,3736768,2103619,874549,2818611
2016-01-12,1989379,40.67,2818611,3504314,1458242,1989379
2016-01-13,4206638,40.77,1989379,3736768,1757360,4206638
2016-01-14,2893372,40.08,4206638,2818611,834358,2893372
2016-01-15,2994386,40.44,2893372,1989379,1450968,2994386
2016-01-19,2506559,40.715,2994386,4206638,3287335,2506559
2016-01-20,2469088,41.39,2506559,2893372,2587246,2469088
2016-01-21,2298372,41.67,2469088,2994386,2103619,2298372
2016-01-22,1834467,41.52,2298372,2506559,3504314,1834467
2016-01-25,1831240,41.9201,1834467,2469088,3736768,1831240
2016-01-26,1755032,42.01,1831240,2298372,2818611,1755032
2016-01-27,1479446,41.715,1755032,1834467,1989379,1479446
2016-01-28,3479452,40.34,1479446,1831240,4206638,3479452
2016-01-29,2959863,40.34,3479452,1755032,2893372,2959863
2016-02-01,2666567,40.05,2959863,1479446,2994386,2666567
2016-02-02,1742325,38.81,2666567,3479452,2506559,1742325
2016-02-03,2128426,38.465,1742325,2959863,2469088,2128426
2016-02-04,2833492,37.41,2128426,2666567,2298372,2833492
2016-02-05,4424609,37.6462,2833492,1742325,1834467,4424609
2016-02-08,3888601,36.715,4424609,2128426,1831240,3888601
2016-02-09,3464464,36.55,3888601,2833492,1755032,3464464
2016-02-10,3169951,36.55,3464464,4424609,1479446,3169951
2016-02-11,3224004,36.79,3169951,3888601,3479452,3224004
2016-02-12,3923627,36.13,3224004,3464464,2959863,3923627
2016-02-16,2903649,36.81,3923627,3169951,2666567,2903649
2016-02-17,5382312,37.58,2903649,3224004,1742325,5382312
2016-02-18,2231481,37.4,5382312,3923627,2128426,2231481
2016-02-19,2339426,37.36,2231481,2903649,2833492,2339426
2016-02-22,1792962,36.81,2339426,5382312,4424609,1792962
2016-02-23,1282290,36.01,1792962,2231481,3888601,1282290
2016-02-24,1454952,36.31,1282290,2339426,3464464,1454952
2016-02-25,1453515,37.0,1454952,1792962,3169951,1453515
2016-02-26,944266,36.95,1453515,1282290,3224004,944266
2016-02-29,2187500,36.29,944266,1454952,3923627,2187500
2016-03-01,2760200,36.97,2187500,1453515,2903649,2760200
2016-03-02,3612508,35.83,2760200,944266,5382312,3612508
2016-03-03,946823,34.39,3612508,2187500,2231481,946823
2016-03-04,1124968,34.15,946823,2760200,2339426,1124968
2016-03-07,1221574,35.53,1124968,3612508,1792962,1221574
2016-03-08,1801486,34.935,1221574,946823,1282290,1801486
2016-03-09,1614633,35.52,1801486,1124968,1454952,1614633
2016-03-10,1614998,36.4,1614633,1221574,1453515,1614998
2016-03-11,1517348,34.75,1614998,1801486,944266,1517348
2016-03-14,929638,37.09,1517348,1614633,2187500,929638
2016-03-15,1059439,36.85,929638,1614998,2760200,1059439
2016-03-16,1956125,37.78,1059439,1517348,3612508,1956125
2016-03-17,1895669,36.95,1956125,929638,946823,1895669
2016-03-18,2504361,36.47,1895669,1059439,1124968,2504361
2016-03-21,2172615,36.96,2504361,1956125,1221574,2172615
2016-03-22,1552312,37.44,2172615,1895669,1801486,1552312
2016-03-23,1554822,37.33,1552312,2504361,1614633,1554822
2016-03-24,993627,37.61,1554822,2172615,1614998,993627
2016-03-28,1272724,38.41,993627,1552312,1517348,1272724
2016-03-29,1091198,38.74,1272724,1554822,929638,1091198
2016-03-30,783495,39.03,1091198,993627,1059439,783495
2016-03-31,3143468,38.96,783495,1272724,1956125,3143468
2016-04-01,2857844,38.01,3143468,1091198,1895669,2857844
2016-04-04,2958061,37.96,2857844,783495,2504361,2958061
2016-04-05,1900659,37.62,2958061,3143468,2172615,1900659
2016-04-06,1566612,38.32,1900659,2857844,1552312,1566612
2016-04-07,1373839,38.41,1566612,2958061,1554822,1373839
2016-04-08,1106293,38.08,1373839,1900659,993627,1106293
2016-04-11,1049336,38.02,1106293,1566612,1272724,1049336
2016-04-12,992495,38.59,1049336,1373839,1091198,992495
2016-04-13,2495340,39.27,992495,1106293,783495,2495340
2016-04-14,1347753,39.64,2495340,1049336,3143468,1347753
2016-04-15,1442264,39.445,1347753,992495,2857844,1442264
2016-04-18,1536678,39.37,1442264,2495340,2958061,1536678
2016-04-19,1640774,38.89,1536678,1347753,1900659,1640774
2016-04-20,1243893,39.14,1640774,1442264,1566612,1243893
2016-04-21,1670389,39.11,1243893,1536678,1373839,1670389
2016-04-22,1396272,39.89,1670389,1640774,1106293,1396272
2016-04-25,1500449,39.66,1396272,1243893,1049336,1500449
2016-04-26,1868970,39.5,1500449,1670389,992495,1868970
2016-04-27,1189462,39.8,1868970,1396272,2495340,1189462
2016-04-28,1549792,39.19,1189462,1500449,1347753,1549792
2016-04-29,2028332,39.17,1549792,1868970,1442264,2028332
2016-05-02,1285318,39.25,2028332,1189462,1536678,1285318
2016-05-03,1333991,39.4,1285318,1549792,1640774,1333991
2016-05-04,1602991,39.35,1333991,2028332,1243893,1602991
2016-05-05,1083956,39.34,1602991,1285318,1670389,1083956
2016-05-06,1403483,39.5,1083956,1333991,1396272,1403483
2016-05-09,1741539,40.53,1403483,1602991,1500449,1741539
2016-05-10,2094305,40.625,1741539,1083956,1868970,2094305
2016-05-11,3328961,40.61,2094305,1403483,1189462,3328961
2016-05-12,2504924,41.13,3328961,1741539,1549792,2504924
2016-05-13,2430565,41.3,2504924,2094305,2028332,2430565
2016-05-16,3979321,41.42,2430565,3328961,1285318,3979321
2016-05-17,7130371,41.55,3979321,2504924,1333991,7130371
2016-05-18,3476470,41.53,7130371,2430565,1602991,3476470
2016-05-19,3660160,41.26,3476470,3979321,1083956,3660160
2016-05-20,2567686,41.04,3660160,7130371,1403483,2567686
2016-05-23,1689755,41.06,2567686,3476470,1741539,1689755
2016-05-24,3236305,40.26,1689755,3660160,2094305,3236305
2016-05-25,2352424,41.13,3236305,2567686,3328961,2352424
2016-05-26,2569626,40.91,2352424,1689755,2504924,2569626
2016-05-27,1823120,40.39,2569626,3236305,2430565,1823120
2016-05-31,2256373,40.51,1823120,2352424,3979321,2256373
2016-06-01,1734386,40.72,2256373,2569626,7130371,1734386
2016-06-02,2209387,41.29,1734386,1823120,3476470,2209387
2016-06-03,2395816,41.35,2209387,2256373,3660160,2395816
2016-06-06,2359193,42.12,2395816,1734386,2567686,2359193
2016-06-07,1500872,42.42,2359193,2209387,1689755,1500872
2016-06-08,1552146,42.39,1500872,2395816,3236305,1552146
2016-06-09,1204415,42.5,1552146,2359193,2352424,1204415
2016-06-10,1261698,43.63,1204415,1500872,2569626,1261698
2016-06-13,1272833,43.99,1261698,1552146,1823120,1272833
2016-06-14,1624087,43.975,1272833,1204415,2256373,1624087
2016-06-15,2029194,44.69,1624087,1261698,1734386,2029194
2016-06-16,1784741,44.53,2029194,1272833,2209387,1784741
2016-06-17,3434813,44.7,1784741,1624087,2395816,3434813
2016-06-20,3161329,45.12,3434813,2029194,2359193,3161329
2016-06-21,2112964,45.2,3161329,1784741,1500872,2112964
2016-06-22,2412064,45.37,2112964,3434813,1552146,2412064
2016-06-23,1487938,45.575,2412064,3161329,1204415,1487938
2016-06-24,5263644,45.45,1487938,2112964,1261698,5263644
2016-06-27,4328364,45.82,5263644,2412064,1272833,4328364
2016-06-28,4300845,45.19,4328364,1487938,1624087,4300845
2016-06-29,2402578,45.72,4300845,5263644,2029194,2402578
2016-06-30,2181066,45.6099,2402578,4328364,1784741,2181066
2016-07-01,1591476,45.71,2181066,4300845,3434813,1591476
2016-07-05,1813468,45.88,1591476,2402578,3161329,1813468
2016-07-06,2312133,45.19,1813468,2181066,2112964,2312133
2016-07-07,1861536,44.905,2312133,1591476,2412064,1861536
2016-07-08,1838137,44.56,1861536,1813468,1487938,1838137
2016-07-11,1094683,44.9,1838137,2312133,5263644,1094683
2016-07-12,2237748,44.585,1094683,1861536,4328364,2237748
2016-07-13,1852475,44.87,2237748,1838137,4300845,1852475
2016-07-14,1192500,45.57,1852475,1094683,2402578,1192500
2016-07-15,1202638,45.76,1192500,2237748,2181066,1202638
2016-07-18,1362884,45.945,1202638,1852475,1591476,1362884
2016-07-19,2583860,46.39,1362884,1192500,1813468,2583860
2016-07-20,2124914,43.92,2583860,1202638,2312133,2124914
2016-07-21,1226365,41.98,2124914,1362884,1861536,1226365
2016-07-22,1512440,42.155,1226365,2583860,1838137,1512440
2016-07-25,1720649,43.19,1512440,2124914,1094683,1720649
2016-07-26,1792674,43.59,1720649,1226365,2237748,1792674
2016-07-27,1572573,44.31,1792674,1512440,1852475,1572573
2016-07-28,1945517,43.63,1572573,1720649,1192500,1945517
2016-07-29,1881372,43.36,1945517,1792674,1202638,1881372
2016-08-01,1604639,44.18,1881372,1572573,1362884,1604639
2016-08-02,1595948,44.86,1604639,1945517,2583860,1595948
2016-08-03,1508868,45.35,1595948,1881372,2124914,1508868
2016-08-04,1700182,45.64,1508868,1604639,1226365,1700182
2016-08-05,1250805,46.325,1700182,1595948,1512440,1250805
2016-08-08,1311724,46.69,1250805,1508868,1720649,1311724
2016-08-09,1006170,46.55,1311724,1700182,1792674,1006170
2016-08-10,754137,46.341,1006170,1250805,1572573,754137
2016-08-11,1377024,46.49,754137,1311724,1945517,1377024
2016-08-12,1538976,46.82,1377024,1006170,1881372,1538976
2016-08-15,2323589,46.465,1538976,754137,1604639,2323589
2016-08-16,3175994,46.42,2323589,1377024,1595948,3175994
2016-08-17,3154934,45.92,3175994,1538976,1508868,3154934
2016-08-18,4660295,45.79,3154934,2323589,1700182,4660295
2016-08-19,3340438,46.73,4660295,3175994,1250805,3340438
2016-08-22,1626833,47.02,3340438,3154934,1311724,1626833
2016-08-23,1645348,47.36,1626833,4660295,1006170,1645348
2016-08-24,2634707,47.62,1645348,3340438,754137,2634707
2016-08-25,2160074,46.97,2634707,1626833,1377024,2160074
2016-08-26,1581245,46.9,2160074,1645348,1538976,1581245
2016-08-29,1332975,46.74,1581245,2634707,2323589,1332975
2016-08-30,2231203,47.1,1332975,2160074,3175994,2231203
2016-08-31,1676587,47.14,2231203,1581245,3154934,1676587
2016-09-01,1257886,47.11,1676587,1332975,4660295,1257886
2016-09-02,1424454,47.21,1257886,2231203,3340438,1424454
2016-09-06,1460928,47.47,1424454,1676587,1626833,1460928
2016-09-07,1542576,47.7,1460928,1257886,1645348,1542576
2016-09-08,884738,48.12,1542576,1424454,2634707,884738
2016-09-09,2507018,48.117,884738,1460928,2160074,2507018
2016-09-12,1835434,48.08,2507018,1542576,1581245,1835434
2016-09-13,3461832,46.09,1835434,884738,1332975,3461832
2016-09-14,1604806,46.57,3461832,2507018,2231203,1604806
2016-09-15,1733971,47.38,1604806,1835434,1676587,1733971
2016-09-16,2592850,47.68,1733971,3461832,1257886,2592850
2016-09-19,1927900,46.63,2592850,1604806,1424454,1927900
2016-09-20,2333122,46.61,1927900,1733971,1460928,2333122
2016-09-21,1612736,47.07,2333122,2592850,1542576,1612736
2016-09-22,1307074,47.31,1612736,1927900,884738,1307074
2016-09-23,1957032,47.08,1307074,2333122,2507018,1957032
2016-09-26,2639060,46.8075,1957032,1612736,1835434,2639060
2016-09-27,1587143,46.8075,2639060,1307074,3461832,1587143
2016-09-28,1502533,46.89,1587143,1957032,1604806,1502533
2016-09-29,1938218,46.72,1502533,2639060,1733971,1938218
2016-09-30,1754316,46.86,1938218,1587143,2592850,1754316
2016-10-03,1539625,46.94,1754316,1502533,1927900,1539625
2016-10-04,1763985,44.87,1539625,1938218,2333122,1763985
2016-10-05,1432268,44.47,1763985,1754316,1612736,1432268
2016-10-06,1772801,44.61,1432268,1539625,1307074,1772801
2016-10-07,1663127,44.6,1772801,1763985,1957032,1663127
2016-10-10,1544958,44.81,1663127,1432268,2639060,1544958
2016-10-11,2912537,44.74,1544958,1772801,1587143,2912537
2016-10-12,1736076,44.86,2912537,1663127,1502533,1736076
2016-10-13,1336023,45.15,1736076,1544958,1938218,1336023
2016-10-14,997137,45.41,1336023,2912537,1754316,997137
2016-10-17,1160321,46.29,997137,1736076,1539625,1160321
2016-10-18,1949108,46.31,1160321,1336023,1763985,1949108
2016-10-19,1769090,46.16,1949108,997137,1432268,1769090
2016-10-20,1493608,46.23,1769090,1160321,1772801,1493608
2016-10-21,1011340,46.52,1493608,1949108,1663127,1011340
2016-10-24,1666388,46.14,1011340,1769090,1544958,1666388
2016-10-25,3949609,46.3,1666388,1493608,2912537,3949609
2016-10-26,2146178,46.82,3949609,1011340,1736076,2146178
2016-10-27,2393625,46.67,2146178,1666388,1336023,2393625
2016-10-28,1471348,46.9275,2393625,3949609,997137,1471348
2016-10-31,1556762,46.88,1471348,2146178,1160321,1556762
2016-11-01,2133116,46.99,1556762,2393625,1949108,2133116
2016-11-02,2240428,47.55,2133116,1471348,1769090,2240428
2016-11-03,2510054,45.42,2240428,1556762,1493608,2510054
2016-11-04,2220908,45.42,2510054,2133116,1011340,2220908
2016-11-07,1723957,44.755,2220908,2240428,1666388,1723957
2016-11-08,2136740,45.08,1723957,2510054,3949609,2136740
2016-11-09,3501243,44.9999,2136740,2220908,2146178,3501243
2016-11-10,2558722,45.27,3501243,1723957,2393625,2558722
2016-11-11,2219255,45.34,2558722,2136740,1471348,2219255
2016-11-14,3443200,45.65,2219255,3501243,1556762,3443200
2016-11-15,4710170,45.29,3443200,2558722,2133116,4710170
2016-11-16,4026754,45.64,4710170,2219255,2240428,4026754
2016-11-17,2070609,43.17,4026754,3443200,2510054,2070609
2016-11-18,3148538,43.24,2070609,4710170,2220908,3148538
2016-11-21,2540067,43.35,3148538,4026754,1723957,2540067
2016-11-22,2831226,43.11,2540067,2070609,2136740,2831226
2016-11-23,1926275,43.18,2831226,3148538,3501243,1926275
2016-11-25,877140,43.14,1926275,2540067,2558722,877140
2016-11-28,2241795,43.24,877140,2831226,2219255,2241795
2016-11-29,1952118,43.18,2241795,1926275,3443200,1952118
2016-11-30,2238575,43.69,1952118,877140,4710170,2238575
2016-12-01,2823273,44.95,2238575,2241795,4026754,2823273
2016-12-02,2153515,45.32,2823273,1952118,2070609,2153515
2016-12-05,2495020,44.49,2153515,2238575,3148538,2495020
2016-12-06,1136658,46.34,2495020,2823273,2540067,1136658
2016-12-07,1815238,46.21,1136658,2153515,2831226,1815238
2016-12-08,1848936,45.18,1815238,2495020,1926275,1848936
2016-12-09,1937622,44.95,1848936,1136658,877140,1937622
2016-12-12,1851517,46.15,1937622,1815238,2241795,1851517
2016-12-13,1734678,45.55,1851517,1848936,1952118,1734678
2016-12-14,2044052,45.01,1734678,1937622,2238575,2044052
2016-12-15,1338905,44.65,2044052,1851517,2823273,1338905
2016-12-16,2103155,43.77,1338905,1734678,2153515,2103155
2016-12-19,1084164,43.97,2103155,2044052,2495020,1084164
2016-12-20,1552366,44.62,1084164,1338905,1136658,1552366
2016-12-21,1652288,43.58,1552366,2103155,1815238,1652288
2016-12-22,968296,43.52,1652288,1084164,1848936,968296
2016-12-23,727682,43.94,968296,1552366,1937622,727682
2016-12-27,1535489,42.92,727682,1652288,1851517,1535489
2016-12-28,1177275,43.27,1535489,968296,1734678,1177275
2016-12-29,891398,44.21,1177275,727682,2044052,891398
2016-12-30,1216100,44.2,891398,1535489,1338905,1216100
2017-01-03,1739726,44.11,1216100,1177275,2103155,1739726
2017-01-04,1821264,44.77,1739726,891398,1084164,1821264
2017-01-05,1503763,45.85,1821264,1216100,1552366,1503763
2017-01-06,2883483,46.11,1503763,1739726,1652288,2883483
2017-01-09,2575328,46.16,2883483,1821264,968296,2575328
2017-01-10,1560549,46.0,2575328,1503763,727682,1560549
2017-01-11,5624332,45.9201,1560549,2883483,1535489,5624332
2017-01-12,3276952,45.81,5624332,2575328,1177275,3276952
2017-01-13,1568923,45.36,3276952,1560549,891398,1568923
2017-01-17,1939449,45.54,1568923,5624332,1216100,1939449
2017-01-18,1523508,45.86,1939449,3276952,1739726,1523508
2017-01-19,1346142,45.8,1523508,1568923,1821264,1346142
2017-01-20,1701695,45.93,1346142,1939449,1503763,1701695
2017-01-23,2013878,46.32,1701695,1523508,2883483,2013878
2017-01-24,2741915,45.68,2013878,1346142,2575328,2741915
2017-01-25,3073228,45.57,2741915,1701695,1560549,3073228
2017-01-26,1895562,45.375,3073228,2013878,5624332,1895562
2017-01-27,1527822,45.74,1895562,2741915,3276952,1527822
2017-01-30,2266487,46.8162,1527822,3073228,1568923,2266487
2017-01-31,2552612,46.355,2266487,1895562,1939449,2552612
2017-02-01,2244604,46.56,2552612,1527822,1523508,2244604
2017-02-02,1352525,47.905,2244604,2266487,1346142,1352525
2017-02-03,1191855,47.82,1352525,2552612,1701695,1191855
2017-02-06,952095,47.95,1191855,2244604,2013878,952095
2017-02-07,2170720,47.98,952095,1352525,2741915,2170720
2017-02-08,2107079,48.41,2170720,1191855,3073228,2107079
2017-02-09,2557747,48.175,2107079,952095,1895562,2557747
2017-02-10,2092479,48.0,2557747,2170720,1527822,2092479
2017-02-13,1568350,47.51,2092479,2107079,2266487,1568350
2017-02-14,3546878,47.4139,1568350,2557747,2552612,3546878
2017-02-15,5724488,47.23,3546878,2092479,2244604,5724488
2017-02-16,2550439,47.05,5724488,1568350,1352525,2550439
2017-02-17,2195788,47.41,2550439,3546878,1191855,2195788
2017-02-21,2036993,47.915,2195788,5724488,952095,2036993
2017-02-22,1632886,48.3,2036993,2550439,2170720,1632886
2017-02-23,1006867,47.385,1632886,2195788,2107079,1006867
2017-02-24,1612698,48.01,1006867,2036993,2557747,1612698
2017-02-27,1195138,48.68,1612698,1632886,2092479,1195138
2017-02-28,1417772,48.47,1195138,1006867,1568350,1417772
2017-03-01,2026600,49.06,1417772,1612698,3546878,2026600
2017-03-02,1706500,48.96,2026600,1195138,5724488,1706500
2017-03-03,1824423,49.26,1706500,1417772,2550439,1824423
2017-03-06,1884477,49.23,1824423,2026600,2195788,1884477
2017-03-07,2233561,50.0,1884477,1706500,2036993,2233561
2017-03-08,1517642,50.02,2233561,1824423,1632886,1517642
2017-03-09,1259407,50.42,1517642,1884477,1006867,1259407
2017-03-10,1860508,50.09,1259407,2233561,1612698,1860508
2017-03-13,1376191,50.62,1860508,1517642,1195138,1376191
2017-03-14,1203368,50.56,1376191,1259407,1417772,1203368
2017-03-15,4117983,50.58,1203368,1860508,2026600,4117983
2017-03-16,2676915,51.17,4117983,1376191,1706500,2676915
2017-03-17,1936902,51.19,2676915,1203368,1824423,1936902
2017-03-20,1221409,51.2,1936902,4117983,1884477,1221409
2017-03-21,1492698,51.33,1221409,2676915,2233561,1492698
2017-03-22,1257072,51.46,1492698,1936902,1517642,1257072
2017-03-23,1717929,51.23,1257072,1221409,1259407,1717929
2017-03-24,2015289,51.62,1717929,1492698,1860508,2015289
2017-03-27,1446568,51.33,2015289,1257072,1376191,1446568
2017-03-28,1312688,51.15,1446568,1717929,1203368,1312688
2017-03-29,1469882,51.175,1312688,2015289,4117983,1469882
2017-03-30,1627592,50.86,1469882,1446568,2676915,1627592
2017-03-31,1705625,50.95,1627592,1312688,1936902,1705625
2017-04-03,1550227,51.13,1705625,1469882,1221409,1550227
2017-04-04,2017094,51.48,1550227,1627592,1492698,2017094
2017-04-05,1778251,51.99,2017094,1705625,1257072,1778251
2017-04-06,1548170,51.96,1778251,1550227,1717929,1548170
2017-04-07,1243550,53.02,1548170,2017094,2015289,1243550
2017-04-10,1025248,52.83,1243550,1778251,1446568,1025248
2017-04-11,1520703,52.92,1025248,1548170,1312688,1520703
2017-04-12,1258152,53.0,1520703,1243550,1469882,1258152
2017-04-13,863990,52.48,1258152,1025248,1627592,863990
2017-04-17,1569436,52.65,863990,1520703,1705625,1569436
2017-04-18,1241164,52.72,1569436,1258152,1550227,1241164
2017-04-19,2096351,52.84,1241164,863990,2017094,2096351
2017-04-20,1569985,52.42,2096351,1569436,1778251,1569985
2017-04-21,2189351,53.095,1569985,1241164,1548170,2189351
2017-04-24,2257682,52.78,2189351,2096351,1243550,2257682
2017-04-25,2181857,52.9,2257682,1569985,1025248,2181857
2017-04-26,1834961,52.81,2181857,2189351,1520703,1834961
2017-04-27,1529024,52.73,1834961,2257682,1258152,1529024
2017-04-28,3078163,52.48,1529024,2181857,863990,3078163
2017-05-01,1897018,52.695,3078163,1834961,1569436,1897018
2017-05-02,1693069,52.26,1897018,1529024,1241164,1693069
2017-05-03,1702565,52.7,1693069,3078163,2096351,1702565
2017-05-04,2615560,52.68,1702565,1897018,1569985,2615560
2017-05-05,1571536,52.37,2615560,1693069,2189351,1571536
2017-05-08,2189984,52.47,1571536,1702565,2257682,2189984
2017-05-09,1559975,52.31,2189984,2615560,2181857,1559975
2017-05-10,1566289,52.43,1559975,1571536,1834961,1566289
2017-05-11,1347633,52.68,1566289,2189984,1529024,1347633
2017-05-12,1578292,52.95,1347633,1559975,3078163,1578292
2017-05-15,1472226,52.79,1578292,1566289,1897018,1472226
2017-05-16,1032600,52.8399,1472226,1347633,1693069,1032600
2017-05-17,1839737,53.91,1032600,1578292,1702565,1839737
2017-05-18,1934996,54.51,1839737,1472226,2615560,1934996
2017-05-19,1654441,54.805,1934996,1032600,1571536,1654441
2017-05-22,4264780,54.83,1654441,1839737,2189984,4264780
2017-05-23,7510578,54.835,4264780,1934996,1559975,7510578
2017-05-24,4105470,55.36,7510578,1654441,1566289,4105470
2017-05-25,2772812,55.51,4105470,4264780,1347633,2772812
2017-05-26,1535237,55.61,2772812,7510578,1578292,1535237
2017-05-30,2576416,56.16,1535237,4105470,1472226,2576416
2017-05-31,2552411,56.59,2576416,2772812,1032600,2552411
2017-06-01,2100441,55.93,2552411,1535237,1839737,2100441
2017-06-02,1666245,56.29,2100441,2576416,1934996,1666245
2017-06-05,1473282,56.08,1666245,2552411,1654441,1473282
2017-06-06,1968022,55.8,1473282,2100441,4264780,1968022
2017-06-07,1617604,55.96,1968022,1666245,7510578,1617604
2017-06-08,3486602,56.01,1617604,1473282,4105470,3486602
2017-06-09,2352814,56.45,3486602,1968022,2772812,2352814
2017-06-12,2579658,55.67,2352814,1617604,1535237,2579658
2017-06-13,1527210,55.6,2579658,3486602,2576416,1527210
2017-06-14,1203468,55.86,1527210,2352814,2552411,1203468
2017-06-15,1092596,55.85,1203468,2579658,2100441,1092596
2017-06-16,2157514,58.0,1092596,1527210,1666245,2157514
2017-06-19,2383659,58.0725,2157514,1203468,1473282,2383659
2017-06-20,1821710,58.92,2383659,1092596,1968022,1821710
2017-06-21,2247944,59.041,1821710,2157514,1617604,2247944
2017-06-22,3473861,59.41,2247944,2383659,3486602,3473861
2017-06-23,2879785,59.45,3473861,1821710,2352814,2879785
2017-06-26,1535542,59.81,2879785,2247944,2579658,1535542
2017-06-27,1060391,60.76,1535542,3473861,1527210,1060391
2017-06-28,1191537,60.33,1060391,2879785,1203468,1191537
2017-06-29,1357538,60.1,1191537,1535542,1092596,1357538
2017-06-30,1593786,59.98,1357538,1060391,2157514,1593786
2017-07-03,1489574,59.71,1593786,1191537,2383659,1489574
2017-07-05,1638980,59.13,1489574,1357538,1821710,1638980
2017-07-06,2249516,57.92,1638980,1593786,2247944,2249516
2017-07-07,965439,58.93,2249516,1489574,3473861,965439
2017-07-10,1146033,59.05,965439,1638980,2879785,1146033
2017-07-11,2976519,58.82,1146033,2249516,1535542,2976519
2017-07-12,1439395,59.235,2976519,965439,1060391,1439395
2017-07-13,2060109,59.58,1439395,1146033,1191537,2060109
2017-07-14,1286073,60.295,2060109,2976519,1357538,1286073
2017-07-17,1332751,59.67,1286073,1439395,1593786,1332751
2017-07-18,1520122,59.61,1332751,2060109,1489574,1520122
2017-07-19,1512177,59.5001,1520122,1286073,1638980,1512177
2017-07-20,2009405,59.15,1512177,1332751,2249516,2009405
2017-07-21,1283236,58.84,2009405,1520122,965439,1283236
2017-07-24,973808,59.2,1283236,1512177,1146033,973808
2017-07-25,1691988,58.49,973808,2009405,2976519,1691988
2017-07-26,2520698,58.835,1691988,1283236,1439395,2520698
2017-07-27,1944962,59.13,2520698,973808,2060109,1944962
2017-07-28,1236434,59.19,1944962,1691988,1286073,1236434
2017-07-31,1043729,59.07,1236434,2520698,1332751,1043729
2017-08-01,1324251,59.33,1043729,1944962,1520122,1324251
2017-08-02,1121566,59.38,1324251,1236434,1512177,1121566
2017-08-03,983246,59.46,1121566,1043729,2009405,983246
2017-08-04,778762,60.16,983246,1324251,1283236,778762
2017-08-07,975738,60.67,778762,1121566,973808,975738
2017-08-08,1162440,60.915,975738,983246,1691988,1162440
2017-08-09,1965048,61.4,1162440,778762,2520698,1965048
2017-08-10,2471473,60.95,1965048,975738,1944962,2471473
2017-08-11,1511552,61.17,2471473,1162440,1236434,1511552
2017-08-14,2409765,60.81,1511552,1965048,1043729,2409765
2017-08-15,2933295,60.76,2409765,2471473,1324251,2933295
2017-08-16,6892023,61.25,2933295,1511552,1121566,6892023
2017-08-17,3501640,60.38,6892023,2409765,983246,3501640
2017-08-18,2357872,59.39,3501640,2933295,778762,2357872
2017-08-21,1486144,59.6,2357872,6892023,975738,1486144
2017-08-22,1666369,59.61,1486144,3501640,1162440,1666369
2017-08-23,1445677,59.76,1666369,2357872,1965048,1445677
2017-08-24,1584503,59.805,1445677,1486144,2471473,1584503
2017-08-25,1352761,59.52,1584503,1666369,1511552,1352761
2017-08-28,1290434,59.97,1352761,1445677,2409765,1290434
2017-08-29,1206649,60.01,1290434,1584503,2933295,1206649
2017-08-30,1072530,60.005,1206649,1352761,6892023,1072530
2017-08-31,1930071,60.08,1072530,1290434,3501640,1930071
2017-09-01,1224667,59.38,1930071,1206649,2357872,1224667
2017-09-05,910613,58.22,1224667,1072530,1486144,910613
2017-09-06,974511,58.69,910613,1930071,1666369,974511
2017-09-07,1075757,59.55,974511,1224667,1445677,1075757
2017-09-08,1588439,59.11,1075757,910613,1584503,1588439
2017-09-11,1770025,60.76,1588439,974511,1352761,1770025
2017-09-12,1082149,60.78,1770025,1075757,1290434,1082149
2017-09-13,2042563,60.28,1082149,1588439,1206649,2042563
2017-09-14,1481022,60.96,2042563,1770025,1072530,1481022
2017-09-15,2295974,61.85,1481022,1082149,1930071,2295974
2017-09-18,1562007,62.6,2295974,2042563,1224667,1562007
2017-09-19,1238004,62.35,1562007,1481022,910613,1238004
2017-09-20,1186007,62.67,1238004,2295974,974511,1186007
2017-09-21,874785,62.97,1186007,1562007,1075757,874785
2017-09-22,1296244,63.021,874785,1238004,1588439,1296244
2017-09-25,1841833,63.39,1296244,1186007,1770025,1841833
2017-09-26,1615338,63.9,1841833,874785,1082149,1615338
2017-09-27,1272526,64.21,1615338,1296244,2042563,1272526
2017-09-28,1126243,63.81,1272526,1841833,1481022,1126243
2017-09-29,1672816,64.05,1126243,1615338,2295974,1672816
2017-10-02,1693854,64.49,1672816,1272526,1562007,1693854
2017-10-03,1216981,64.83,1693854,1126243,1238004,1216981
2017-10-04,745628,65.38,1216981,1672816,1186007,745628
2017-10-05,1974081,65.89,745628,1693854,874785,1974081
2017-10-06,1405100,65.41,1974081,1216981,1296244,1405100
2017-10-09,1542307,65.16,1405100,745628,1841833,1542307
2017-10-10,1143075,65.62,1542307,1974081,1615338,1143075
2017-10-11,1794800,65.7,1143075,1405100,1272526,1794800
2017-10-12,1454994,66.0,1794800,1542307,1126243,1454994
2017-10-13,943164,65.77,1454994,1143075,1672816,943164
2017-10-16,1473459,65.63,943164,1794800,1693854,1473459
2017-10-17,1711833,65.71,1473459,1454994,1216981,1711833
2017-10-18,1150468,64.44,1711833,943164,745628,1150468
2017-10-19,1359119,63.91,1150468,1473459,1974081,1359119
2017-10-20,1506112,64.05,1359119,1711833,1405100,1506112
2017-10-23,1267570,63.97,1506112,1150468,1542307,1267570
2017-10-24,1975704,63.72,1267570,1359119,1143075,1975704
2017-10-25,1590537,64.21,1975704,1506112,1794800,1590537
2017-10-26,1418152,65.06,1590537,1267570,1454994,1418152
2017-10-27,1440996,65.15,1418152,1975704,943164,1440996
2017-10-30,846605,65.52,1440996,1590537,1473459,846605
2017-10-31,1614432,65.66,846605,1418152,1711833,1614432
2017-11-01,1357998,66.02,1614432,1440996,1150468,1357998
2017-11-02,1856865,66.22,1357998,846605,1359119,1856865
2017-11-03,1072288,66.34,1856865,1614432,1506112,1072288
2017-11-06,995731,66.54,1072288,1357998,1267570,995731
2017-11-07,956466,66.89,995731,1856865,1975704,956466
2017-11-08,977616,66.77,956466,1072288,1590537,977616
2017-11-09,1665042,65.99,977616,995731,1418152,1665042
2017-11-10,1439275,66.07,1665042,956466,1440996,1439275
2017-11-13,1536388,66.06,1439275,977616,846605,1536388
2017-11-14,2426247,67.07,1536388,1665042,1614432,2426247
2017-11-15,2042296,66.93,2426247,1439275,1357998,2042296
2017-11-16,2300408,66.88,2042296,1536388,1856865,2300408
2017-11-17,1823122,67.03,2300408,2426247,1072288,1823122
2017-11-20,4143453,67.2,1823122,2042296,995731,4143453
2017-11-21,5330554,67.41,4143453,2300408,956466,5330554
2017-11-22,3041728,67.1,5330554,1823122,977616,3041728
2017-11-24,1015411,67.54,3041728,4143453,1665042,1015411
2017-11-27,1439275,67.84,1015411,5330554,1439275,1439275
2017-11-28,2473433,67.81,1439275,3041728,1536388,2473433
2017-11-29,1904175,68.01,2473433,1015411,2426247,1904175
2017-11-30,1922514,67.87,1904175,1439275,2042296,1922514
2017-12-01,2516564,68.04,1922514,2473433,2300408,2516564
2017-12-04,2899424,67.771,2516564,1904175,1823122,2899424
2017-12-05,2383974,66.91,2899424,1922514,4143453,2383974
2017-12-06,1690108,69.17,2383974,2516564,5330554,1690108
2017-12-07,2294513,66.25,1690108,2899424,3041728,2294513
2017-12-08,2195577,66.89,2294513,2383974,1015411,2195577
2017-12-11,2438556,66.91,2195577,1690108,1439275,2438556
2017-12-12,2180984,67.45,2438556,2294513,2473433,2180984
2017-12-13,1684618,68.29,2180984,2195577,1904175,1684618
2017-12-14,1774564,68.95,1684618,2438556,1922514,1774564
2017-12-15,2871925,67.7,1774564,2180984,2516564,2871925
2017-12-18,2306264,68.3,2871925,1684618,2899424,2306264
2017-12-19,1469439,68.78,2306264,1774564,2383974,1469439
2017-12-20,1363529,69.17,1469439,2871925,1690108,1363529
2017-12-21,1502218,69.42,1363529,2306264,2294513,1502218
2017-12-22,1221315,68.45,1502218,1469439,2195577,1221315
2017-12-26,532863,68.21,1221315,1363529,2438556,532863
2017-12-27,1038585,67.23,532863,1502218,2180984,1038585
2017-12-28,607022,66.18,1038585,1221315,1684618,607022
2017-12-29,1064895,65.73,607022,532863,1774564,1064895
2018-01-02,1047830,65.601,1064895,1038585,2871925,1047830
2018-01-03,1698899,65.77,1047830,607022,2306264,1698899
2018-01-04,2231534,66.6523,1698899,1064895,1469439,2231534
2018-01-05,1632512,66.48,2231534,1047830,1363529,1632512
2018-01-08,1613911,66.5,1632512,1698899,1502218,1613911
2018-01-09,2666711,66.64,1613911,2231534,1221315,2666711
