date,volume_t-1,volume_t-5,volume_t-18,volume_t-17,volume_t-15,volume
2013-03-08,3256301,2435306,2373731,2052338,14657315,3256301
2013-03-11,5472837,3289188,2052338,3826245,4116141,5472837
2013-03-12,3767613,2996908,3826245,14657315,3873183,3767613
2013-03-13,2241086,2414186,14657315,4116141,3415149,2241086
2013-03-14,2840603,3256301,4116141,3873183,3354862,2840603
2013-03-15,2579690,5472837,3873183,3415149,3622460,2579690
2013-03-18,1847766,3767613,3415149,3354862,6185811,1847766
2013-03-19,6246443,2241086,3354862,3622460,3564385,6246443
2013-03-20,3240314,2840603,3622460,6185811,3464202,3240314
2013-03-21,4409084,2579690,6185811,3564385,3089323,4409084
2013-03-22,5425027,1847766,3564385,3464202,2435306,5425027
2013-03-25,2797510,6246443,3464202,3089323,3289188,2797510
2013-03-26,2513554,3240314,3089323,2435306,2996908,2513554
2013-03-27,3369968,4409084,2435306,3289188,2414186,3369968
2013-03-28,2147900,5425027,3289188,2996908,3256301,2147900
2013-04-01,2541331,2797510,2996908,2414186,5472837,2541331
2013-04-02,2354390,2513554,2414186,3256301,3767613,2354390
2013-04-03,5278950,3369968,3256301,5472837,2241086,5278950
2013-04-04,3918841,2147900,5472837,3767613,2840603,3918841
2013-04-05,4959134,2541331,3767613,2241086,2579690,4959134
2013-04-08,2395400,2354390,2241086,2840603,1847766,2395400
2013-04-09,1659420,5278950,2840603,2579690,6246443,1659420
2013-04-10,2169261,3918841,2579690,1847766,3240314,2169261
2013-04-11,5626492,4959134,1847766,6246443,4409084,5626492
2013-04-12,6083564,2395400,6246443,3240314,5425027,6083564
2013-04-15,7750724,1659420,3240314,4409084,2797510,7750724
2013-04-16,4505330,2169261,4409084,5425027,2513554,4505330
2013-04-17,4492937,5626492,5425027,2797510,3369968,4492937
2013-04-18,3976804,6083564,2797510,2513554,2147900,3976804
2013-04-19,3075803,7750724,2513554,3369968,2541331,3075803
2013-04-22,2340457,4505330,3369968,2147900,2354390,2340457
2013-04-23,3522419,4492937,2147900,2541331,5278950,3522419
2013-04-24,3020692,3976804,2541331,2354390,3918841,3020692
2013-04-25,2119838,3075803,2354390,5278950,4959134,2119838
2013-04-26,5283798,2340457,5278950,3918841,2395400,5283798
2013-04-29,2541961,3522419,3918841,4959134,1659420,2541961
2013-04-30,3451449,3020692,4959134,2395400,2169261,3451449
2013-05-01,2726213,2119838,2395400,1659420,5626492,2726213
2013-05-02,3437642,5283798,1659420,2169261,6083564,3437642
2013-05-03,4741565,2541961,2169261,5626492,7750724,4741565
2013-05-06,2819360,3451449,5626492,6083564,4505330,2819360
2013-05-07,3524022,2726213,6083564,7750724,4492937,3524022
2013-05-08,2119765,3437642,7750724,4505330,3976804,2119765
2013-05-09,3159293,4741565,4505330,4492937,3075803,3159293
2013-05-10,4662252,2819360,4492937,3976804,2340457,4662252
2013-05-13,4260335,3524022,3976804,3075803,3522419,4260335
2013-05-14,6075845,2119765,3075803,2340457,3020692,6075845
2013-05-15,10289000,3159293,2340457,3522419,2119838,10289000
2013-05-16,4890962,4662252,3522419,3020692,5283798,4890962
2013-05-17,3247851,4260335,3020692,2119838,2541961,3247851
2013-05-20,5698804,6075845,2119838,5283798,3451449,5698804
2013-05-21,4020941,10289000,5283798,2541961,2726213,4020941
2013-05-22,5421887,4890962,2541961,3451449,3437642,5421887
2013-05-23,3777408,3247851,3451449,2726213,4741565,3777408
2013-05-24,2225361,5698804,2726213,3437642,2819360,2225361
2013-05-28,4793962,4020941,3437642,4741565,3524022,4793962
2013-05-29,3621114,5421887,4741565,2819360,2119765,3621114
2013-05-30,3090824,3777408,2819360,3524022,3159293,3090824
2013-05-31,4609273,2225361,3524022,2119765,4662252,4609273
2013-06-03,3677473,4793962,2119765,3159293,4260335,3677473
2013-06-04,3364296,3621114,3159293,4662252,6075845,3364296
2013-06-05,2495073,3090824,4662252,4260335,10289000,2495073
2013-06-06,3781151,4609273,4260335,6075845,4890962,3781151
2013-06-07,2781171,3677473,6075845,10289000,3247851,2781171
2013-06-10,2730800,3364296,10289000,4890962,5698804,2730800
2013-06-11,3914328,2495073,4890962,3247851,4020941,3914328
2013-06-12,2730633,3781151,3247851,5698804,5421887,2730633
2013-06-13,2594941,2781171,5698804,4020941,3777408,2594941
2013-06-14,1677669,2730800,4020941,5421887,2225361,1677669
2013-06-17,2000122,3914328,5421887,3777408,4793962,2000122
2013-06-18,2522376,2730633,3777408,2225361,3621114,2522376
2013-06-19,5805826,2594941,2225361,4793962,3090824,5805826
2013-06-20,6307980,1677669,4793962,3621114,4609273,6307980
2013-06-21,3656145,2000122,3621114,3090824,3677473,3656145
2013-06-24,2871453,2522376,3090824,4609273,3364296,2871453
2013-06-25,2939595,5805826,4609273,3677473,2495073,2939595
2013-06-26,3693707,6307980,3677473,3364296,3781151,3693707
2013-06-27,3447018,3656145,3364296,2495073,2781171,3447018
2013-06-28,5556673,2871453,2495073,3781151,2730800,5556673
2013-07-01,4283821,2939595,3781151,2781171,3914328,4283821
2013-07-02,2986405,3693707,2781171,2730800,2730633,2986405
2013-07-03,1940832,3447018,2730800,3914328,2594941,1940832
2013-07-05,2100873,5556673,3914328,2730633,1677669,2100873
2013-07-08,2572391,4283821,2730633,2594941,2000122,2572391
2013-07-09,3476214,2986405,2594941,1677669,2522376,3476214
2013-07-10,3277684,1940832,1677669,2000122,5805826,3277684
2013-07-11,2131803,2100873,2000122,2522376,6307980,2131803
2013-07-12,1978819,2572391,2522376,5805826,3656145,1978819
2013-07-15,2433181,3476214,5805826,6307980,2871453,2433181
2013-07-16,2026749,3277684,6307980,3656145,2939595,2026749
2013-07-17,1196543,2131803,3656145,2871453,3693707,1196543
2013-07-18,1999719,1978819,2871453,2939595,3447018,1999719
2013-07-19,1179308,2433181,2939595,3693707,5556673,1179308
2013-07-22,1836733,2026749,3693707,3447018,4283821,1836733
2013-07-23,2934199,1196543,3447018,5556673,2986405,2934199
2013-07-24,1831121,1999719,5556673,4283821,1940832,1831121
2013-07-25,1420233,1179308,4283821,2986405,2100873,1420233
2013-07-26,3694988,1836733,2986405,1940832,2572391,3694988
2013-07-29,1962142,2934199,1940832,2100873,3476214,1962142
2013-07-30,2791858,1831121,2100873,2572391,3277684,2791858
2013-07-31,2807402,1420233,2572391,3476214,2131803,2807402
2013-08-01,2745041,3694988,3476214,3277684,1978819,2745041
2013-08-02,2387817,1962142,3277684,2131803,2433181,2387817
2013-08-05,1875418,2791858,2131803,1978819,2026749,1875418
2013-08-06,2280909,2807402,1978819,2433181,1196543,2280909
2013-08-07,1702122,2745041,2433181,2026749,1999719,1702122
2013-08-08,1702407,2387817,2026749,1196543,1179308,1702407
2013-08-09,1958449,1875418,1196543,1999719,1836733,1958449
2013-08-12,1247241,2280909,1999719,1179308,2934199,1247241
2013-08-13,2078213,1702122,1179308,1836733,1831121,2078213
2013-08-14,1989871,1702407,1836733,2934199,1420233,1989871
2013-08-15,6708341,1958449,2934199,1831121,3694988,6708341
2013-08-16,3624694,1247241,1831121,1420233,1962142,3624694
2013-08-19,1727559,2078213,1420233,3694988,2791858,1727559
2013-08-20,2294328,1989871,3694988,1962142,2807402,2294328
2013-08-21,1949054,6708341,1962142,2791858,2745041,1949054
2013-08-22,3147986,3624694,2791858,2807402,2387817,3147986
2013-08-23,1702511,1727559,2807402,2745041,1875418,1702511
2013-08-26,2012701,2294328,2745041,2387817,2280909,2012701
2013-08-27,2138064,1949054,2387817,1875418,1702122,2138064
2013-08-28,1590425,3147986,1875418,2280909,1702407,1590425
2013-08-29,1900662,1702511,2280909,1702122,1958449,1900662
2013-08-30,1358573,2012701,1702122,1702407,1247241,1358573
2013-09-03,1565632,2138064,1702407,1958449,2078213,1565632
2013-09-04,2522043,1590425,1958449,1247241,1989871,2522043
2013-09-05,1313188,1900662,1247241,2078213,6708341,1313188
2013-09-06,1332857,1358573,2078213,1989871,3624694,1332857
2013-09-09,1668867,1565632,1989871,6708341,1727559,1668867
2013-09-10,1821283,2522043,6708341,3624694,2294328,1821283
2013-09-11,1783424,1313188,3624694,1727559,1949054,1783424
2013-09-12,1468485,1332857,1727559,2294328,3147986,1468485
2013-09-13,2141143,1668867,2294328,1949054,1702511,2141143
2013-09-16,1861513,1821283,1949054,3147986,2012701,1861513
2013-09-17,1578387,1783424,3147986,1702511,2138064,1578387
2013-09-18,2044234,1468485,1702511,2012701,1590425,2044234
2013-09-19,18146408,2141143,2012701,2138064,1900662,18146408
2013-09-20,10692052,1861513,2138064,1590425,1358573,10692052
2013-09-23,2716907,1578387,1590425,1900662,1565632,2716907
2013-09-24,2185721,2044234,1900662,1358573,2522043,2185721
2013-09-25,2865074,18146408,1358573,1565632,1313188,2865074
2013-09-26,2680307,10692052,1565632,2522043,1332857,2680307
2013-09-27,2110103,2716907,2522043,1313188,1668867,2110103
2013-09-30,2650001,2185721,1313188,1332857,1821283,2650001
2013-10-01,2997047,2865074,1332857,1668867,1783424,2997047
2013-10-02,2020794,2680307,1668867,1821283,1468485,2020794
2013-10-03,1878510,2110103,1821283,1783424,2141143,1878510
2013-10-04,1867889,2650001,1783424,1468485,1861513,1867889
2013-10-07,1382107,2997047,1468485,2141143,1578387,1382107
2013-10-08,2415258,2020794,2141143,1861513,2044234,2415258
2013-10-09,2430595,1878510,1861513,1578387,18146408,2430595
2013-10-10,2426300,1867889,1578387,2044234,10692052,2426300
2013-10-11,1500903,1382107,2044234,18146408,2716907,1500903
2013-10-14,2110504,2415258,18146408,10692052,2185721,2110504
2013-10-15,1961896,2430595,10692052,2716907,2865074,1961896
2013-10-16,2450818,2426300,2716907,2185721,2680307,2450818
2013-10-17,3548418,1500903,2185721,2865074,2110103,3548418
2013-10-18,2880870,2110504,2865074,2680307,2650001,2880870
2013-10-21,2556379,1961896,2680307,2110103,2997047,2556379
2013-10-22,4280543,2450818,2110103,2650001,2020794,4280543
2013-10-23,2348591,3548418,2650001,2997047,1878510,2348591
2013-10-24,1785894,2880870,2997047,2020794,1867889,1785894
2013-10-25,2398266,2556379,2020794,1878510,1382107,2398266
2013-10-28,1778672,4280543,1878510,1867889,2415258,1778672
2013-10-29,1193955,2348591,1867889,1382107,2430595,1193955
2013-10-30,1360046,1785894,1382107,2415258,2426300,1360046
2013-10-31,1895510,2398266,2415258,2430595,1500903,1895510
2013-11-01,1931035,1778672,2430595,2426300,2110504,1931035
2013-11-04,1409928,1193955,2426300,1500903,1961896,1409928
2013-11-05,1578131,1360046,1500903,2110504,2450818,1578131
2013-11-06,1432940,1895510,2110504,1961896,3548418,1432940
2013-11-07,3548823,1931035,1961896,2450818,2880870,3548823
2013-11-08,1860654,1409928,2450818,3548418,2556379,1860654
2013-11-11,1984482,1578131,3548418,2880870,4280543,1984482
2013-11-12,2357218,1432940,2880870,2556379,2348591,2357218
2013-11-13,2110086,3548823,2556379,4280543,1785894,2110086
2013-11-14,2825818,1860654,4280543,2348591,2398266,2825818
2013-11-15,11014343,1984482,2348591,1785894,1778672,11014343
2013-11-18,4131521,2357218,1785894,2398266,1193955,4131521
2013-11-19,2473023,2110086,2398266,1778672,1360046,2473023
2013-11-20,2321500,2825818,1778672,1193955,1895510,2321500
2013-11-21,2417644,11014343,1193955,1360046,1931035,2417644
2013-11-22,1910762,4131521,1360046,1895510,1409928,1910762
2013-11-25,1750170,2473023,1895510,1931035,1578131,1750170
2013-11-26,3196344,2321500,1931035,1409928,1432940,3196344
2013-11-27,1189764,2417644,1409928,1578131,3548823,1189764
2013-11-29,870409,1910762,1578131,1432940,1860654,870409
2013-12-02,1459197,1750170,1432940,3548823,1984482,1459197
2013-12-03,2478051,3196344,3548823,1860654,2357218,2478051
2013-12-04,2415795,1189764,1860654,1984482,2110086,2415795
2013-12-05,1810391,870409,1984482,2357218,2825818,1810391
2013-12-06,3053347,1459197,2357218,2110086,11014343,3053347
2013-12-09,2118503,2478051,2110086,2825818,4131521,2118503
2013-12-10,2326895,2415795,2825818,11014343,2473023,2326895
2013-12-11,2349926,1810391,11014343,4131521,2321500,2349926
2013-12-12,2714297,3053347,4131521,2473023,2417644,2714297
2013-12-13,2022610,2118503,2473023,2321500,1910762,2022610
2013-12-16,1685454,2326895,2321500,2417644,1750170,1685454
2013-12-17,3209227,2349926,2417644,1910762,3196344,3209227
2013-12-18,4136283,2714297,1910762,1750170,1189764,4136283
2013-12-19,1893211,2022610,1750170,3196344,870409,1893211
2013-12-20,2954031,1685454,3196344,1189764,1459197,2954031
2013-12-23,1578464,3209227,1189764,870409,2478051,1578464
2013-12-24,779696,4136283,870409,1459197,2415795,779696
2013-12-26,714431,1893211,1459197,2478051,1810391,714431
2013-12-27,653055,2954031,2478051,2415795,3053347,653055
2013-12-30,1127980,1578464,2415795,1810391,2118503,1127980
2013-12-31,941447,779696,1810391,3053347,2326895,941447
2014-01-02,1916160,714431,3053347,2118503,2349926,1916160
2014-01-03,1866651,653055,2118503,2326895,2714297,1866651
2014-01-06,1777472,1127980,2326895,2349926,2022610,1777472
2014-01-07,1463208,941447,2349926,2714297,1685454,1463208
2014-01-08,2659468,1916160,2714297,2022610,3209227,2659468
2014-01-09,1757647,1866651,2022610,1685454,4136283,1757647
2014-01-10,1623330,1777472,1685454,3209227,1893211,1623330
2014-01-13,2946738,1463208,3209227,4136283,2954031,2946738
2014-01-14,2562236,2659468,4136283,1893211,1578464,2562236
2014-01-15,2335194,1757647,1893211,2954031,779696,2335194
2014-01-16,1835957,1623330,2954031,1578464,714431,1835957
2014-01-17,1699534,2946738,1578464,779696,653055,1699534
2014-01-21,3008458,2562236,779696,714431,1127980,3008458
2014-01-22,2769350,2335194,714431,653055,941447,2769350
2014-01-23,3063559,1835957,653055,1127980,1916160,3063559
2014-01-24,2656341,1699534,1127980,941447,1866651,2656341
2014-01-27,4669012,3008458,941447,1916160,1777472,4669012
2014-01-28,2536290,2769350,1916160,1866651,1463208,2536290
2014-01-29,2163031,3063559,1866651,1777472,2659468,2163031
2014-01-30,3743153,2656341,1777472,1463208,1757647,3743153
2014-01-31,3529054,4669012,1463208,2659468,1623330,3529054
2014-02-03,2929252,2536290,2659468,1757647,2946738,2929252
2014-02-04,2911877,2163031,1757647,1623330,2562236,2911877
2014-02-05,2283870,3743153,1623330,2946738,2335194,2283870
2014-02-06,1609451,3529054,2946738,2562236,1835957,1609451
2014-02-07,1975290,2929252,2562236,2335194,1699534,1975290
2014-02-10,1760468,2911877,2335194,1835957,3008458,1760468
2014-02-11,2148202,2283870,1835957,1699534,2769350,2148202
2014-02-12,2347270,1609451,1699534,3008458,3063559,2347270
2014-02-13,3097011,1975290,3008458,2769350,2656341,3097011
2014-02-14,17862776,1760468,2769350,3063559,4669012,17862776
2014-02-18,6553839,2148202,3063559,2656341,2536290,6553839
2014-02-19,4838795,2347270,2656341,4669012,2163031,4838795
2014-02-20,4629755,3097011,4669012,2536290,3743153,4629755
2014-02-21,2407171,17862776,2536290,2163031,3529054,2407171
2014-02-24,2392783,6553839,2163031,3743153,2929252,2392783
2014-02-25,3375173,4838795,3743153,3529054,2911877,3375173
2014-02-26,2400946,4629755,3529054,2929252,2283870,2400946
2014-02-27,3123781,2407171,2929252,2911877,1609451,3123781
2014-02-28,2876261,2392783,2911877,2283870,1975290,2876261
2014-03-03,2488373,3375173,2283870,1609451,1760468,2488373
2014-03-04,2841919,2400946,1609451,1975290,2148202,2841919
2014-03-05,3113546,3123781,1975290,1760468,2347270,3113546
2014-03-06,5178833,2876261,1760468,2148202,3097011,5178833
2014-03-07,3247154,2488373,2148202,2347270,17862776,3247154
2014-03-10,2563418,2841919,2347270,3097011,6553839,2563418
2014-03-11,3421731,3113546,3097011,17862776,4838795,3421731
2014-03-12,1652324,5178833,17862776,6553839,4629755,1652324
2014-03-13,2318832,3247154,6553839,4838795,2407171,2318832
2014-03-14,1745218,2563418,4838795,4629755,2392783,1745218
2014-03-17,1437471,3421731,4629755,2407171,3375173,1437471
2014-03-18,1294681,1652324,2407171,2392783,2400946,1294681
2014-03-19,1804350,2318832,2392783,3375173,3123781,1804350
2014-03-20,1808447,1745218,3375173,2400946,2876261,1808447
2014-03-21,2762931,1437471,2400946,3123781,2488373,2762931
2014-03-24,1985703,1294681,3123781,2876261,2841919,1985703
2014-03-25,1727269,1804350,2876261,2488373,3113546,1727269
2014-03-26,2560731,1808447,2488373,2841919,5178833,2560731
2014-03-27,2972614,2762931,2841919,3113546,3247154,2972614
2014-03-28,2006941,1985703,3113546,5178833,2563418,2006941
2014-03-31,2190772,1727269,5178833,3247154,3421731,2190772
2014-04-01,2090720,2560731,3247154,2563418,1652324,2090720
2014-04-02,1919493,2972614,2563418,3421731,2318832,1919493
2014-04-03,1603010,2006941,3421731,1652324,1745218,1603010
2014-04-04,2307668,2190772,1652324,2318832,1437471,2307668
2014-04-07,2584538,2090720,2318832,1745218,1294681,2584538
2014-04-08,1842491,1919493,1745218,1437471,1804350,1842491
2014-04-09,2017519,1603010,1437471,1294681,1808447,2017519
2014-04-10,1966409,2307668,1294681,1804350,2762931,1966409
2014-04-11,2591968,2584538,1804350,1808447,1985703,2591968
2014-04-14,2840577,1842491,1808447,2762931,1727269,2840577
2014-04-15,2172515,2017519,2762931,1985703,2560731,2172515
2014-04-16,1243513,1966409,1985703,1727269,2972614,1243513
2014-04-17,2061997,2591968,1727269,2560731,2006941,2061997
2014-04-21,1185867,2840577,2560731,2972614,2190772,1185867
2014-04-22,1475541,2172515,2972614,2006941,2090720,1475541
2014-04-23,894232,1243513,2006941,2190772,1919493,894232
2014-04-24,1806441,2061997,2190772,2090720,1603010,1806441
2014-04-25,1580495,1185867,2090720,1919493,2307668,1580495
2014-04-28,3009046,1475541,1919493,1603010,2584538,3009046
2014-04-29,3359741,894232,1603010,2307668,1842491,3359741
2014-04-30,1678627,1806441,2307668,2584538,2017519,1678627
2014-05-01,1472407,1580495,2584538,1842491,1966409,1472407
2014-05-02,2080946,3009046,1842491,2017519,2591968,2080946
2014-05-05,2087256,3359741,2017519,1966409,2840577,2087256
2014-05-06,2224227,1678627,1966409,2591968,2172515,2224227
2014-05-07,2219204,1472407,2591968,2840577,1243513,2219204
2014-05-08,2209139,2080946,2840577,2172515,2061997,2209139
2014-05-09,1287905,2087256,2172515,1243513,1185867,1287905
2014-05-12,2042132,2224227,1243513,2061997,1475541,2042132
2014-05-13,1465527,2219204,2061997,1185867,894232,1465527
2014-05-14,2591684,2209139,1185867,1475541,1806441,2591684
2014-05-15,5740663,1287905,1475541,894232,1580495,5740663
2014-05-16,2405753,2042132,894232,1806441,3009046,2405753
2014-05-19,2742131,1465527,1806441,1580495,3359741,2742131
2014-05-20,1840126,2591684,1580495,3009046,1678627,1840126
2014-05-21,1102300,5740663,3009046,3359741,1472407,1102300
2014-05-22,1686139,2405753,3359741,1678627,2080946,1686139
2014-05-23,3510829,2742131,1678627,1472407,2087256,3510829
2014-05-27,1190619,1840126,1472407,2080946,2224227,1190619
2014-05-28,1807185,1102300,2080946,2087256,2219204,1807185
2014-05-29,1558720,1686139,2087256,2224227,2209139,1558720
2014-05-30,2547039,3510829,2224227,2219204,1287905,2547039
2014-06-02,1274846,1190619,2219204,2209139,2042132,1274846
2014-06-03,1842298,1807185,2209139,1287905,1465527,1842298
2014-06-04,1145664,1558720,1287905,2042132,2591684,1145664
2014-06-05,1833063,2547039,2042132,1465527,5740663,1833063
2014-06-06,1285879,1274846,1465527,2591684,2405753,1285879
2014-06-09,1188782,1842298,2591684,5740663,2742131,1188782
2014-06-10,1267805,1145664,5740663,2405753,1840126,1267805
2014-06-11,1410610,1833063,2405753,2742131,1102300,1410610
2014-06-12,1677989,1285879,2742131,1840126,1686139,1677989
2014-06-13,1054865,1188782,1840126,1102300,3510829,1054865
2014-06-16,1174434,1267805,1102300,1686139,1190619,1174434
2014-06-17,1328510,1410610,1686139,3510829,1807185,1328510
2014-06-18,1114749,1677989,3510829,1190619,1558720,1114749
2014-06-19,3149546,1054865,1190619,1807185,2547039,3149546
2014-06-20,2029378,1174434,1807185,1558720,1274846,2029378
2014-06-23,1435625,1328510,1558720,2547039,1842298,1435625
2014-06-24,1125825,1114749,2547039,1274846,1145664,1125825
2014-06-25,1060501,3149546,1274846,1842298,1833063,1060501
2014-06-26,1102367,2029378,1842298,1145664,1285879,1102367
2014-06-27,1519046,1435625,1145664,1833063,1188782,1519046
2014-06-30,1314906,1125825,1833063,1285879,1267805,1314906
2014-07-01,2010785,1060501,1285879,1188782,1410610,2010785
2014-07-02,1414957,1102367,1188782,1267805,1677989,1414957
2014-07-03,600744,1519046,1267805,1410610,1054865,600744
2014-07-07,949243,1314906,1410610,1677989,1174434,949243
2014-07-08,1615912,2010785,1677989,1054865,1328510,1615912
2014-07-09,1278504,1414957,1054865,1174434,1114749,1278504
2014-07-10,1189340,600744,1174434,1328510,3149546,1189340
2014-07-11,1183288,949243,1328510,1114749,2029378,1183288
2014-07-14,1487761,1615912,1114749,3149546,1435625,1487761
2014-07-15,2094496,1278504,3149546,2029378,1125825,2094496
2014-07-16,1868521,1189340,2029378,1435625,1060501,1868521
2014-07-17,4404085,1183288,1435625,1125825,1102367,4404085
2014-07-18,1706174,1487761,1125825,1060501,1519046,1706174
2014-07-21,1983914,2094496,1060501,1102367,1314906,1983914
2014-07-22,2411722,1868521,1102367,1519046,2010785,2411722
2014-07-23,1453645,4404085,1519046,1314906,1414957,1453645
2014-07-24,2534358,1706174,1314906,2010785,600744,2534358
2014-07-25,1719615,1983914,2010785,1414957,949243,1719615
2014-07-28,1510223,2411722,1414957,600744,1615912,1510223
2014-07-29,2003109,1453645,600744,949243,1278504,2003109
2014-07-30,1371335,2534358,949243,1615912,1189340,1371335
2014-07-31,2708121,1719615,1615912,1278504,1183288,2708121
2014-08-01,957560,1510223,1278504,1189340,1487761,957560
2014-08-04,957560,2003109,1189340,1183288,2094496,957560
2014-08-05,1733728,1371335,1183288,1487761,1868521,1733728
2014-08-06,1568834,2708121,1487761,2094496,4404085,1568834
2014-08-07,1628472,957560,2094496,1868521,1706174,1628472
2014-08-08,1766002,957560,1868521,4404085,1983914,1766002
2014-08-11,1252725,1733728,4404085,1706174,2411722,1252725
2014-08-12,2642075,1568834,1706174,1983914,1453645,2642075
2014-08-13,1721261,1628472,1983914,2411722,2534358,1721261
2014-08-14,3478558,1766002,2411722,1453645,1719615,3478558
2014-08-15,5578794,1252725,1453645,2534358,1510223,5578794
2014-08-18,2761606,2642075,2534358,1719615,2003109,2761606
2014-08-19,1192963,1721261,1719615,1510223,1371335,1192963
2014-08-20,1846569,3478558,1510223,2003109,2708121,1846569
2014-08-21,1228385,5578794,2003109,1371335,957560,1228385
2014-08-22,1439567,2761606,1371335,2708121,957560,1439567
2014-08-25,967137,1192963,2708121,957560,1733728,967137
2014-08-26,888727,1846569,957560,957560,1568834,888727
2014-08-27,1193004,1228385,957560,1733728,1628472,1193004
2014-08-28,1395449,1439567,1733728,1568834,1766002,1395449
2014-08-29,1979934,967137,1568834,1628472,1252725,1979934
2014-09-02,2015566,888727,1628472,1766002,2642075,2015566
2014-09-03,1478032,1193004,1766002,1252725,1721261,1478032
2014-09-04,790594,1395449,1252725,2642075,3478558,790594
2014-09-05,908184,1979934,2642075,1721261,5578794,908184
2014-09-08,1345766,2015566,1721261,3478558,2761606,1345766
2014-09-09,1286053,1478032,3478558,5578794,1192963,1286053
2014-09-10,1477856,790594,5578794,2761606,1846569,1477856
2014-09-11,995855,908184,2761606,1192963,1228385,995855
2014-09-12,2590395,1345766,1192963,1846569,1439567,2590395
2014-09-15,1621086,1286053,1846569,1228385,967137,1621086
2014-09-16,1379832,1477856,1228385,1439567,888727,1379832
2014-09-17,2710468,995855,1439567,967137,1193004,2710468
2014-09-18,2867046,2590395,967137,888727,1395449,2867046
2014-09-19,2173992,1621086,888727,1193004,1979934,2173992
2014-09-22,1686631,1379832,1193004,1395449,2015566,1686631
2014-09-23,1632282,2710468,1395449,1979934,1478032,1632282
2014-09-24,1650529,2867046,1979934,2015566,790594,1650529
2014-09-25,1629584,2173992,2015566,1478032,908184,1629584
2014-09-26,2218441,1686631,1478032,790594,1345766,2218441
2014-09-29,1626565,1632282,790594,908184,1286053,1626565
2014-09-30,2120557,1650529,908184,1345766,1477856,2120557
2014-10-01,2481276,1629584,1345766,1286053,995855,2481276
2014-10-02,1708052,2218441,1286053,1477856,2590395,1708052
2014-10-03,1577280,1626565,1477856,995855,1621086,1577280
2014-10-06,1157370,2120557,995855,2590395,1379832,1157370
2014-10-07,1515558,2481276,2590395,1621086,2710468,1515558
2014-10-08,2124682,1708052,1621086,1379832,2867046,2124682
2014-10-09,2526263,1577280,1379832,2710468,2173992,2526263
2014-10-10,5133638,1157370,2710468,2867046,1686631,5133638
2014-10-13,2527277,1515558,2867046,2173992,1632282,2527277
2014-10-14,3972861,2124682,2173992,1686631,1650529,3972861
2014-10-15,4723905,2526263,1686631,1632282,1629584,4723905
2014-10-16,5362096,5133638,1632282,1650529,2218441,5362096
2014-10-17,3810818,2527277,1650529,1629584,1626565,3810818
2014-10-20,4942206,3972861,1629584,2218441,2120557,4942206
2014-10-21,2231876,4723905,2218441,1626565,2481276,2231876
2014-10-22,2161086,5362096,1626565,2120557,1708052,2161086
2014-10-23,1754719,3810818,2120557,2481276,1577280,1754719
2014-10-24,1508194,4942206,2481276,1708052,1157370,1508194
2014-10-27,1105293,2231876,1708052,1577280,1515558,1105293
2014-10-28,1714329,2161086,1577280,1157370,2124682,1714329
2014-10-29,1484268,1754719,1157370,1515558,2526263,1484268
2014-10-30,2504261,1508194,1515558,2124682,5133638,2504261
2014-10-31,2087828,1105293,2124682,2526263,2527277,2087828
2014-11-03,4559916,1714329,2526263,5133638,3972861,4559916
2014-11-04,5765189,1484268,5133638,2527277,4723905,5765189
2014-11-05,2341387,2504261,2527277,3972861,5362096,2341387
2014-11-06,2968264,2087828,3972861,4723905,3810818,2968264
2014-11-07,2458734,4559916,4723905,5362096,4942206,2458734
2014-11-10,2583931,5765189,5362096,3810818,2231876,2583931
2014-11-11,2163823,2341387,3810818,4942206,2161086,2163823
2014-11-12,2504261,2968264,4942206,2231876,1754719,2504261
2014-11-13,1805461,2458734,2231876,2161086,1508194,1805461
2014-11-14,1331282,2583931,2161086,1754719,1105293,1331282
2014-11-17,2697164,2163823,1754719,1508194,1714329,2697164
2014-11-18,5891377,2504261,1508194,1105293,1484268,5891377
2014-11-19,4012147,1805461,1105293,1714329,2504261,4012147
2014-11-20,2303826,1331282,1714329,1484268,2087828,2303826
2014-11-21,5306170,2697164,1484268,2504261,4559916,5306170
2014-11-24,2122424,5891377,2504261,2087828,5765189,2122424
2014-11-25,2713879,4012147,2087828,4559916,2341387,2713879
2014-11-26,1752695,2303826,4559916,5765189,2968264,1752695
2014-11-28,1091780,5306170,5765189,2341387,2458734,1091780
2014-12-01,4411159,2122424,2341387,2968264,2583931,4411159
2014-12-02,2014436,2713879,2968264,2458734,2163823,2014436
2014-12-03,2250275,1752695,2458734,2583931,2504261,2250275
2014-12-04,1346823,1091780,2583931,2163823,1805461,1346823
2014-12-05,1019549,4411159,2163823,2504261,1331282,1019549
2014-12-08,1425753,2014436,2504261,1805461,2697164,1425753
2014-12-09,1803210,2250275,1805461,1331282,5891377,1803210
2014-12-10,2654911,1346823,1331282,2697164,4012147,2654911
2014-12-11,1640864,1019549,2697164,5891377,2303826,1640864
2014-12-12,2335765,1425753,5891377,4012147,5306170,2335765
2014-12-15,4510349,1803210,4012147,2303826,2122424,4510349
2014-12-16,3849394,2654911,2303826,5306170,2713879,3849394
2014-12-17,3508188,1640864,5306170,2122424,1752695,3508188
2014-12-18,3104066,2335765,2122424,2713879,1091780,3104066
2014-12-19,3736336,4510349,2713879,1752695,4411159,3736336
2014-12-22,1590221,3849394,1752695,1091780,2014436,1590221
2014-12-23,1872341,3508188,1091780,4411159,2250275,1872341
2014-12-24,1426901,3104066,4411159,2014436,1346823,1426901
2014-12-26,588034,3736336,2014436,2250275,1019549,588034
2014-12-29,976423,1590221,2250275,1346823,1425753,976423
2014-12-30,1323452,1872341,1346823,1019549,1803210,1323452
2014-12-31,1423993,1426901,1019549,1425753,2654911,1423993
2015-01-02,1530798,588034,1425753,1803210,1640864,1530798
2015-01-05,2042240,976423,1803210,2654911,2335765,2042240
2015-01-06,2084562,1323452,2654911,1640864,4510349,2084562
2015-01-07,3359660,1423993,1640864,2335765,3849394,3359660
2015-01-08,2116341,1530798,2335765,4510349,3508188,2116341
2015-01-09,1644939,2042240,4510349,3849394,3104066,1644939
2015-01-12,2771191,2084562,3849394,3508188,3736336,2771191
2015-01-13,2013474,3359660,3508188,3104066,1590221,2013474
2015-01-14,5134006,2116341,3104066,3736336,1872341,5134006
2015-01-15,2630296,1644939,3736336,1590221,1426901,2630296
2015-01-16,3003980,2771191,1590221,1872341,588034,3003980
2015-01-20,5033605,2013474,1872341,1426901,976423,5033605
2015-01-21,2721609,5134006,1426901,588034,1323452,2721609
2015-01-22,4856573,2630296,588034,976423,1423993,4856573
2015-01-23,1519250,3003980,976423,1323452,1530798,1519250
2015-01-26,1511214,5033605,1323452,1423993,2042240,1511214
2015-01-27,1703508,2721609,1423993,1530798,2084562,1703508
2015-01-28,2033523,4856573,1530798,2042240,3359660,2033523
2015-01-29,2329983,1519250,2042240,2084562,2116341,2329983
2015-01-30,3054313,1511214,2084562,3359660,1644939,3054313
2015-02-02,2508493,1703508,3359660,2116341,2771191,2508493
2015-02-03,2950375,2033523,2116341,1644939,2013474,2950375
2015-02-04,2567439,2329983,1644939,2771191,5134006,2567439
2015-02-05,1826367,3054313,2771191,2013474,2630296,1826367
2015-02-06,2697212,2508493,2013474,5134006,3003980,2697212
2015-02-09,3586102,2950375,5134006,2630296,5033605,3586102
2015-02-10,1408747,2567439,2630296,3003980,2721609,1408747
2015-02-11,3337005,1826367,3003980,5033605,4856573,3337005
2015-02-12,1317705,2697212,5033605,2721609,1519250,1317705
2015-02-13,2211931,3586102,2721609,4856573,1511214,2211931
2015-02-17,2875788,1408747,4856573,1519250,1703508,2875788
2015-02-18,9007218,3337005,1519250,1511214,2033523,9007218
2015-02-19,3737331,1317705,1511214,1703508,2329983,3737331
2015-02-20,2971880,2211931,1703508,2033523,3054313,2971880
2015-02-23,1967913,2875788,2033523,2329983,2508493,1967913
2015-02-24,1922102,9007218,2329983,3054313,2950375,1922102
2015-02-25,2343479,3737331,3054313,2508493,2567439,2343479
2015-02-26,1505418,2971880,2508493,2950375,1826367,1505418
2015-02-27,1676351,1967913,2950375,2567439,2697212,1676351
2015-03-02,1847082,1922102,2567439,1826367,3586102,1847082
2015-03-03,1635437,2343479,1826367,2697212,1408747,1635437
2015-03-04,1305992,1505418,2697212,3586102,3337005,1305992
2015-03-05,1376468,1676351,3586102,1408747,1317705,1376468
2015-03-06,1528564,1847082,1408747,3337005,2211931,1528564
2015-03-09,1492378,1635437,3337005,1317705,2875788,1492378
2015-03-10,1961299,1305992,1317705,2211931,9007218,1961299
2015-03-11,2064355,1376468,2211931,2875788,3737331,2064355
2015-03-12,2719895,1528564,2875788,9007218,2971880,2719895
2015-03-13,4704560,1492378,9007218,3737331,1967913,4704560
2015-03-16,2551437,1961299,3737331,2971880,1922102,2551437
2015-03-17,1504881,2064355,2971880,1967913,2343479,1504881
2015-03-18,1295556,2719895,1967913,1922102,1505418,1295556
2015-03-19,1085684,4704560,1922102,2343479,1676351,1085684
2015-03-20,2315472,2551437,2343479,1505418,1847082,2315472
2015-03-23,1835393,1504881,1505418,1676351,1635437,1835393
2015-03-24,3625952,1295556,1676351,1847082,1305992,3625952
2015-03-25,2776181,1085684,1847082,1635437,1376468,2776181
2015-03-26,1573740,2315472,1635437,1305992,1528564,1573740
2015-03-27,1932749,1835393,1305992,1376468,1492378,1932749
2015-03-30,2064181,3625952,1376468,1528564,1961299,2064181
2015-03-31,1659179,2776181,1528564,1492378,2064355,1659179
2015-04-01,2170331,1573740,1492378,1961299,2719895,2170331
2015-04-02,2135918,1932749,1961299,2064355,4704560,2135918
2015-04-06,2379808,2064181,2064355,2719895,2551437,2379808
2015-04-07,3072418,1659179,2719895,4704560,1504881,3072418
2015-04-08,2443178,2170331,4704560,2551437,1295556,2443178
2015-04-09,1332519,2135918,2551437,1504881,1085684,1332519
2015-04-10,3370597,2379808,1504881,1295556,2315472,3370597
2015-04-13,3708641,3072418,1295556,1085684,1835393,3708641
2015-04-14,1777705,2443178,1085684,2315472,3625952,1777705
2015-04-15,1445622,1332519,2315472,1835393,2776181,1445622
2015-04-16,1070232,3370597,1835393,3625952,1573740,1070232
2015-04-17,2333369,3708641,3625952,2776181,1932749,2333369
2015-04-20,1410574,1777705,2776181,1573740,2064181,1410574
2015-04-21,1719710,1445622,1573740,1932749,1659179,1719710
2015-04-22,2726140,1070232,1932749,2064181,2170331,2726140
2015-04-23,3973179,2333369,2064181,1659179,2135918,3973179
2015-04-24,2200155,1410574,1659179,2170331,2379808,2200155
2015-04-27,2298298,1719710,2170331,2135918,3072418,2298298
2015-04-28,1803453,2726140,2135918,2379808,2443178,1803453
2015-04-29,2160963,3973179,2379808,3072418,1332519,2160963
2015-04-30,1726312,2200155,3072418,2443178,3370597,1726312
2015-05-01,1880177,2298298,2443178,1332519,3708641,1880177
2015-05-04,1073820,1803453,1332519,3370597,1777705,1073820
2015-05-05,1254801,2160963,3370597,3708641,1445622,1254801
2015-05-06,934611,1726312,3708641,1777705,1070232,934611
2015-05-07,999682,1880177,1777705,1445622,2333369,999682
2015-05-08,1034717,1073820,1445622,1070232,1410574,1034717
2015-05-11,975490,1254801,1070232,2333369,1719710,975490
2015-05-12,2617833,934611,2333369,1410574,2726140,2617833
2015-05-13,1992774,999682,1410574,1719710,3973179,1992774
2015-05-14,2883667,1034717,1719710,2726140,2200155,2883667
2015-05-15,2147413,975490,2726140,3973179,2298298,2147413
2015-05-18,1966147,2617833,3973179,2200155,1803453,1966147
2015-05-19,5277345,1992774,2200155,2298298,2160963,5277345
2015-05-20,2652326,2883667,2298298,1803453,1726312,2652326
2015-05-21,2126257,2147413,1803453,2160963,1880177,2126257
2015-05-22,1484752,1966147,2160963,1726312,1073820,1484752
2015-05-26,1919645,5277345,1726312,1880177,1254801,1919645
2015-05-27,2507443,2652326,1880177,1073820,934611,2507443
2015-05-28,3347403,2126257,1073820,1254801,999682,3347403
2015-05-29,5022554,1484752,1254801,934611,1034717,5022554
2015-06-01,2440065,1919645,934611,999682,975490,2440065
2015-06-02,2947454,2507443,999682,1034717,2617833,2947454
2015-06-03,2722286,3347403,1034717,975490,1992774,2722286
2015-06-04,4091870,5022554,975490,2617833,2883667,4091870
2015-06-05,1760467,2440065,2617833,1992774,2147413,1760467
2015-06-08,1353411,2947454,1992774,2883667,1966147,1353411
2015-06-09,1439015,2722286,2883667,2147413,5277345,1439015
2015-06-10,1789330,4091870,2147413,1966147,2652326,1789330
2015-06-11,1576987,1760467,1966147,5277345,2126257,1576987
2015-06-12,2769551,1353411,5277345,2652326,1484752,2769551
2015-06-15,2361878,1439015,2652326,2126257,1919645,2361878
2015-06-16,1422563,1789330,2126257,1484752,2507443,1422563
2015-06-17,1519421,1576987,1484752,1919645,3347403,1519421
2015-06-18,1865267,2769551,1919645,2507443,5022554,1865267
2015-06-19,2658779,2361878,2507443,3347403,2440065,2658779
2015-06-22,3909250,1422563,3347403,5022554,2947454,3909250
2015-06-23,2053553,1519421,5022554,2440065,2722286,2053553
2015-06-24,6127695,1865267,2440065,2947454,4091870,6127695
2015-06-25,5265822,2658779,2947454,2722286,1760467,5265822
2015-06-26,3350458,3909250,2722286,4091870,1353411,3350458
2015-06-29,2516360,2053553,4091870,1760467,1439015,2516360
2015-06-30,3037436,6127695,1760467,1353411,1789330,3037436
2015-07-01,4486572,5265822,1353411,1439015,1576987,4486572
2015-07-02,2160799,3350458,1439015,1789330,2769551,2160799
2015-07-06,2509428,2516360,1789330,1576987,2361878,2509428
2015-07-07,2927761,3037436,1576987,2769551,1422563,2927761
2015-07-08,3390976,4486572,2769551,2361878,1519421,3390976
2015-07-09,2237945,2160799,2361878,1422563,1865267,2237945
2015-07-10,2107093,2509428,1422563,1519421,2658779,2107093
2015-07-13,1579730,2927761,1519421,1865267,3909250,1579730
2015-07-14,2801301,3390976,1865267,2658779,2053553,2801301
2015-07-15,2247745,2237945,2658779,3909250,6127695,2247745
2015-07-16,1826485,2107093,3909250,2053553,5265822,1826485
2015-07-17,2412373,1579730,2053553,6127695,3350458,2412373
2015-07-20,1155252,2801301,6127695,5265822,2516360,1155252
2015-07-21,1160904,2247745,5265822,3350458,3037436,1160904
2015-07-22,2949376,1826485,3350458,2516360,4486572,2949376
2015-07-23,1708801,2412373,2516360,3037436,2160799,1708801
2015-07-24,1844946,1155252,3037436,4486572,2509428,1844946
2015-07-27,5261424,1160904,4486572,2160799,2927761,5261424
2015-07-28,2768225,2949376,2160799,2509428,3390976,2768225
2015-07-29,2014066,1708801,2509428,2927761,2237945,2014066
2015-07-30,2440415,1844946,2927761,3390976,2107093,2440415
2015-07-31,2247715,5261424,3390976,2237945,1579730,2247715
2015-08-03,2104591,2768225,2237945,2107093,2801301,2104591
2015-08-04,1448062,2014066,2107093,1579730,2247745,1448062
2015-08-05,949479,2440415,1579730,2801301,1826485,949479
2015-08-06,1932226,2247715,2801301,2247745,2412373,1932226
2015-08-07,1513076,2104591,2247745,1826485,1155252,1513076
2015-08-10,1554542,1448062,1826485,2412373,1160904,1554542
2015-08-11,1575708,949479,2412373,1155252,2949376,1575708
2015-08-12,3440282,1932226,1155252,1160904,1708801,3440282
2015-08-13,2848895,1513076,1160904,2949376,1844946,2848895
2015-08-14,2632739,1554542,2949376,1708801,5261424,2632739
2015-08-17,3302058,1575708,1708801,1844946,2768225,3302058
2015-08-18,6416891,3440282,1844946,5261424,2014066,6416891
2015-08-19,2730429,2848895,5261424,2768225,2440415,2730429
2015-08-20,2145028,2632739,2768225,2014066,2247715,2145028
2015-08-21,3828206,3302058,2014066,2440415,2104591,3828206
2015-08-24,4114990,6416891,2440415,2247715,1448062,4114990
2015-08-25,3802732,2730429,2247715,2104591,949479,3802732
2015-08-26,3233814,2145028,2104591,1448062,1932226,3233814
2015-08-27,2406297,3828206,1448062,949479,1513076,2406297
2015-08-28,1783861,4114990,949479,1932226,1554542,1783861
2015-08-31,2554666,3802732,1932226,1513076,1575708,2554666
2015-09-01,2954093,3233814,1513076,1554542,3440282,2954093
2015-09-02,2119191,2406297,1554542,1575708,2848895,2119191
2015-09-03,2140822,1783861,1575708,3440282,2632739,2140822
2015-09-04,2819027,2554666,3440282,2848895,3302058,2819027
2015-09-08,1787408,2954093,2848895,2632739,6416891,1787408
2015-09-09,1885293,2119191,2632739,3302058,2730429,1885293
2015-09-10,1628726,2140822,3302058,6416891,2145028,1628726
2015-09-11,1443721,2819027,6416891,2730429,3828206,1443721
2015-09-14,2223319,1787408,2730429,2145028,4114990,2223319
2015-09-15,1752721,1885293,2145028,3828206,3802732,1752721
2015-09-16,2130117,1628726,3828206,4114990,3233814,2130117
2015-09-17,1819067,1443721,4114990,3802732,2406297,1819067
2015-09-18,3352296,2223319,3802732,3233814,1783861,3352296
2015-09-21,2640363,1752721,3233814,2406297,2554666,2640363
2015-09-22,2283337,2130117,2406297,1783861,2954093,2283337
2015-09-23,1962552,1819067,1783861,2554666,2119191,1962552
2015-09-24,2028940,3352296,2554666,2954093,2140822,2028940
2015-09-25,2730672,2640363,2954093,2119191,2819027,2730672
2015-09-28,2615440,2283337,2119191,2140822,1787408,2615440
2015-09-29,2252364,1962552,2140822,2819027,1885293,2252364
2015-09-30,2545749,2028940,2819027,1787408,1628726,2545749
2015-10-01,3011460,2730672,1787408,1885293,1443721,3011460
2015-10-02,3519448,2615440,1885293,1628726,2223319,3519448
2015-10-05,1675429,2252364,1628726,1443721,1752721,1675429
2015-10-06,1833679,2545749,1443721,2223319,2130117,1833679
2015-10-07,3089575,3011460,2223319,1752721,1819067,3089575
2015-10-08,2598314,3519448,1752721,2130117,3352296,2598314
2015-10-09,3232938,1675429,2130117,1819067,2640363,3232938
2015-10-12,1349866,1833679,1819067,3352296,2283337,1349866
2015-10-13,2383212,3089575,3352296,2640363,1962552,2383212
2015-10-14,1647407,2598314,2640363,2283337,2028940,1647407
2015-10-15,1432995,3232938,2283337,1962552,2730672,1432995
2015-10-16,1754319,1349866,1962552,2028940,2615440,1754319
2015-10-19,3685845,2383212,2028940,2730672,2252364,3685845
2015-10-20,2635777,1647407,2730672,2615440,2545749,2635777
2015-10-21,2886412,1432995,2615440,2252364,3011460,2886412
2015-10-22,3696278,1754319,2252364,2545749,3519448,3696278
2015-10-23,2732645,3685845,2545749,3011460,1675429,2732645
2015-10-26,1948411,2635777,3011460,3519448,1833679,1948411
2015-10-27,2557172,2886412,3519448,1675429,3089575,2557172
2015-10-28,1780126,3696278,1675429,1833679,2598314,1780126
2015-10-29,1352267,2732645,1833679,3089575,3232938,1352267
2015-10-30,2194619,1948411,3089575,2598314,1349866,2194619
2015-11-02,1810869,2557172,2598314,3232938,2383212,1810869
2015-11-03,1485779,1780126,3232938,1349866,1647407,1485779
2015-11-04,1569620,1352267,1349866,2383212,1432995,1569620
2015-11-05,1419963,2194619,2383212,1647407,1754319,1419963
2015-11-06,1964478,1810869,1647407,1432995,3685845,1964478
2015-11-09,3109588,1485779,1432995,1754319,2635777,3109588
2015-11-10,4339800,1569620,1754319,3685845,2886412,4339800
2015-11-11,1969168,1419963,3685845,2635777,3696278,1969168
2015-11-12,3096336,1964478,2635777,2886412,2732645,3096336
2015-11-13,3335092,3109588,2886412,3696278,1948411,3335092
2015-11-16,2490208,4339800,3696278,2732645,2557172,2490208
2015-11-17,7679493,1969168,2732645,1948411,1780126,7679493
2015-11-18,6589609,3096336,1948411,2557172,1352267,6589609
2015-11-19,7275136,3335092,2557172,1780126,2194619,7275136
2015-11-20,5447723,2490208,1780126,1352267,1810869,5447723
2015-11-23,6474141,7679493,1352267,2194619,1485779,6474141
2015-11-24,5669066,6589609,2194619,1810869,1569620,5669066
2015-11-25,3797067,7275136,1810869,1485779,1419963,3797067
2015-11-27,1935738,5447723,1485779,1569620,1964478,1935738
2015-11-30,3208114,6474141,1569620,1419963,3109588,3208114
2015-12-01,7989220,5669066,1419963,1964478,4339800,7989220
2015-12-02,4713210,3797067,1964478,3109588,1969168,4713210
2015-12-03,3314529,1935738,3109588,4339800,3096336,3314529
2015-12-04,2519309,3208114,4339800,1969168,3335092,2519309
2015-12-07,2004492,7989220,1969168,3096336,2490208,2004492
2015-12-08,4331832,4713210,3096336,3335092,7679493,4331832
2015-12-09,4133291,3314529,3335092,2490208,6589609,4133291
2015-12-10,3709240,2519309,2490208,7679493,7275136,3709240
2015-12-11,2634362,2004492,7679493,6589609,5447723,2634362
2015-12-14,2310538,4331832,6589609,7275136,6474141,2310538
2015-12-15,2195375,4133291,7275136,5447723,5669066,2195375
2015-12-16,2582642,3709240,5447723,6474141,3797067,2582642
2015-12-17,2218837,2634362,6474141,5669066,1935738,2218837
2015-12-18,3364796,2310538,5669066,3797067,3208114,3364796
2015-12-21,1735159,2195375,3797067,1935738,7989220,1735159
2015-12-22,1643172,2582642,1935738,3208114,4713210,1643172
2015-12-23,1510716,2218837,3208114,7989220,3314529,1510716
2015-12-24,874549,3364796,7989220,4713210,2519309,874549
2015-12-28,1458242,1735159,4713210,3314529,2004492,1458242
2015-12-29,1757360,1643172,3314529,2519309,4331832,1757360
2015-12-30,834358,1510716,2519309,2004492,4133291,834358
2015-12-31,1450968,874549,2004492,4331832,3709240,1450968
2016-01-04,3287335,1458242,4331832,4133291,2634362,3287335
2016-01-05,2587246,1757360,4133291,3709240,2310538,2587246
2016-01-06,2103619,834358,3709240,2634362,2195375,2103619
2016-01-07,3504314,1450968,2634362,2310538,2582642,3504314
2016-01-08,3736768,3287335,2310538,2195375,2218837,3736768
2016-01-11,2818611,2587246,2195375,2582642,3364796,2818611
2016-01-12,1989379,2103619,2582642,2218837,1735159,1989379
2016-01-13,4206638,3504314,2218837,3364796,1643172,4206638
2016-01-14,2893372,3736768,3364796,1735159,1510716,2893372
2016-01-15,2994386,2818611,1735159,1643172,874549,2994386
2016-01-19,2506559,1989379,1643172,1510716,1458242,2506559
2016-01-20,2469088,4206638,1510716,874549,1757360,2469088
2016-01-21,2298372,2893372,874549,1458242,834358,2298372
2016-01-22,1834467,2994386,1458242,1757360,1450968,1834467
2016-01-25,1831240,2506559,1757360,834358,3287335,1831240
2016-01-26,1755032,2469088,834358,1450968,2587246,1755032
2016-01-27,1479446,2298372,1450968,3287335,2103619,1479446
2016-01-28,3479452,1834467,3287335,2587246,3504314,3479452
2016-01-29,2959863,1831240,2587246,2103619,3736768,2959863
2016-02-01,2666567,1755032,2103619,3504314,2818611,2666567
2016-02-02,1742325,1479446,3504314,3736768,1989379,1742325
2016-02-03,2128426,3479452,3736768,2818611,4206638,2128426
2016-02-04,2833492,2959863,2818611,1989379,2893372,2833492
2016-02-05,4424609,2666567,1989379,4206638,2994386,4424609
2016-02-08,3888601,1742325,4206638,2893372,2506559,3888601
2016-02-09,3464464,2128426,2893372,2994386,2469088,3464464
2016-02-10,3169951,2833492,2994386,2506559,2298372,3169951
2016-02-11,3224004,4424609,2506559,2469088,1834467,3224004
2016-02-12,3923627,3888601,2469088,2298372,1831240,3923627
2016-02-16,2903649,3464464,2298372,1834467,1755032,2903649
2016-02-17,5382312,3169951,1834467,1831240,1479446,5382312
2016-02-18,2231481,3224004,1831240,1755032,3479452,2231481
2016-02-19,2339426,3923627,1755032,1479446,2959863,2339426
2016-02-22,1792962,2903649,1479446,3479452,2666567,1792962
2016-02-23,1282290,5382312,3479452,2959863,1742325,1282290
2016-02-24,1454952,2231481,2959863,2666567,2128426,1454952
2016-02-25,1453515,2339426,2666567,1742325,2833492,1453515
2016-02-26,944266,1792962,1742325,2128426,4424609,944266
2016-02-29,2187500,1282290,2128426,2833492,3888601,2187500
2016-03-01,2760200,1454952,2833492,4424609,3464464,2760200
2016-03-02,3612508,1453515,4424609,3888601,3169951,3612508
2016-03-03,946823,944266,3888601,3464464,3224004,946823
2016-03-04,1124968,2187500,3464464,3169951,3923627,1124968
2016-03-07,1221574,2760200,3169951,3224004,2903649,1221574
2016-03-08,1801486,3612508,3224004,3923627,5382312,1801486
2016-03-09,1614633,946823,3923627,2903649,2231481,1614633
2016-03-10,1614998,1124968,2903649,5382312,2339426,1614998
2016-03-11,1517348,1221574,5382312,2231481,1792962,1517348
2016-03-14,929638,1801486,2231481,2339426,1282290,929638
2016-03-15,1059439,1614633,2339426,1792962,1454952,1059439
2016-03-16,1956125,1614998,1792962,1282290,1453515,1956125
2016-03-17,1895669,1517348,1282290,1454952,944266,1895669
2016-03-18,2504361,929638,1454952,1453515,2187500,2504361
2016-03-21,2172615,1059439,1453515,944266,2760200,2172615
2016-03-22,1552312,1956125,944266,2187500,3612508,1552312
2016-03-23,1554822,1895669,2187500,2760200,946823,1554822
2016-03-24,993627,2504361,2760200,3612508,1124968,993627
2016-03-28,1272724,2172615,3612508,946823,1221574,1272724
2016-03-29,1091198,1552312,946823,1124968,1801486,1091198
2016-03-30,783495,1554822,1124968,1221574,1614633,783495
2016-03-31,3143468,993627,1221574,1801486,1614998,3143468
2016-04-01,2857844,1272724,1801486,1614633,1517348,2857844
2016-04-04,2958061,1091198,1614633,1614998,929638,2958061
2016-04-05,1900659,783495,1614998,1517348,1059439,1900659
2016-04-06,1566612,3143468,1517348,929638,1956125,1566612
2016-04-07,1373839,2857844,929638,1059439,1895669,1373839
2016-04-08,1106293,2958061,1059439,1956125,2504361,1106293
2016-04-11,1049336,1900659,1956125,1895669,2172615,1049336
2016-04-12,992495,1566612,1895669,2504361,1552312,992495
2016-04-13,2495340,1373839,2504361,2172615,1554822,2495340
2016-04-14,1347753,1106293,2172615,1552312,993627,1347753
2016-04-15,1442264,1049336,1552312,1554822,1272724,1442264
2016-04-18,1536678,992495,1554822,993627,1091198,1536678
2016-04-19,1640774,2495340,993627,1272724,783495,1640774
2016-04-20,1243893,1347753,1272724,1091198,3143468,1243893
2016-04-21,1670389,1442264,1091198,783495,2857844,1670389
2016-04-22,1396272,1536678,783495,3143468,2958061,1396272
2016-04-25,1500449,1640774,3143468,2857844,1900659,1500449
2016-04-26,1868970,1243893,2857844,2958061,1566612,1868970
2016-04-27,1189462,1670389,2958061,1900659,1373839,1189462
2016-04-28,1549792,1396272,1900659,1566612,1106293,1549792
2016-04-29,2028332,1500449,1566612,1373839,1049336,2028332
2016-05-02,1285318,1868970,1373839,1106293,992495,1285318
2016-05-03,1333991,1189462,1106293,1049336,2495340,1333991
2016-05-04,1602991,1549792,1049336,992495,1347753,1602991
2016-05-05,1083956,2028332,992495,2495340,1442264,1083956
2016-05-06,1403483,1285318,2495340,1347753,1536678,1403483
2016-05-09,1741539,1333991,1347753,1442264,1640774,1741539
2016-05-10,2094305,1602991,1442264,1536678,1243893,2094305
2016-05-11,3328961,1083956,1536678,1640774,1670389,3328961
2016-05-12,2504924,1403483,1640774,1243893,1396272,2504924
2016-05-13,2430565,1741539,1243893,1670389,1500449,2430565
2016-05-16,3979321,2094305,1670389,1396272,1868970,3979321
2016-05-17,7130371,3328961,1396272,1500449,1189462,7130371
2016-05-18,3476470,2504924,1500449,1868970,1549792,3476470
2016-05-19,3660160,2430565,1868970,1189462,2028332,3660160
2016-05-20,2567686,3979321,1189462,1549792,1285318,2567686
2016-05-23,1689755,7130371,1549792,2028332,1333991,1689755
2016-05-24,3236305,3476470,2028332,1285318,1602991,3236305
2016-05-25,2352424,3660160,1285318,1333991,1083956,2352424
2016-05-26,2569626,2567686,1333991,1602991,1403483,2569626
2016-05-27,1823120,1689755,1602991,1083956,1741539,1823120
2016-05-31,2256373,3236305,1083956,1403483,2094305,2256373
2016-06-01,1734386,2352424,1403483,1741539,3328961,1734386
2016-06-02,2209387,2569626,1741539,2094305,2504924,2209387
2016-06-03,2395816,1823120,2094305,3328961,2430565,2395816
2016-06-06,2359193,2256373,3328961,2504924,3979321,2359193
2016-06-07,1500872,1734386,2504924,2430565,7130371,1500872
2016-06-08,1552146,2209387,2430565,3979321,3476470,1552146
2016-06-09,1204415,2395816,3979321,7130371,3660160,1204415
2016-06-10,1261698,2359193,7130371,3476470,2567686,1261698
2016-06-13,1272833,1500872,3476470,3660160,1689755,1272833
2016-06-14,1624087,1552146,3660160,2567686,3236305,1624087
2016-06-15,2029194,1204415,2567686,1689755,2352424,2029194
2016-06-16,1784741,1261698,1689755,3236305,2569626,1784741
2016-06-17,3434813,1272833,3236305,2352424,1823120,3434813
2016-06-20,3161329,1624087,2352424,2569626,2256373,3161329
2016-06-21,2112964,2029194,2569626,1823120,1734386,2112964
2016-06-22,2412064,1784741,1823120,2256373,2209387,2412064
2016-06-23,1487938,3434813,2256373,1734386,2395816,1487938
2016-06-24,5263644,3161329,1734386,2209387,2359193,5263644
2016-06-27,4328364,2112964,2209387,2395816,1500872,4328364
2016-06-28,4300845,2412064,2395816,2359193,1552146,4300845
2016-06-29,2402578,1487938,2359193,1500872,1204415,2402578
2016-06-30,2181066,5263644,1500872,1552146,1261698,2181066
2016-07-01,1591476,4328364,1552146,1204415,1272833,1591476
2016-07-05,1813468,4300845,1204415,1261698,1624087,1813468
2016-07-06,2312133,2402578,1261698,1272833,2029194,2312133
2016-07-07,1861536,2181066,1272833,1624087,1784741,1861536
2016-07-08,1838137,1591476,1624087,2029194,3434813,1838137
2016-07-11,1094683,1813468,2029194,1784741,3161329,1094683
2016-07-12,2237748,2312133,1784741,3434813,2112964,2237748
2016-07-13,1852475,1861536,3434813,3161329,2412064,1852475
2016-07-14,1192500,1838137,3161329,2112964,1487938,1192500
2016-07-15,1202638,1094683,2112964,2412064,5263644,1202638
2016-07-18,1362884,2237748,2412064,1487938,4328364,1362884
2016-07-19,2583860,1852475,1487938,5263644,4300845,2583860
2016-07-20,2124914,1192500,5263644,4328364,2402578,2124914
2016-07-21,1226365,1202638,4328364,4300845,2181066,1226365
2016-07-22,1512440,1362884,4300845,2402578,1591476,1512440
2016-07-25,1720649,2583860,2402578,2181066,1813468,1720649
2016-07-26,1792674,2124914,2181066,1591476,2312133,1792674
2016-07-27,1572573,1226365,1591476,1813468,1861536,1572573
2016-07-28,1945517,1512440,1813468,2312133,1838137,1945517
2016-07-29,1881372,1720649,2312133,1861536,1094683,1881372
2016-08-01,1604639,1792674,1861536,1838137,2237748,1604639
2016-08-02,1595948,1572573,1838137,1094683,1852475,1595948
2016-08-03,1508868,1945517,1094683,2237748,1192500,1508868
2016-08-04,1700182,1881372,2237748,1852475,1202638,1700182
2016-08-05,1250805,1604639,1852475,1192500,1362884,1250805
2016-08-08,1311724,1595948,1192500,1202638,2583860,1311724
2016-08-09,1006170,1508868,1202638,1362884,2124914,1006170
2016-08-10,754137,1700182,1362884,2583860,1226365,754137
2016-08-11,1377024,1250805,2583860,2124914,1512440,1377024
2016-08-12,1538976,1311724,2124914,1226365,1720649,1538976
2016-08-15,2323589,1006170,1226365,1512440,1792674,2323589
2016-08-16,3175994,754137,1512440,1720649,1572573,3175994
2016-08-17,3154934,1377024,1720649,1792674,1945517,3154934
2016-08-18,4660295,1538976,1792674,1572573,1881372,4660295
2016-08-19,3340438,2323589,1572573,1945517,1604639,3340438
2016-08-22,1626833,3175994,1945517,1881372,1595948,1626833
2016-08-23,1645348,3154934,1881372,1604639,1508868,1645348
2016-08-24,2634707,4660295,1604639,1595948,1700182,2634707
2016-08-25,2160074,3340438,1595948,1508868,1250805,2160074
2016-08-26,1581245,1626833,1508868,1700182,1311724,1581245
2016-08-29,1332975,1645348,1700182,1250805,1006170,1332975
2016-08-30,2231203,2634707,1250805,1311724,754137,2231203
2016-08-31,1676587,2160074,1311724,1006170,1377024,1676587
2016-09-01,1257886,1581245,1006170,754137,1538976,1257886
2016-09-02,1424454,1332975,754137,1377024,2323589,1424454
2016-09-06,1460928,2231203,1377024,1538976,3175994,1460928
2016-09-07,1542576,1676587,1538976,2323589,3154934,1542576
2016-09-08,884738,1257886,2323589,3175994,4660295,884738
2016-09-09,2507018,1424454,3175994,3154934,3340438,2507018
2016-09-12,1835434,1460928,3154934,4660295,1626833,1835434
2016-09-13,3461832,1542576,4660295,3340438,1645348,3461832
2016-09-14,1604806,884738,3340438,1626833,2634707,1604806
2016-09-15,1733971,2507018,1626833,1645348,2160074,1733971
2016-09-16,2592850,1835434,1645348,2634707,1581245,2592850
2016-09-19,1927900,3461832,2634707,2160074,1332975,1927900
2016-09-20,2333122,1604806,2160074,1581245,2231203,2333122
2016-09-21,1612736,1733971,1581245,1332975,1676587,1612736
2016-09-22,1307074,2592850,1332975,2231203,1257886,1307074
2016-09-23,1957032,1927900,2231203,1676587,1424454,1957032
2016-09-26,2639060,2333122,1676587,1257886,1460928,2639060
2016-09-27,1587143,1612736,1257886,1424454,1542576,1587143
2016-09-28,1502533,1307074,1424454,1460928,884738,1502533
2016-09-29,1938218,1957032,1460928,1542576,2507018,1938218
2016-09-30,1754316,2639060,1542576,884738,1835434,1754316
2016-10-03,1539625,1587143,884738,2507018,3461832,1539625
2016-10-04,1763985,1502533,2507018,1835434,1604806,1763985
2016-10-05,1432268,1938218,1835434,3461832,1733971,1432268
2016-10-06,1772801,1754316,3461832,1604806,2592850,1772801
2016-10-07,1663127,1539625,1604806,1733971,1927900,1663127
2016-10-10,1544958,1763985,1733971,2592850,2333122,1544958
2016-10-11,2912537,1432268,2592850,1927900,1612736,2912537
2016-10-12,1736076,1772801,1927900,2333122,1307074,1736076
2016-10-13,1336023,1663127,2333122,1612736,1957032,1336023
2016-10-14,997137,1544958,1612736,1307074,2639060,997137
2016-10-17,1160321,2912537,1307074,1957032,1587143,1160321
2016-10-18,1949108,1736076,1957032,2639060,1502533,1949108
2016-10-19,1769090,1336023,2639060,1587143,1938218,1769090
2016-10-20,1493608,997137,1587143,1502533,1754316,1493608
2016-10-21,1011340,1160321,1502533,1938218,1539625,1011340
2016-10-24,1666388,1949108,1938218,1754316,1763985,1666388
2016-10-25,3949609,1769090,1754316,1539625,1432268,3949609
2016-10-26,2146178,1493608,1539625,1763985,1772801,2146178
2016-10-27,2393625,1011340,1763985,1432268,1663127,2393625
2016-10-28,1471348,1666388,1432268,1772801,1544958,1471348
2016-10-31,1556762,3949609,1772801,1663127,2912537,1556762
2016-11-01,2133116,2146178,1663127,1544958,1736076,2133116
2016-11-02,2240428,2393625,1544958,2912537,1336023,2240428
2016-11-03,2510054,1471348,2912537,1736076,997137,2510054
2016-11-04,2220908,1556762,1736076,1336023,1160321,2220908
2016-11-07,1723957,2133116,1336023,997137,1949108,1723957
2016-11-08,2136740,2240428,997137,1160321,1769090,2136740
2016-11-09,3501243,2510054,1160321,1949108,1493608,3501243
2016-11-10,2558722,2220908,1949108,1769090,1011340,2558722
2016-11-11,2219255,1723957,1769090,1493608,1666388,2219255
2016-11-14,3443200,2136740,1493608,1011340,3949609,3443200
2016-11-15,4710170,3501243,1011340,1666388,2146178,4710170
2016-11-16,4026754,2558722,1666388,3949609,2393625,4026754
2016-11-17,2070609,2219255,3949609,2146178,1471348,2070609
2016-11-18,3148538,3443200,2146178,2393625,1556762,3148538
2016-11-21,2540067,4710170,2393625,1471348,2133116,2540067
2016-11-22,2831226,4026754,1471348,1556762,2240428,2831226
2016-11-23,1926275,2070609,1556762,2133116,2510054,1926275
2016-11-25,877140,3148538,2133116,2240428,2220908,877140
2016-11-28,2241795,2540067,2240428,2510054,1723957,2241795
2016-11-29,1952118,2831226,2510054,2220908,2136740,1952118
2016-11-30,2238575,1926275,2220908,1723957,3501243,2238575
2016-12-01,2823273,877140,1723957,2136740,2558722,2823273
2016-12-02,2153515,2241795,2136740,3501243,2219255,2153515
2016-12-05,2495020,1952118,3501243,2558722,3443200,2495020
2016-12-06,1136658,2238575,2558722,2219255,4710170,1136658
2016-12-07,1815238,2823273,2219255,3443200,4026754,1815238
2016-12-08,1848936,2153515,3443200,4710170,2070609,1848936
2016-12-09,1937622,2495020,4710170,4026754,3148538,1937622
2016-12-12,1851517,1136658,4026754,2070609,2540067,1851517
2016-12-13,1734678,1815238,2070609,3148538,2831226,1734678
2016-12-14,2044052,1848936,3148538,2540067,1926275,2044052
2016-12-15,1338905,1937622,2540067,2831226,877140,1338905
2016-12-16,2103155,1851517,2831226,1926275,2241795,2103155
2016-12-19,1084164,1734678,1926275,877140,1952118,1084164
2016-12-20,1552366,2044052,877140,2241795,2238575,1552366
2016-12-21,1652288,1338905,2241795,1952118,2823273,1652288
2016-12-22,968296,2103155,1952118,2238575,2153515,968296
2016-12-23,727682,1084164,2238575,2823273,2495020,727682
2016-12-27,1535489,1552366,2823273,2153515,1136658,1535489
2016-12-28,1177275,1652288,2153515,2495020,1815238,1177275
2016-12-29,891398,968296,2495020,1136658,1848936,891398
2016-12-30,1216100,727682,1136658,1815238,1937622,1216100
2017-01-03,1739726,1535489,1815238,1848936,1851517,1739726
2017-01-04,1821264,1177275,1848936,1937622,1734678,1821264
2017-01-05,1503763,891398,1937622,1851517,2044052,1503763
2017-01-06,2883483,1216100,1851517,1734678,1338905,2883483
2017-01-09,2575328,1739726,1734678,2044052,2103155,2575328
2017-01-10,1560549,1821264,2044052,1338905,1084164,1560549
2017-01-11,5624332,1503763,1338905,2103155,1552366,5624332
2017-01-12,3276952,2883483,2103155,1084164,1652288,3276952
2017-01-13,1568923,2575328,1084164,1552366,968296,1568923
2017-01-17,1939449,1560549,1552366,1652288,727682,1939449
2017-01-18,1523508,5624332,1652288,968296,1535489,1523508
2017-01-19,1346142,3276952,968296,727682,1177275,1346142
2017-01-20,1701695,1568923,727682,1535489,891398,1701695
2017-01-23,2013878,1939449,1535489,1177275,1216100,2013878
2017-01-24,2741915,1523508,1177275,891398,1739726,2741915
2017-01-25,3073228,1346142,891398,1216100,1821264,3073228
2017-01-26,1895562,1701695,1216100,1739726,1503763,1895562
2017-01-27,1527822,2013878,1739726,1821264,2883483,1527822
2017-01-30,2266487,2741915,1821264,1503763,2575328,2266487
2017-01-31,2552612,3073228,1503763,2883483,1560549,2552612
2017-02-01,2244604,1895562,2883483,2575328,5624332,2244604
2017-02-02,1352525,1527822,2575328,1560549,3276952,1352525
2017-02-03,1191855,2266487,1560549,5624332,1568923,1191855
2017-02-06,952095,2552612,5624332,3276952,1939449,952095
2017-02-07,2170720,2244604,3276952,1568923,1523508,2170720
2017-02-08,2107079,1352525,1568923,1939449,1346142,2107079
2017-02-09,2557747,1191855,1939449,1523508,1701695,2557747
2017-02-10,2092479,952095,1523508,1346142,2013878,2092479
2017-02-13,1568350,2170720,1346142,1701695,2741915,1568350
2017-02-14,3546878,2107079,1701695,2013878,3073228,3546878
2017-02-15,5724488,2557747,2013878,2741915,1895562,5724488
2017-02-16,2550439,2092479,2741915,3073228,1527822,2550439
2017-02-17,2195788,1568350,3073228,1895562,2266487,2195788
2017-02-21,2036993,3546878,1895562,1527822,2552612,2036993
2017-02-22,1632886,5724488,1527822,2266487,2244604,1632886
2017-02-23,1006867,2550439,2266487,2552612,1352525,1006867
2017-02-24,1612698,2195788,2552612,2244604,1191855,1612698
2017-02-27,1195138,2036993,2244604,1352525,952095,1195138
2017-02-28,1417772,1632886,1352525,1191855,2170720,1417772
2017-03-01,2026600,1006867,1191855,952095,2107079,2026600
2017-03-02,1706500,1612698,952095,2170720,2557747,1706500
2017-03-03,1824423,1195138,2170720,2107079,2092479,1824423
2017-03-06,1884477,1417772,2107079,2557747,1568350,1884477
2017-03-07,2233561,2026600,2557747,2092479,3546878,2233561
2017-03-08,1517642,1706500,2092479,1568350,5724488,1517642
2017-03-09,1259407,1824423,1568350,3546878,2550439,1259407
2017-03-10,1860508,1884477,3546878,5724488,2195788,1860508
2017-03-13,1376191,2233561,5724488,2550439,2036993,1376191
2017-03-14,1203368,1517642,2550439,2195788,1632886,1203368
2017-03-15,4117983,1259407,2195788,2036993,1006867,4117983
2017-03-16,2676915,1860508,2036993,1632886,1612698,2676915
2017-03-17,1936902,1376191,1632886,1006867,1195138,1936902
2017-03-20,1221409,1203368,1006867,1612698,1417772,1221409
2017-03-21,1492698,4117983,1612698,1195138,2026600,1492698
2017-03-22,1257072,2676915,1195138,1417772,1706500,1257072
2017-03-23,1717929,1936902,1417772,2026600,1824423,1717929
2017-03-24,2015289,1221409,2026600,1706500,1884477,2015289
2017-03-27,1446568,1492698,1706500,1824423,2233561,1446568
2017-03-28,1312688,1257072,1824423,1884477,1517642,1312688
2017-03-29,1469882,1717929,1884477,2233561,1259407,1469882
2017-03-30,1627592,2015289,2233561,1517642,1860508,1627592
2017-03-31,1705625,1446568,1517642,1259407,1376191,1705625
2017-04-03,1550227,1312688,1259407,1860508,1203368,1550227
2017-04-04,2017094,1469882,1860508,1376191,4117983,2017094
2017-04-05,1778251,1627592,1376191,1203368,2676915,1778251
2017-04-06,1548170,1705625,1203368,4117983,1936902,1548170
2017-04-07,1243550,1550227,4117983,2676915,1221409,1243550
2017-04-10,1025248,2017094,2676915,1936902,1492698,1025248
2017-04-11,1520703,1778251,1936902,1221409,1257072,1520703
2017-04-12,1258152,1548170,1221409,1492698,1717929,1258152
2017-04-13,863990,1243550,1492698,1257072,2015289,863990
2017-04-17,1569436,1025248,1257072,1717929,1446568,1569436
2017-04-18,1241164,1520703,1717929,2015289,1312688,1241164
2017-04-19,2096351,1258152,2015289,1446568,1469882,2096351
2017-04-20,1569985,863990,1446568,1312688,1627592,1569985
2017-04-21,2189351,1569436,1312688,1469882,1705625,2189351
2017-04-24,2257682,1241164,1469882,1627592,1550227,2257682
2017-04-25,2181857,2096351,1627592,1705625,2017094,2181857
2017-04-26,1834961,1569985,1705625,1550227,1778251,1834961
2017-04-27,1529024,2189351,1550227,2017094,1548170,1529024
2017-04-28,3078163,2257682,2017094,1778251,1243550,3078163
2017-05-01,1897018,2181857,1778251,1548170,1025248,1897018
2017-05-02,1693069,1834961,1548170,1243550,1520703,1693069
2017-05-03,1702565,1529024,1243550,1025248,1258152,1702565
2017-05-04,2615560,3078163,1025248,1520703,863990,2615560
2017-05-05,1571536,1897018,1520703,1258152,1569436,1571536
2017-05-08,2189984,1693069,1258152,863990,1241164,2189984
2017-05-09,1559975,1702565,863990,1569436,2096351,1559975
2017-05-10,1566289,2615560,1569436,1241164,1569985,1566289
2017-05-11,1347633,1571536,1241164,2096351,2189351,1347633
2017-05-12,1578292,2189984,2096351,1569985,2257682,1578292
2017-05-15,1472226,1559975,1569985,2189351,2181857,1472226
2017-05-16,1032600,1566289,2189351,2257682,1834961,1032600
2017-05-17,1839737,1347633,2257682,2181857,1529024,1839737
2017-05-18,1934996,1578292,2181857,1834961,3078163,1934996
2017-05-19,1654441,1472226,1834961,1529024,1897018,1654441
2017-05-22,4264780,1032600,1529024,3078163,1693069,4264780
2017-05-23,7510578,1839737,3078163,1897018,1702565,7510578
2017-05-24,4105470,1934996,1897018,1693069,2615560,4105470
2017-05-25,2772812,1654441,1693069,1702565,1571536,2772812
2017-05-26,1535237,4264780,1702565,2615560,2189984,1535237
2017-05-30,2576416,7510578,2615560,1571536,1559975,2576416
2017-05-31,2552411,4105470,1571536,2189984,1566289,2552411
2017-06-01,2100441,2772812,2189984,1559975,1347633,2100441
2017-06-02,1666245,1535237,1559975,1566289,1578292,1666245
2017-06-05,1473282,2576416,1566289,1347633,1472226,1473282
2017-06-06,1968022,2552411,1347633,1578292,1032600,1968022
2017-06-07,1617604,2100441,1578292,1472226,1839737,1617604
2017-06-08,3486602,1666245,1472226,1032600,1934996,3486602
2017-06-09,2352814,1473282,1032600,1839737,1654441,2352814
2017-06-12,2579658,1968022,1839737,1934996,4264780,2579658
2017-06-13,1527210,1617604,1934996,1654441,7510578,1527210
2017-06-14,1203468,3486602,1654441,4264780,4105470,1203468
2017-06-15,1092596,2352814,4264780,7510578,2772812,1092596
2017-06-16,2157514,2579658,7510578,4105470,1535237,2157514
2017-06-19,2383659,1527210,4105470,2772812,2576416,2383659
2017-06-20,1821710,1203468,2772812,1535237,2552411,1821710
2017-06-21,2247944,1092596,1535237,2576416,2100441,2247944
2017-06-22,3473861,2157514,2576416,2552411,1666245,3473861
2017-06-23,2879785,2383659,2552411,2100441,1473282,2879785
2017-06-26,1535542,1821710,2100441,1666245,1968022,1535542
2017-06-27,1060391,2247944,1666245,1473282,1617604,1060391
2017-06-28,1191537,3473861,1473282,1968022,3486602,1191537
2017-06-29,1357538,2879785,1968022,1617604,2352814,1357538
2017-06-30,1593786,1535542,1617604,3486602,2579658,1593786
2017-07-03,1489574,1060391,3486602,2352814,1527210,1489574
2017-07-05,1638980,1191537,2352814,2579658,1203468,1638980
2017-07-06,2249516,1357538,2579658,1527210,1092596,2249516
2017-07-07,965439,1593786,1527210,1203468,2157514,965439
2017-07-10,1146033,1489574,1203468,1092596,2383659,1146033
2017-07-11,2976519,1638980,1092596,2157514,1821710,2976519
2017-07-12,1439395,2249516,2157514,2383659,2247944,1439395
2017-07-13,2060109,965439,2383659,1821710,3473861,2060109
2017-07-14,1286073,1146033,1821710,2247944,2879785,1286073
2017-07-17,1332751,2976519,2247944,3473861,1535542,1332751
2017-07-18,1520122,1439395,3473861,2879785,1060391,1520122
2017-07-19,1512177,2060109,2879785,1535542,1191537,1512177
2017-07-20,2009405,1286073,1535542,1060391,1357538,2009405
2017-07-21,1283236,1332751,1060391,1191537,1593786,1283236
2017-07-24,973808,1520122,1191537,1357538,1489574,973808
2017-07-25,1691988,1512177,1357538,1593786,1638980,1691988
2017-07-26,2520698,2009405,1593786,1489574,2249516,2520698
2017-07-27,1944962,1283236,1489574,1638980,965439,1944962
2017-07-28,1236434,973808,1638980,2249516,1146033,1236434
2017-07-31,1043729,1691988,2249516,965439,2976519,1043729
2017-08-01,1324251,2520698,965439,1146033,1439395,1324251
2017-08-02,1121566,1944962,1146033,2976519,2060109,1121566
2017-08-03,983246,1236434,2976519,1439395,1286073,983246
2017-08-04,778762,1043729,1439395,2060109,1332751,778762
2017-08-07,975738,1324251,2060109,1286073,1520122,975738
2017-08-08,1162440,1121566,1286073,1332751,1512177,1162440
2017-08-09,1965048,983246,1332751,1520122,2009405,1965048
2017-08-10,2471473,778762,1520122,1512177,1283236,2471473
2017-08-11,1511552,975738,1512177,2009405,973808,1511552
2017-08-14,2409765,1162440,2009405,1283236,1691988,2409765
2017-08-15,2933295,1965048,1283236,973808,2520698,2933295
2017-08-16,6892023,2471473,973808,1691988,1944962,6892023
2017-08-17,3501640,1511552,1691988,2520698,1236434,3501640
2017-08-18,2357872,2409765,2520698,1944962,1043729,2357872
2017-08-21,1486144,2933295,1944962,1236434,1324251,1486144
2017-08-22,1666369,6892023,1236434,1043729,1121566,1666369
2017-08-23,1445677,3501640,1043729,1324251,983246,1445677
2017-08-24,1584503,2357872,1324251,1121566,778762,1584503
2017-08-25,1352761,1486144,1121566,983246,975738,1352761
2017-08-28,1290434,1666369,983246,778762,1162440,1290434
2017-08-29,1206649,1445677,778762,975738,1965048,1206649
2017-08-30,1072530,1584503,975738,1162440,2471473,1072530
2017-08-31,1930071,1352761,1162440,1965048,1511552,1930071
2017-09-01,1224667,1290434,1965048,2471473,2409765,1224667
2017-09-05,910613,1206649,2471473,1511552,2933295,910613
2017-09-06,974511,1072530,1511552,2409765,6892023,974511
2017-09-07,1075757,1930071,2409765,2933295,3501640,1075757
2017-09-08,1588439,1224667,2933295,6892023,2357872,1588439
2017-09-11,1770025,910613,6892023,3501640,1486144,1770025
2017-09-12,1082149,974511,3501640,2357872,1666369,1082149
2017-09-13,2042563,1075757,2357872,1486144,1445677,2042563
2017-09-14,1481022,1588439,1486144,1666369,1584503,1481022
2017-09-15,2295974,1770025,1666369,1445677,1352761,2295974
2017-09-18,1562007,1082149,1445677,1584503,1290434,1562007
2017-09-19,1238004,2042563,1584503,1352761,1206649,1238004
2017-09-20,1186007,1481022,1352761,1290434,1072530,1186007
2017-09-21,874785,2295974,1290434,1206649,1930071,874785
2017-09-22,1296244,1562007,1206649,1072530,1224667,1296244
2017-09-25,1841833,1238004,1072530,1930071,910613,1841833
2017-09-26,1615338,1186007,1930071,1224667,974511,1615338
2017-09-27,1272526,874785,1224667,910613,1075757,1272526
2017-09-28,1126243,1296244,910613,974511,1588439,1126243
2017-09-29,1672816,1841833,974511,1075757,1770025,1672816
2017-10-02,1693854,1615338,1075757,1588439,1082149,1693854
2017-10-03,1216981,1272526,1588439,1770025,2042563,1216981
2017-10-04,745628,1126243,1770025,1082149,1481022,745628
2017-10-05,1974081,1672816,1082149,2042563,2295974,1974081
2017-10-06,1405100,1693854,2042563,1481022,1562007,1405100
2017-10-09,1542307,1216981,1481022,2295974,1238004,1542307
2017-10-10,1143075,745628,2295974,1562007,1186007,1143075
2017-10-11,1794800,1974081,1562007,1238004,874785,1794800
2017-10-12,1454994,1405100,1238004,1186007,1296244,1454994
2017-10-13,943164,1542307,1186007,874785,1841833,943164
2017-10-16,1473459,1143075,874785,1296244,1615338,1473459
2017-10-17,1711833,1794800,1296244,1841833,1272526,1711833
2017-10-18,1150468,1454994,1841833,1615338,1126243,1150468
2017-10-19,1359119,943164,1615338,1272526,1672816,1359119
2017-10-20,1506112,1473459,1272526,1126243,1693854,1506112
2017-10-23,1267570,1711833,1126243,1672816,1216981,1267570
2017-10-24,1975704,1150468,1672816,1693854,745628,1975704
2017-10-25,1590537,1359119,1693854,1216981,1974081,1590537
2017-10-26,1418152,1506112,1216981,745628,1405100,1418152
2017-10-27,1440996,1267570,745628,1974081,1542307,1440996
2017-10-30,846605,1975704,1974081,1405100,1143075,846605
2017-10-31,1614432,1590537,1405100,1542307,1794800,1614432
2017-11-01,1357998,1418152,1542307,1143075,1454994,1357998
2017-11-02,1856865,1440996,1143075,1794800,943164,1856865
2017-11-03,1072288,846605,1794800,1454994,1473459,1072288
2017-11-06,995731,1614432,1454994,943164,1711833,995731
2017-11-07,956466,1357998,943164,1473459,1150468,956466
2017-11-08,977616,1856865,1473459,1711833,1359119,977616
2017-11-09,1665042,1072288,1711833,1150468,1506112,1665042
2017-11-10,1439275,995731,1150468,1359119,1267570,1439275
2017-11-13,1536388,956466,1359119,1506112,1975704,1536388
2017-11-14,2426247,977616,1506112,1267570,1590537,2426247
2017-11-15,2042296,1665042,1267570,1975704,1418152,2042296
2017-11-16,2300408,1439275,1975704,1590537,1440996,2300408
2017-11-17,1823122,1536388,1590537,1418152,846605,1823122
2017-11-20,4143453,2426247,1418152,1440996,1614432,4143453
2017-11-21,5330554,2042296,1440996,846605,1357998,5330554
2017-11-22,3041728,2300408,846605,1614432,1856865,3041728
2017-11-24,1015411,1823122,1614432,1357998,1072288,1015411
2017-11-27,1439275,4143453,1357998,1856865,995731,1439275
2017-11-28,2473433,5330554,1856865,1072288,956466,2473433
2017-11-29,1904175,3041728,1072288,995731,977616,1904175
2017-11-30,1922514,1015411,995731,956466,1665042,1922514
2017-12-01,2516564,1439275,956466,977616,1439275,2516564
2017-12-04,2899424,2473433,977616,1665042,1536388,2899424
2017-12-05,2383974,1904175,1665042,1439275,2426247,2383974
2017-12-06,1690108,1922514,1439275,1536388,2042296,1690108
2017-12-07,2294513,2516564,1536388,2426247,2300408,2294513
2017-12-08,2195577,2899424,2426247,2042296,1823122,2195577
2017-12-11,2438556,2383974,2042296,2300408,4143453,2438556
2017-12-12,2180984,1690108,2300408,1823122,5330554,2180984
2017-12-13,1684618,2294513,1823122,4143453,3041728,1684618
2017-12-14,1774564,2195577,4143453,5330554,1015411,1774564
2017-12-15,2871925,2438556,5330554,3041728,1439275,2871925
2017-12-18,2306264,2180984,3041728,1015411,2473433,2306264
2017-12-19,1469439,1684618,1015411,1439275,1904175,1469439
2017-12-20,1363529,1774564,1439275,2473433,1922514,1363529
2017-12-21,1502218,2871925,2473433,1904175,2516564,1502218
2017-12-22,1221315,2306264,1904175,1922514,2899424,1221315
2017-12-26,532863,1469439,1922514,2516564,2383974,532863
2017-12-27,1038585,1363529,2516564,2899424,1690108,1038585
2017-12-28,607022,1502218,2899424,2383974,2294513,607022
2017-12-29,1064895,1221315,2383974,1690108,2195577,1064895
2018-01-02,1047830,532863,1690108,2294513,2438556,1047830
2018-01-03,1698899,1038585,2294513,2195577,2180984,1698899
2018-01-04,2231534,607022,2195577,2438556,1684618,2231534
2018-01-05,1632512,1064895,2438556,2180984,1774564,1632512
2018-01-08,1613911,1047830,2180984,1684618,2871925,1613911
2018-01-09,2666711,1698899,1684618,1774564,2306264,2666711
