date,volume_t-1,volume
2013-03-08,3256301,3256301
2013-03-11,5472837,5472837
2013-03-12,3767613,3767613
2013-03-13,2241086,2241086
2013-03-14,2840603,2840603
2013-03-15,2579690,2579690
2013-03-18,1847766,1847766
2013-03-19,6246443,6246443
2013-03-20,3240314,3240314
2013-03-21,4409084,4409084
2013-03-22,5425027,5425027
2013-03-25,2797510,2797510
2013-03-26,2513554,2513554
2013-03-27,3369968,3369968
2013-03-28,2147900,2147900
2013-04-01,2541331,2541331
2013-04-02,2354390,2354390
2013-04-03,5278950,5278950
2013-04-04,3918841,3918841
2013-04-05,4959134,4959134
2013-04-08,2395400,2395400
2013-04-09,1659420,1659420
2013-04-10,2169261,2169261
2013-04-11,5626492,5626492
2013-04-12,6083564,6083564
2013-04-15,7750724,7750724
2013-04-16,4505330,4505330
2013-04-17,4492937,4492937
2013-04-18,3976804,3976804
2013-04-19,3075803,3075803
2013-04-22,2340457,2340457
2013-04-23,3522419,3522419
2013-04-24,3020692,3020692
2013-04-25,2119838,2119838
2013-04-26,5283798,5283798
2013-04-29,2541961,2541961
2013-04-30,3451449,3451449
2013-05-01,2726213,2726213
2013-05-02,3437642,3437642
2013-05-03,4741565,4741565
2013-05-06,2819360,2819360
2013-05-07,3524022,3524022
2013-05-08,2119765,2119765
2013-05-09,3159293,3159293
2013-05-10,4662252,4662252
2013-05-13,4260335,4260335
2013-05-14,6075845,6075845
2013-05-15,10289000,10289000
2013-05-16,4890962,4890962
2013-05-17,3247851,3247851
2013-05-20,5698804,5698804
2013-05-21,4020941,4020941
2013-05-22,5421887,5421887
2013-05-23,3777408,3777408
2013-05-24,2225361,2225361
2013-05-28,4793962,4793962
2013-05-29,3621114,3621114
2013-05-30,3090824,3090824
2013-05-31,4609273,4609273
2013-06-03,3677473,3677473
2013-06-04,3364296,3364296
2013-06-05,2495073,2495073
2013-06-06,3781151,3781151
2013-06-07,2781171,2781171
2013-06-10,2730800,2730800
2013-06-11,3914328,3914328
2013-06-12,2730633,2730633
2013-06-13,2594941,2594941
2013-06-14,1677669,1677669
2013-06-17,2000122,2000122
2013-06-18,2522376,2522376
2013-06-19,5805826,5805826
2013-06-20,6307980,6307980
2013-06-21,3656145,3656145
2013-06-24,2871453,2871453
2013-06-25,2939595,2939595
2013-06-26,3693707,3693707
2013-06-27,3447018,3447018
2013-06-28,5556673,5556673
2013-07-01,4283821,4283821
2013-07-02,2986405,2986405
2013-07-03,1940832,1940832
2013-07-05,2100873,2100873
2013-07-08,2572391,2572391
2013-07-09,3476214,3476214
2013-07-10,3277684,3277684
2013-07-11,2131803,2131803
2013-07-12,1978819,1978819
2013-07-15,2433181,2433181
2013-07-16,2026749,2026749
2013-07-17,1196543,1196543
2013-07-18,1999719,1999719
2013-07-19,1179308,1179308
2013-07-22,1836733,1836733
2013-07-23,2934199,2934199
2013-07-24,1831121,1831121
2013-07-25,1420233,1420233
2013-07-26,3694988,3694988
2013-07-29,1962142,1962142
2013-07-30,2791858,2791858
2013-07-31,2807402,2807402
2013-08-01,2745041,2745041
2013-08-02,2387817,2387817
2013-08-05,1875418,1875418
2013-08-06,2280909,2280909
2013-08-07,1702122,1702122
2013-08-08,1702407,1702407
2013-08-09,1958449,1958449
2013-08-12,1247241,1247241
2013-08-13,2078213,2078213
2013-08-14,1989871,1989871
2013-08-15,6708341,6708341
2013-08-16,3624694,3624694
2013-08-19,1727559,1727559
2013-08-20,2294328,2294328
2013-08-21,1949054,1949054
2013-08-22,3147986,3147986
2013-08-23,1702511,1702511
2013-08-26,2012701,2012701
2013-08-27,2138064,2138064
2013-08-28,1590425,1590425
2013-08-29,1900662,1900662
2013-08-30,1358573,1358573
2013-09-03,1565632,1565632
2013-09-04,2522043,2522043
2013-09-05,1313188,1313188
2013-09-06,1332857,1332857
2013-09-09,1668867,1668867
2013-09-10,1821283,1821283
2013-09-11,1783424,1783424
2013-09-12,1468485,1468485
2013-09-13,2141143,2141143
2013-09-16,1861513,1861513
2013-09-17,1578387,1578387
2013-09-18,2044234,2044234
2013-09-19,18146408,18146408
2013-09-20,10692052,10692052
2013-09-23,2716907,2716907
2013-09-24,2185721,2185721
2013-09-25,2865074,2865074
2013-09-26,2680307,2680307
2013-09-27,2110103,2110103
2013-09-30,2650001,2650001
2013-10-01,2997047,2997047
2013-10-02,2020794,2020794
2013-10-03,1878510,1878510
2013-10-04,1867889,1867889
2013-10-07,1382107,1382107
2013-10-08,2415258,2415258
2013-10-09,2430595,2430595
2013-10-10,2426300,2426300
2013-10-11,1500903,1500903
2013-10-14,2110504,2110504
2013-10-15,1961896,1961896
2013-10-16,2450818,2450818
2013-10-17,3548418,3548418
2013-10-18,2880870,2880870
2013-10-21,2556379,2556379
2013-10-22,4280543,4280543
2013-10-23,2348591,2348591
2013-10-24,1785894,1785894
2013-10-25,2398266,2398266
2013-10-28,1778672,1778672
2013-10-29,1193955,1193955
2013-10-30,1360046,1360046
2013-10-31,1895510,1895510
2013-11-01,1931035,1931035
2013-11-04,1409928,1409928
2013-11-05,1578131,1578131
2013-11-06,1432940,1432940
2013-11-07,3548823,3548823
2013-11-08,1860654,1860654
2013-11-11,1984482,1984482
2013-11-12,2357218,2357218
2013-11-13,2110086,2110086
2013-11-14,2825818,2825818
2013-11-15,11014343,11014343
2013-11-18,4131521,4131521
2013-11-19,2473023,2473023
2013-11-20,2321500,2321500
2013-11-21,2417644,2417644
2013-11-22,1910762,1910762
2013-11-25,1750170,1750170
2013-11-26,3196344,3196344
2013-11-27,1189764,1189764
2013-11-29,870409,870409
2013-12-02,1459197,1459197
2013-12-03,2478051,2478051
2013-12-04,2415795,2415795
2013-12-05,1810391,1810391
2013-12-06,3053347,3053347
2013-12-09,2118503,2118503
2013-12-10,2326895,2326895
2013-12-11,2349926,2349926
2013-12-12,2714297,2714297
2013-12-13,2022610,2022610
2013-12-16,1685454,1685454
2013-12-17,3209227,3209227
2013-12-18,4136283,4136283
2013-12-19,1893211,1893211
2013-12-20,2954031,2954031
2013-12-23,1578464,1578464
2013-12-24,779696,779696
2013-12-26,714431,714431
2013-12-27,653055,653055
2013-12-30,1127980,1127980
2013-12-31,941447,941447
2014-01-02,1916160,1916160
2014-01-03,1866651,1866651
2014-01-06,1777472,1777472
2014-01-07,1463208,1463208
2014-01-08,2659468,2659468
2014-01-09,1757647,1757647
2014-01-10,1623330,1623330
2014-01-13,2946738,2946738
2014-01-14,2562236,2562236
2014-01-15,2335194,2335194
2014-01-16,1835957,1835957
2014-01-17,1699534,1699534
2014-01-21,3008458,3008458
2014-01-22,2769350,2769350
2014-01-23,3063559,3063559
2014-01-24,2656341,2656341
2014-01-27,4669012,4669012
2014-01-28,2536290,2536290
2014-01-29,2163031,2163031
2014-01-30,3743153,3743153
2014-01-31,3529054,3529054
2014-02-03,2929252,2929252
2014-02-04,2911877,2911877
2014-02-05,2283870,2283870
2014-02-06,1609451,1609451
2014-02-07,1975290,1975290
2014-02-10,1760468,1760468
2014-02-11,2148202,2148202
2014-02-12,2347270,2347270
2014-02-13,3097011,3097011
2014-02-14,17862776,17862776
2014-02-18,6553839,6553839
2014-02-19,4838795,4838795
2014-02-20,4629755,4629755
2014-02-21,2407171,2407171
2014-02-24,2392783,2392783
2014-02-25,3375173,3375173
2014-02-26,2400946,2400946
2014-02-27,3123781,3123781
2014-02-28,2876261,2876261
2014-03-03,2488373,2488373
2014-03-04,2841919,2841919
2014-03-05,3113546,3113546
2014-03-06,5178833,5178833
2014-03-07,3247154,3247154
2014-03-10,2563418,2563418
2014-03-11,3421731,3421731
2014-03-12,1652324,1652324
2014-03-13,2318832,2318832
2014-03-14,1745218,1745218
2014-03-17,1437471,1437471
2014-03-18,1294681,1294681
2014-03-19,1804350,1804350
2014-03-20,1808447,1808447
2014-03-21,2762931,2762931
2014-03-24,1985703,1985703
2014-03-25,1727269,1727269
2014-03-26,2560731,2560731
2014-03-27,2972614,2972614
2014-03-28,2006941,2006941
2014-03-31,2190772,2190772
2014-04-01,2090720,2090720
2014-04-02,1919493,1919493
2014-04-03,1603010,1603010
2014-04-04,2307668,2307668
2014-04-07,2584538,2584538
2014-04-08,1842491,1842491
2014-04-09,2017519,2017519
2014-04-10,1966409,1966409
2014-04-11,2591968,2591968
2014-04-14,2840577,2840577
2014-04-15,2172515,2172515
2014-04-16,1243513,1243513
2014-04-17,2061997,2061997
2014-04-21,1185867,1185867
2014-04-22,1475541,1475541
2014-04-23,894232,894232
2014-04-24,1806441,1806441
2014-04-25,1580495,1580495
2014-04-28,3009046,3009046
2014-04-29,3359741,3359741
2014-04-30,1678627,1678627
2014-05-01,1472407,1472407
2014-05-02,2080946,2080946
2014-05-05,2087256,2087256
2014-05-06,2224227,2224227
2014-05-07,2219204,2219204
2014-05-08,2209139,2209139
2014-05-09,1287905,1287905
2014-05-12,2042132,2042132
2014-05-13,1465527,1465527
2014-05-14,2591684,2591684
2014-05-15,5740663,5740663
2014-05-16,2405753,2405753
2014-05-19,2742131,2742131
2014-05-20,1840126,1840126
2014-05-21,1102300,1102300
2014-05-22,1686139,1686139
2014-05-23,3510829,3510829
2014-05-27,1190619,1190619
2014-05-28,1807185,1807185
2014-05-29,1558720,1558720
2014-05-30,2547039,2547039
2014-06-02,1274846,1274846
2014-06-03,1842298,1842298
2014-06-04,1145664,1145664
2014-06-05,1833063,1833063
2014-06-06,1285879,1285879
2014-06-09,1188782,1188782
2014-06-10,1267805,1267805
2014-06-11,1410610,1410610
2014-06-12,1677989,1677989
2014-06-13,1054865,1054865
2014-06-16,1174434,1174434
2014-06-17,1328510,1328510
2014-06-18,1114749,1114749
2014-06-19,3149546,3149546
2014-06-20,2029378,2029378
2014-06-23,1435625,1435625
2014-06-24,1125825,1125825
2014-06-25,1060501,1060501
2014-06-26,1102367,1102367
2014-06-27,1519046,1519046
2014-06-30,1314906,1314906
2014-07-01,2010785,2010785
2014-07-02,1414957,1414957
2014-07-03,600744,600744
2014-07-07,949243,949243
2014-07-08,1615912,1615912
2014-07-09,1278504,1278504
2014-07-10,1189340,1189340
2014-07-11,1183288,1183288
2014-07-14,1487761,1487761
2014-07-15,2094496,2094496
2014-07-16,1868521,1868521
2014-07-17,4404085,4404085
2014-07-18,1706174,1706174
2014-07-21,1983914,1983914
2014-07-22,2411722,2411722
2014-07-23,1453645,1453645
2014-07-24,2534358,2534358
2014-07-25,1719615,1719615
2014-07-28,1510223,1510223
2014-07-29,2003109,2003109
2014-07-30,1371335,1371335
2014-07-31,2708121,2708121
2014-08-01,957560,957560
2014-08-04,957560,957560
2014-08-05,1733728,1733728
2014-08-06,1568834,1568834
2014-08-07,1628472,1628472
2014-08-08,1766002,1766002
2014-08-11,1252725,1252725
2014-08-12,2642075,2642075
2014-08-13,1721261,1721261
2014-08-14,3478558,3478558
2014-08-15,5578794,5578794
2014-08-18,2761606,2761606
2014-08-19,1192963,1192963
2014-08-20,1846569,1846569
2014-08-21,1228385,1228385
2014-08-22,1439567,1439567
2014-08-25,967137,967137
2014-08-26,888727,888727
2014-08-27,1193004,1193004
2014-08-28,1395449,1395449
2014-08-29,1979934,1979934
2014-09-02,2015566,2015566
2014-09-03,1478032,1478032
2014-09-04,790594,790594
2014-09-05,908184,908184
2014-09-08,1345766,1345766
2014-09-09,1286053,1286053
2014-09-10,1477856,1477856
2014-09-11,995855,995855
2014-09-12,2590395,2590395
2014-09-15,1621086,1621086
2014-09-16,1379832,1379832
2014-09-17,2710468,2710468
2014-09-18,2867046,2867046
2014-09-19,2173992,2173992
2014-09-22,1686631,1686631
2014-09-23,1632282,1632282
2014-09-24,1650529,1650529
2014-09-25,1629584,1629584
2014-09-26,2218441,2218441
2014-09-29,1626565,1626565
2014-09-30,2120557,2120557
2014-10-01,2481276,2481276
2014-10-02,1708052,1708052
2014-10-03,1577280,1577280
2014-10-06,1157370,1157370
2014-10-07,1515558,1515558
2014-10-08,2124682,2124682
2014-10-09,2526263,2526263
2014-10-10,5133638,5133638
2014-10-13,2527277,2527277
2014-10-14,3972861,3972861
2014-10-15,4723905,4723905
2014-10-16,5362096,5362096
2014-10-17,3810818,3810818
2014-10-20,4942206,4942206
2014-10-21,2231876,2231876
2014-10-22,2161086,2161086
2014-10-23,1754719,1754719
2014-10-24,1508194,1508194
2014-10-27,1105293,1105293
2014-10-28,1714329,1714329
2014-10-29,1484268,1484268
2014-10-30,2504261,2504261
2014-10-31,2087828,2087828
2014-11-03,4559916,4559916
2014-11-04,5765189,5765189
2014-11-05,2341387,2341387
2014-11-06,2968264,2968264
2014-11-07,2458734,2458734
2014-11-10,2583931,2583931
2014-11-11,2163823,2163823
2014-11-12,2504261,2504261
2014-11-13,1805461,1805461
2014-11-14,1331282,1331282
2014-11-17,2697164,2697164
2014-11-18,5891377,5891377
2014-11-19,4012147,4012147
2014-11-20,2303826,2303826
2014-11-21,5306170,5306170
2014-11-24,2122424,2122424
2014-11-25,2713879,2713879
2014-11-26,1752695,1752695
2014-11-28,1091780,1091780
2014-12-01,4411159,4411159
2014-12-02,2014436,2014436
2014-12-03,2250275,2250275
2014-12-04,1346823,1346823
2014-12-05,1019549,1019549
2014-12-08,1425753,1425753
2014-12-09,1803210,1803210
2014-12-10,2654911,2654911
2014-12-11,1640864,1640864
2014-12-12,2335765,2335765
2014-12-15,4510349,4510349
2014-12-16,3849394,3849394
2014-12-17,3508188,3508188
2014-12-18,3104066,3104066
2014-12-19,3736336,3736336
2014-12-22,1590221,1590221
2014-12-23,1872341,1872341
2014-12-24,1426901,1426901
2014-12-26,588034,588034
2014-12-29,976423,976423
2014-12-30,1323452,1323452
2014-12-31,1423993,1423993
2015-01-02,1530798,1530798
2015-01-05,2042240,2042240
2015-01-06,2084562,2084562
2015-01-07,3359660,3359660
2015-01-08,2116341,2116341
2015-01-09,1644939,1644939
2015-01-12,2771191,2771191
2015-01-13,2013474,2013474
2015-01-14,5134006,5134006
2015-01-15,2630296,2630296
2015-01-16,3003980,3003980
2015-01-20,5033605,5033605
2015-01-21,2721609,2721609
2015-01-22,4856573,4856573
2015-01-23,1519250,1519250
2015-01-26,1511214,1511214
2015-01-27,1703508,1703508
2015-01-28,2033523,2033523
2015-01-29,2329983,2329983
2015-01-30,3054313,3054313
2015-02-02,2508493,2508493
2015-02-03,2950375,2950375
2015-02-04,2567439,2567439
2015-02-05,1826367,1826367
2015-02-06,2697212,2697212
2015-02-09,3586102,3586102
2015-02-10,1408747,1408747
2015-02-11,3337005,3337005
2015-02-12,1317705,1317705
2015-02-13,2211931,2211931
2015-02-17,2875788,2875788
2015-02-18,9007218,9007218
2015-02-19,3737331,3737331
2015-02-20,2971880,2971880
2015-02-23,1967913,1967913
2015-02-24,1922102,1922102
2015-02-25,2343479,2343479
2015-02-26,1505418,1505418
2015-02-27,1676351,1676351
2015-03-02,1847082,1847082
2015-03-03,1635437,1635437
2015-03-04,1305992,1305992
2015-03-05,1376468,1376468
2015-03-06,1528564,1528564
2015-03-09,1492378,1492378
2015-03-10,1961299,1961299
2015-03-11,2064355,2064355
2015-03-12,2719895,2719895
2015-03-13,4704560,4704560
2015-03-16,2551437,2551437
2015-03-17,1504881,1504881
2015-03-18,1295556,1295556
2015-03-19,1085684,1085684
2015-03-20,2315472,2315472
2015-03-23,1835393,1835393
2015-03-24,3625952,3625952
2015-03-25,2776181,2776181
2015-03-26,1573740,1573740
2015-03-27,1932749,1932749
2015-03-30,2064181,2064181
2015-03-31,1659179,1659179
2015-04-01,2170331,2170331
2015-04-02,2135918,2135918
2015-04-06,2379808,2379808
2015-04-07,3072418,3072418
2015-04-08,2443178,2443178
2015-04-09,1332519,1332519
2015-04-10,3370597,3370597
2015-04-13,3708641,3708641
2015-04-14,1777705,1777705
2015-04-15,1445622,1445622
2015-04-16,1070232,1070232
2015-04-17,2333369,2333369
2015-04-20,1410574,1410574
2015-04-21,1719710,1719710
2015-04-22,2726140,2726140
2015-04-23,3973179,3973179
2015-04-24,2200155,2200155
2015-04-27,2298298,2298298
2015-04-28,1803453,1803453
2015-04-29,2160963,2160963
2015-04-30,1726312,1726312
2015-05-01,1880177,1880177
2015-05-04,1073820,1073820
2015-05-05,1254801,1254801
2015-05-06,934611,934611
2015-05-07,999682,999682
2015-05-08,1034717,1034717
2015-05-11,975490,975490
2015-05-12,2617833,2617833
2015-05-13,1992774,1992774
2015-05-14,2883667,2883667
2015-05-15,2147413,2147413
2015-05-18,1966147,1966147
2015-05-19,5277345,5277345
2015-05-20,2652326,2652326
2015-05-21,2126257,2126257
2015-05-22,1484752,1484752
2015-05-26,1919645,1919645
2015-05-27,2507443,2507443
2015-05-28,3347403,3347403
2015-05-29,5022554,5022554
2015-06-01,2440065,2440065
2015-06-02,2947454,2947454
2015-06-03,2722286,2722286
2015-06-04,4091870,4091870
2015-06-05,1760467,1760467
2015-06-08,1353411,1353411
2015-06-09,1439015,1439015
2015-06-10,1789330,1789330
2015-06-11,1576987,1576987
2015-06-12,2769551,2769551
2015-06-15,2361878,2361878
2015-06-16,1422563,1422563
2015-06-17,1519421,1519421
2015-06-18,1865267,1865267
2015-06-19,2658779,2658779
2015-06-22,3909250,3909250
2015-06-23,2053553,2053553
2015-06-24,6127695,6127695
2015-06-25,5265822,5265822
2015-06-26,3350458,3350458
2015-06-29,2516360,2516360
2015-06-30,3037436,3037436
2015-07-01,4486572,4486572
2015-07-02,2160799,2160799
2015-07-06,2509428,2509428
2015-07-07,2927761,2927761
2015-07-08,3390976,3390976
2015-07-09,2237945,2237945
2015-07-10,2107093,2107093
2015-07-13,1579730,1579730
2015-07-14,2801301,2801301
2015-07-15,2247745,2247745
2015-07-16,1826485,1826485
2015-07-17,2412373,2412373
2015-07-20,1155252,1155252
2015-07-21,1160904,1160904
2015-07-22,2949376,2949376
2015-07-23,1708801,1708801
2015-07-24,1844946,1844946
2015-07-27,5261424,5261424
2015-07-28,2768225,2768225
2015-07-29,2014066,2014066
2015-07-30,2440415,2440415
2015-07-31,2247715,2247715
2015-08-03,2104591,2104591
2015-08-04,1448062,1448062
2015-08-05,949479,949479
2015-08-06,1932226,1932226
2015-08-07,1513076,1513076
2015-08-10,1554542,1554542
2015-08-11,1575708,1575708
2015-08-12,3440282,3440282
2015-08-13,2848895,2848895
2015-08-14,2632739,2632739
2015-08-17,3302058,3302058
2015-08-18,6416891,6416891
2015-08-19,2730429,2730429
2015-08-20,2145028,2145028
2015-08-21,3828206,3828206
2015-08-24,4114990,4114990
2015-08-25,3802732,3802732
2015-08-26,3233814,3233814
2015-08-27,2406297,2406297
2015-08-28,1783861,1783861
2015-08-31,2554666,2554666
2015-09-01,2954093,2954093
2015-09-02,2119191,2119191
2015-09-03,2140822,2140822
2015-09-04,2819027,2819027
2015-09-08,1787408,1787408
2015-09-09,1885293,1885293
2015-09-10,1628726,1628726
2015-09-11,1443721,1443721
2015-09-14,2223319,2223319
2015-09-15,1752721,1752721
2015-09-16,2130117,2130117
2015-09-17,1819067,1819067
2015-09-18,3352296,3352296
2015-09-21,2640363,2640363
2015-09-22,2283337,2283337
2015-09-23,1962552,1962552
2015-09-24,2028940,2028940
2015-09-25,2730672,2730672
2015-09-28,2615440,2615440
2015-09-29,2252364,2252364
2015-09-30,2545749,2545749
2015-10-01,3011460,3011460
2015-10-02,3519448,3519448
2015-10-05,1675429,1675429
2015-10-06,1833679,1833679
2015-10-07,3089575,3089575
2015-10-08,2598314,2598314
2015-10-09,3232938,3232938
2015-10-12,1349866,1349866
2015-10-13,2383212,2383212
2015-10-14,1647407,1647407
2015-10-15,1432995,1432995
2015-10-16,1754319,1754319
2015-10-19,3685845,3685845
2015-10-20,2635777,2635777
2015-10-21,2886412,2886412
2015-10-22,3696278,3696278
2015-10-23,2732645,2732645
2015-10-26,1948411,1948411
2015-10-27,2557172,2557172
2015-10-28,1780126,1780126
2015-10-29,1352267,1352267
2015-10-30,2194619,2194619
2015-11-02,1810869,1810869
2015-11-03,1485779,1485779
2015-11-04,1569620,1569620
2015-11-05,1419963,1419963
2015-11-06,1964478,1964478
2015-11-09,3109588,3109588
2015-11-10,4339800,4339800
2015-11-11,1969168,1969168
2015-11-12,3096336,3096336
2015-11-13,3335092,3335092
2015-11-16,2490208,2490208
2015-11-17,7679493,7679493
2015-11-18,6589609,6589609
2015-11-19,7275136,7275136
2015-11-20,5447723,5447723
2015-11-23,6474141,6474141
2015-11-24,5669066,5669066
2015-11-25,3797067,3797067
2015-11-27,1935738,1935738
2015-11-30,3208114,3208114
2015-12-01,7989220,7989220
2015-12-02,4713210,4713210
2015-12-03,3314529,3314529
2015-12-04,2519309,2519309
2015-12-07,2004492,2004492
2015-12-08,4331832,4331832
2015-12-09,4133291,4133291
2015-12-10,3709240,3709240
2015-12-11,2634362,2634362
2015-12-14,2310538,2310538
2015-12-15,2195375,2195375
2015-12-16,2582642,2582642
2015-12-17,2218837,2218837
2015-12-18,3364796,3364796
2015-12-21,1735159,1735159
2015-12-22,1643172,1643172
2015-12-23,1510716,1510716
2015-12-24,874549,874549
2015-12-28,1458242,1458242
2015-12-29,1757360,1757360
2015-12-30,834358,834358
2015-12-31,1450968,1450968
2016-01-04,3287335,3287335
2016-01-05,2587246,2587246
2016-01-06,2103619,2103619
2016-01-07,3504314,3504314
2016-01-08,3736768,3736768
2016-01-11,2818611,2818611
2016-01-12,1989379,1989379
2016-01-13,4206638,4206638
2016-01-14,2893372,2893372
2016-01-15,2994386,2994386
2016-01-19,2506559,2506559
2016-01-20,2469088,2469088
2016-01-21,2298372,2298372
2016-01-22,1834467,1834467
2016-01-25,1831240,1831240
2016-01-26,1755032,1755032
2016-01-27,1479446,1479446
2016-01-28,3479452,3479452
2016-01-29,2959863,2959863
2016-02-01,2666567,2666567
2016-02-02,1742325,1742325
2016-02-03,2128426,2128426
2016-02-04,2833492,2833492
2016-02-05,4424609,4424609
2016-02-08,3888601,3888601
2016-02-09,3464464,3464464
2016-02-10,3169951,3169951
2016-02-11,3224004,3224004
2016-02-12,3923627,3923627
2016-02-16,2903649,2903649
2016-02-17,5382312,5382312
2016-02-18,2231481,2231481
2016-02-19,2339426,2339426
2016-02-22,1792962,1792962
2016-02-23,1282290,1282290
2016-02-24,1454952,1454952
2016-02-25,1453515,1453515
2016-02-26,944266,944266
2016-02-29,2187500,2187500
2016-03-01,2760200,2760200
2016-03-02,3612508,3612508
2016-03-03,946823,946823
2016-03-04,1124968,1124968
2016-03-07,1221574,1221574
2016-03-08,1801486,1801486
2016-03-09,1614633,1614633
2016-03-10,1614998,1614998
2016-03-11,1517348,1517348
2016-03-14,929638,929638
2016-03-15,1059439,1059439
2016-03-16,1956125,1956125
2016-03-17,1895669,1895669
2016-03-18,2504361,2504361
2016-03-21,2172615,2172615
2016-03-22,1552312,1552312
2016-03-23,1554822,1554822
2016-03-24,993627,993627
2016-03-28,1272724,1272724
2016-03-29,1091198,1091198
2016-03-30,783495,783495
2016-03-31,3143468,3143468
2016-04-01,2857844,2857844
2016-04-04,2958061,2958061
2016-04-05,1900659,1900659
2016-04-06,1566612,1566612
2016-04-07,1373839,1373839
2016-04-08,1106293,1106293
2016-04-11,1049336,1049336
2016-04-12,992495,992495
2016-04-13,2495340,2495340
2016-04-14,1347753,1347753
2016-04-15,1442264,1442264
2016-04-18,1536678,1536678
2016-04-19,1640774,1640774
2016-04-20,1243893,1243893
2016-04-21,1670389,1670389
2016-04-22,1396272,1396272
2016-04-25,1500449,1500449
2016-04-26,1868970,1868970
2016-04-27,1189462,1189462
2016-04-28,1549792,1549792
2016-04-29,2028332,2028332
2016-05-02,1285318,1285318
2016-05-03,1333991,1333991
2016-05-04,1602991,1602991
2016-05-05,1083956,1083956
2016-05-06,1403483,1403483
2016-05-09,1741539,1741539
2016-05-10,2094305,2094305
2016-05-11,3328961,3328961
2016-05-12,2504924,2504924
2016-05-13,2430565,2430565
2016-05-16,3979321,3979321
2016-05-17,7130371,7130371
2016-05-18,3476470,3476470
2016-05-19,3660160,3660160
2016-05-20,2567686,2567686
2016-05-23,1689755,1689755
2016-05-24,3236305,3236305
2016-05-25,2352424,2352424
2016-05-26,2569626,2569626
2016-05-27,1823120,1823120
2016-05-31,2256373,2256373
2016-06-01,1734386,1734386
2016-06-02,2209387,2209387
2016-06-03,2395816,2395816
2016-06-06,2359193,2359193
2016-06-07,1500872,1500872
2016-06-08,1552146,1552146
2016-06-09,1204415,1204415
2016-06-10,1261698,1261698
2016-06-13,1272833,1272833
2016-06-14,1624087,1624087
2016-06-15,2029194,2029194
2016-06-16,1784741,1784741
2016-06-17,3434813,3434813
2016-06-20,3161329,3161329
2016-06-21,2112964,2112964
2016-06-22,2412064,2412064
2016-06-23,1487938,1487938
2016-06-24,5263644,5263644
2016-06-27,4328364,4328364
2016-06-28,4300845,4300845
2016-06-29,2402578,2402578
2016-06-30,2181066,2181066
2016-07-01,1591476,1591476
2016-07-05,1813468,1813468
2016-07-06,2312133,2312133
2016-07-07,1861536,1861536
2016-07-08,1838137,1838137
2016-07-11,1094683,1094683
2016-07-12,2237748,2237748
2016-07-13,1852475,1852475
2016-07-14,1192500,1192500
2016-07-15,1202638,1202638
2016-07-18,1362884,1362884
2016-07-19,2583860,2583860
2016-07-20,2124914,2124914
2016-07-21,1226365,1226365
2016-07-22,1512440,1512440
2016-07-25,1720649,1720649
2016-07-26,1792674,1792674
2016-07-27,1572573,1572573
2016-07-28,1945517,1945517
2016-07-29,1881372,1881372
2016-08-01,1604639,1604639
2016-08-02,1595948,1595948
2016-08-03,1508868,1508868
2016-08-04,1700182,1700182
2016-08-05,1250805,1250805
2016-08-08,1311724,1311724
2016-08-09,1006170,1006170
2016-08-10,754137,754137
2016-08-11,1377024,1377024
2016-08-12,1538976,1538976
2016-08-15,2323589,2323589
2016-08-16,3175994,3175994
2016-08-17,3154934,3154934
2016-08-18,4660295,4660295
2016-08-19,3340438,3340438
2016-08-22,1626833,1626833
2016-08-23,1645348,1645348
2016-08-24,2634707,2634707
2016-08-25,2160074,2160074
2016-08-26,1581245,1581245
2016-08-29,1332975,1332975
2016-08-30,2231203,2231203
2016-08-31,1676587,1676587
2016-09-01,1257886,1257886
2016-09-02,1424454,1424454
2016-09-06,1460928,1460928
2016-09-07,1542576,1542576
2016-09-08,884738,884738
2016-09-09,2507018,2507018
2016-09-12,1835434,1835434
2016-09-13,3461832,3461832
2016-09-14,1604806,1604806
2016-09-15,1733971,1733971
2016-09-16,2592850,2592850
2016-09-19,1927900,1927900
2016-09-20,2333122,2333122
2016-09-21,1612736,1612736
2016-09-22,1307074,1307074
2016-09-23,1957032,1957032
2016-09-26,2639060,2639060
2016-09-27,1587143,1587143
2016-09-28,1502533,1502533
2016-09-29,1938218,1938218
2016-09-30,1754316,1754316
2016-10-03,1539625,1539625
2016-10-04,1763985,1763985
2016-10-05,1432268,1432268
2016-10-06,1772801,1772801
2016-10-07,1663127,1663127
2016-10-10,1544958,1544958
2016-10-11,2912537,2912537
2016-10-12,1736076,1736076
2016-10-13,1336023,1336023
2016-10-14,997137,997137
2016-10-17,1160321,1160321
2016-10-18,1949108,1949108
2016-10-19,1769090,1769090
2016-10-20,1493608,1493608
2016-10-21,1011340,1011340
2016-10-24,1666388,1666388
2016-10-25,3949609,3949609
2016-10-26,2146178,2146178
2016-10-27,2393625,2393625
2016-10-28,1471348,1471348
2016-10-31,1556762,1556762
2016-11-01,2133116,2133116
2016-11-02,2240428,2240428
2016-11-03,2510054,2510054
2016-11-04,2220908,2220908
2016-11-07,1723957,1723957
2016-11-08,2136740,2136740
2016-11-09,3501243,3501243
2016-11-10,2558722,2558722
2016-11-11,2219255,2219255
2016-11-14,3443200,3443200
2016-11-15,4710170,4710170
2016-11-16,4026754,4026754
2016-11-17,2070609,2070609
2016-11-18,3148538,3148538
2016-11-21,2540067,2540067
2016-11-22,2831226,2831226
2016-11-23,1926275,1926275
2016-11-25,877140,877140
2016-11-28,2241795,2241795
2016-11-29,1952118,1952118
2016-11-30,2238575,2238575
2016-12-01,2823273,2823273
2016-12-02,2153515,2153515
2016-12-05,2495020,2495020
2016-12-06,1136658,1136658
2016-12-07,1815238,1815238
2016-12-08,1848936,1848936
2016-12-09,1937622,1937622
2016-12-12,1851517,1851517
2016-12-13,1734678,1734678
2016-12-14,2044052,2044052
2016-12-15,1338905,1338905
2016-12-16,2103155,2103155
2016-12-19,1084164,1084164
2016-12-20,1552366,1552366
2016-12-21,1652288,1652288
2016-12-22,968296,968296
2016-12-23,727682,727682
2016-12-27,1535489,1535489
2016-12-28,1177275,1177275
2016-12-29,891398,891398
2016-12-30,1216100,1216100
2017-01-03,1739726,1739726
2017-01-04,1821264,1821264
2017-01-05,1503763,1503763
2017-01-06,2883483,2883483
2017-01-09,2575328,2575328
2017-01-10,1560549,1560549
2017-01-11,5624332,5624332
2017-01-12,3276952,3276952
2017-01-13,1568923,1568923
2017-01-17,1939449,1939449
2017-01-18,1523508,1523508
2017-01-19,1346142,1346142
2017-01-20,1701695,1701695
2017-01-23,2013878,2013878
2017-01-24,2741915,2741915
2017-01-25,3073228,3073228
2017-01-26,1895562,1895562
2017-01-27,1527822,1527822
2017-01-30,2266487,2266487
2017-01-31,2552612,2552612
2017-02-01,2244604,2244604
2017-02-02,1352525,1352525
2017-02-03,1191855,1191855
2017-02-06,952095,952095
2017-02-07,2170720,2170720
2017-02-08,2107079,2107079
2017-02-09,2557747,2557747
2017-02-10,2092479,2092479
2017-02-13,1568350,1568350
2017-02-14,3546878,3546878
2017-02-15,5724488,5724488
2017-02-16,2550439,2550439
2017-02-17,2195788,2195788
2017-02-21,2036993,2036993
2017-02-22,1632886,1632886
2017-02-23,1006867,1006867
2017-02-24,1612698,1612698
2017-02-27,1195138,1195138
2017-02-28,1417772,1417772
2017-03-01,2026600,2026600
2017-03-02,1706500,1706500
2017-03-03,1824423,1824423
2017-03-06,1884477,1884477
2017-03-07,2233561,2233561
2017-03-08,1517642,1517642
2017-03-09,1259407,1259407
2017-03-10,1860508,1860508
2017-03-13,1376191,1376191
2017-03-14,1203368,1203368
2017-03-15,4117983,4117983
2017-03-16,2676915,2676915
2017-03-17,1936902,1936902
2017-03-20,1221409,1221409
2017-03-21,1492698,1492698
2017-03-22,1257072,1257072
2017-03-23,1717929,1717929
2017-03-24,2015289,2015289
2017-03-27,1446568,1446568
2017-03-28,1312688,1312688
2017-03-29,1469882,1469882
2017-03-30,1627592,1627592
2017-03-31,1705625,1705625
2017-04-03,1550227,1550227
2017-04-04,2017094,2017094
2017-04-05,1778251,1778251
2017-04-06,1548170,1548170
2017-04-07,1243550,1243550
2017-04-10,1025248,1025248
2017-04-11,1520703,1520703
2017-04-12,1258152,1258152
2017-04-13,863990,863990
2017-04-17,1569436,1569436
2017-04-18,1241164,1241164
2017-04-19,2096351,2096351
2017-04-20,1569985,1569985
2017-04-21,2189351,2189351
2017-04-24,2257682,2257682
2017-04-25,2181857,2181857
2017-04-26,1834961,1834961
2017-04-27,1529024,1529024
2017-04-28,3078163,3078163
2017-05-01,1897018,1897018
2017-05-02,1693069,1693069
2017-05-03,1702565,1702565
2017-05-04,2615560,2615560
2017-05-05,1571536,1571536
2017-05-08,2189984,2189984
2017-05-09,1559975,1559975
2017-05-10,1566289,1566289
2017-05-11,1347633,1347633
2017-05-12,1578292,1578292
2017-05-15,1472226,1472226
2017-05-16,1032600,1032600
2017-05-17,1839737,1839737
2017-05-18,1934996,1934996
2017-05-19,1654441,1654441
2017-05-22,4264780,4264780
2017-05-23,7510578,7510578
2017-05-24,4105470,4105470
2017-05-25,2772812,2772812
2017-05-26,1535237,1535237
2017-05-30,2576416,2576416
2017-05-31,2552411,2552411
2017-06-01,2100441,2100441
2017-06-02,1666245,1666245
2017-06-05,1473282,1473282
2017-06-06,1968022,1968022
2017-06-07,1617604,1617604
2017-06-08,3486602,3486602
2017-06-09,2352814,2352814
2017-06-12,2579658,2579658
2017-06-13,1527210,1527210
2017-06-14,1203468,1203468
2017-06-15,1092596,1092596
2017-06-16,2157514,2157514
2017-06-19,2383659,2383659
2017-06-20,1821710,1821710
2017-06-21,2247944,2247944
2017-06-22,3473861,3473861
2017-06-23,2879785,2879785
2017-06-26,1535542,1535542
2017-06-27,1060391,1060391
2017-06-28,1191537,1191537
2017-06-29,1357538,1357538
2017-06-30,1593786,1593786
2017-07-03,1489574,1489574
2017-07-05,1638980,1638980
2017-07-06,2249516,2249516
2017-07-07,965439,965439
2017-07-10,1146033,1146033
2017-07-11,2976519,2976519
2017-07-12,1439395,1439395
2017-07-13,2060109,2060109
2017-07-14,1286073,1286073
2017-07-17,1332751,1332751
2017-07-18,1520122,1520122
2017-07-19,1512177,1512177
2017-07-20,2009405,2009405
2017-07-21,1283236,1283236
2017-07-24,973808,973808
2017-07-25,1691988,1691988
2017-07-26,2520698,2520698
2017-07-27,1944962,1944962
2017-07-28,1236434,1236434
2017-07-31,1043729,1043729
2017-08-01,1324251,1324251
2017-08-02,1121566,1121566
2017-08-03,983246,983246
2017-08-04,778762,778762
2017-08-07,975738,975738
2017-08-08,1162440,1162440
2017-08-09,1965048,1965048
2017-08-10,2471473,2471473
2017-08-11,1511552,1511552
2017-08-14,2409765,2409765
2017-08-15,2933295,2933295
2017-08-16,6892023,6892023
2017-08-17,3501640,3501640
2017-08-18,2357872,2357872
2017-08-21,1486144,1486144
2017-08-22,1666369,1666369
2017-08-23,1445677,1445677
2017-08-24,1584503,1584503
2017-08-25,1352761,1352761
2017-08-28,1290434,1290434
2017-08-29,1206649,1206649
2017-08-30,1072530,1072530
2017-08-31,1930071,1930071
2017-09-01,1224667,1224667
2017-09-05,910613,910613
2017-09-06,974511,974511
2017-09-07,1075757,1075757
2017-09-08,1588439,1588439
2017-09-11,1770025,1770025
2017-09-12,1082149,1082149
2017-09-13,2042563,2042563
2017-09-14,1481022,1481022
2017-09-15,2295974,2295974
2017-09-18,1562007,1562007
2017-09-19,1238004,1238004
2017-09-20,1186007,1186007
2017-09-21,874785,874785
2017-09-22,1296244,1296244
2017-09-25,1841833,1841833
2017-09-26,1615338,1615338
2017-09-27,1272526,1272526
2017-09-28,1126243,1126243
2017-09-29,1672816,1672816
2017-10-02,1693854,1693854
2017-10-03,1216981,1216981
2017-10-04,745628,745628
2017-10-05,1974081,1974081
2017-10-06,1405100,1405100
2017-10-09,1542307,1542307
2017-10-10,1143075,1143075
2017-10-11,1794800,1794800
2017-10-12,1454994,1454994
2017-10-13,943164,943164
2017-10-16,1473459,1473459
2017-10-17,1711833,1711833
2017-10-18,1150468,1150468
2017-10-19,1359119,1359119
2017-10-20,1506112,1506112
2017-10-23,1267570,1267570
2017-10-24,1975704,1975704
2017-10-25,1590537,1590537
2017-10-26,1418152,1418152
2017-10-27,1440996,1440996
2017-10-30,846605,846605
2017-10-31,1614432,1614432
2017-11-01,1357998,1357998
2017-11-02,1856865,1856865
2017-11-03,1072288,1072288
2017-11-06,995731,995731
2017-11-07,956466,956466
2017-11-08,977616,977616
2017-11-09,1665042,1665042
2017-11-10,1439275,1439275
2017-11-13,1536388,1536388
2017-11-14,2426247,2426247
2017-11-15,2042296,2042296
2017-11-16,2300408,2300408
2017-11-17,1823122,1823122
2017-11-20,4143453,4143453
2017-11-21,5330554,5330554
2017-11-22,3041728,3041728
2017-11-24,1015411,1015411
2017-11-27,1439275,1439275
2017-11-28,2473433,2473433
2017-11-29,1904175,1904175
2017-11-30,1922514,1922514
2017-12-01,2516564,2516564
2017-12-04,2899424,2899424
2017-12-05,2383974,2383974
2017-12-06,1690108,1690108
2017-12-07,2294513,2294513
2017-12-08,2195577,2195577
2017-12-11,2438556,2438556
2017-12-12,2180984,2180984
2017-12-13,1684618,1684618
2017-12-14,1774564,1774564
2017-12-15,2871925,2871925
2017-12-18,2306264,2306264
2017-12-19,1469439,1469439
2017-12-20,1363529,1363529
2017-12-21,1502218,1502218
2017-12-22,1221315,1221315
2017-12-26,532863,532863
2017-12-27,1038585,1038585
2017-12-28,607022,607022
2017-12-29,1064895,1064895
2018-01-02,1047830,1047830
2018-01-03,1698899,1698899
2018-01-04,2231534,2231534
2018-01-05,1632512,1632512
2018-01-08,1613911,1613911
2018-01-09,2666711,2666711
