date,open_t-13,volume_t-12,high_t-11,volume_t-11,volume_t-1,volume
2013-03-08,42.84,3415149,42.07,3354862,3256301,3256301
2013-03-11,42.14,3354862,42.22,3622460,5472837,5472837
2013-03-12,41.83,3622460,41.29,6185811,3767613,3767613
2013-03-13,42.09,6185811,41.905,3564385,2241086,2241086
2013-03-14,40.62,3564385,42.06,3464202,2840603,2840603
2013-03-15,40.99,3464202,41.98,3089323,2579690,2579690
2013-03-18,41.78,3089323,42.18,2435306,1847766,1847766
2013-03-19,41.18,2435306,43.19,3289188,6246443,6246443
2013-03-20,41.75,3289188,43.52,2996908,3240314,3240314
2013-03-21,42.35,2996908,43.48,2414186,4409084,4409084
2013-03-22,43.0,2414186,43.52,3256301,5425027,5425027
2013-03-25,43.3,3256301,43.01,5472837,2797510,2797510
2013-03-26,43.5,5472837,43.0,3767613,2513554,2513554
2013-03-27,42.99,3767613,43.05,2241086,3369968,3369968
2013-03-28,42.8,2241086,43.38,2840603,2147900,2147900
2013-04-01,42.56,2840603,43.22,2579690,2541331,2541331
2013-04-02,43.03,2579690,42.7,1847766,2354390,2354390
2013-04-03,43.1,1847766,42.82,6246443,5278950,5278950
2013-04-04,42.46,6246443,42.785,3240314,3918841,3918841
2013-04-05,42.68,3240314,42.76,4409084,4959134,4959134
2013-04-08,42.25,4409084,41.79,5425027,2395400,2395400
2013-04-09,42.45,5425027,41.654,2797510,1659420,1659420
2013-04-10,41.79,2797510,41.82,2513554,2169261,2169261
2013-04-11,41.49,2513554,42.19,3369968,5626492,5626492
2013-04-12,41.4,3369968,42.08,2147900,6083564,6083564
2013-04-15,41.4,2147900,41.9771,2541331,7750724,7750724
2013-04-16,42.08,2541331,41.36,2354390,4505330,4505330
2013-04-17,41.83,2354390,40.99,5278950,4492937,4492937
2013-04-18,41.12,5278950,41.47,3918841,3976804,3976804
2013-04-19,40.63,3918841,41.85,4959134,3075803,3075803
2013-04-22,40.54,4959134,41.7425,2395400,2340457,2340457
2013-04-23,40.73,2395400,42.13,1659420,3522419,3522419
2013-04-24,41.44,1659420,42.37,2169261,3020692,3020692
2013-04-25,41.73,2169261,43.93,5626492,2119838,2119838
2013-04-26,41.73,5626492,44.785,6083564,5283798,5283798
2013-04-29,42.35,6083564,44.54,7750724,2541961,2541961
2013-04-30,43.54,7750724,43.75,4505330,3451449,3451449
2013-05-01,44.5,4505330,43.11,4492937,2726213,2726213
2013-05-02,43.46,4492937,42.25,3976804,3437642,3437642
2013-05-03,43.08,3976804,42.22,3075803,4741565,4741565
2013-05-06,41.77,3075803,42.25,2340457,2819360,2819360
2013-05-07,41.89,2340457,42.8425,3522419,3524022,3524022
2013-05-08,42.03,3522419,43.035,3020692,2119765,2119765
2013-05-09,42.21,3020692,43.25,2119838,3159293,3159293
2013-05-10,42.72,2119838,42.57,5283798,4662252,4662252
2013-05-13,43.05,5283798,41.68,2541961,4260335,4260335
2013-05-14,42.44,2541961,41.66,3451449,6075845,6075845
2013-05-15,41.64,3451449,41.74,2726213,10289000,10289000
2013-05-16,41.2,2726213,41.72,3437642,4890962,4890962
2013-05-17,41.42,3437642,42.55,4741565,3247851,3247851
2013-05-20,41.49,4741565,42.12,2819360,5698804,5698804
2013-05-21,41.93,2819360,42.41,3524022,4020941,4020941
2013-05-22,41.44,3524022,42.95,2119765,5421887,5421887
2013-05-23,42.18,2119765,43.195,3159293,3777408,3777408
2013-05-24,42.4,3159293,43.85,4662252,2225361,2225361
2013-05-28,42.97,4662252,43.56,4260335,4793962,4793962
2013-05-29,43.12,4260335,44.06,6075845,3621114,3621114
2013-05-30,43.43,6075845,46.49,10289000,3090824,3090824
2013-05-31,42.98,10289000,45.84,4890962,4609273,4609273
2013-06-03,44.9,4890962,45.83,3247851,3677473,3677473
2013-06-04,45.43,3247851,47.45,5698804,3364296,3364296
2013-06-05,45.02,5698804,46.96,4020941,2495073,2495073
2013-06-06,45.48,4020941,47.473,5421887,3781151,3781151
2013-06-07,46.3,5421887,45.93,3777408,2781171,2781171
2013-06-10,46.72,3777408,45.69,2225361,2730800,2730800
2013-06-11,45.7,2225361,46.94,4793962,3914328,3914328
2013-06-12,45.36,4793962,46.35,3621114,2730633,2730633
2013-06-13,46.09,3621114,47.05,3090824,2594941,2594941
2013-06-14,45.98,3090824,46.47,4609273,1677669,1677669
2013-06-17,46.21,4609273,45.84,3677473,2000122,2000122
2013-06-18,45.91,3677473,46.45,3364296,2522376,2522376
2013-06-19,45.65,3364296,45.38,2495073,5805826,5805826
2013-06-20,46.175,2495073,45.01,3781151,6307980,6307980
2013-06-21,45.32,3781151,45.92,2781171,3656145,3656145
2013-06-24,44.5,2781171,45.35,2730800,2871453,2871453
2013-06-25,45.16,2730800,44.63,3914328,2939595,2939595
2013-06-26,45.35,3914328,44.828,2730633,3693707,3693707
2013-06-27,44.22,2730633,44.56,2594941,3447018,3447018
2013-06-28,44.78,2594941,44.57,1677669,5556673,5556673
2013-07-01,43.87,1677669,44.869,2000122,4283821,4283821
2013-07-02,44.34,2000122,44.81,2522376,2986405,2986405
2013-07-03,44.38,2522376,44.8796,5805826,1940832,1940832
2013-07-05,44.38,5805826,43.11,6307980,2100873,2100873
2013-07-08,44.74,6307980,43.23,3656145,2572391,2572391
2013-07-09,43.11,3656145,42.75,2871453,3476214,3476214
2013-07-10,42.6,2871453,42.82,2939595,3277684,3277684
2013-07-11,42.44,2939595,43.29,3693707,2131803,2131803
2013-07-12,42.01,3693707,43.29,3447018,1978819,1978819
2013-07-15,43.1,3447018,43.305,5556673,2433181,2433181
2013-07-16,42.56,5556673,43.77,4283821,2026749,2026749
2013-07-17,43.0,4283821,43.89,2986405,1196543,1196543
2013-07-18,43.05,2986405,43.46,1940832,1999719,1999719
2013-07-19,43.5,1940832,44.295,2100873,1179308,1179308
2013-07-22,42.82,2100873,44.67,2572391,1836733,1836733
2013-07-23,43.46,2572391,44.96,3476214,2934199,2934199
2013-07-24,44.38,3476214,45.65,3277684,1831121,1831121
2013-07-25,44.6,3277684,45.98,2131803,1420233,1420233
2013-07-26,44.64,2131803,45.95,1978819,3694988,3694988
2013-07-29,45.69,1978819,46.275,2433181,1962142,1962142
2013-07-30,45.78,2433181,46.47,2026749,2791858,2791858
2013-07-31,45.7,2026749,46.1,1196543,2807402,2807402
2013-08-01,46.09,1196543,46.05,1999719,2745041,2745041
2013-08-02,45.95,1999719,46.275,1179308,2387817,2387817
2013-08-05,45.66,1179308,46.85,1836733,1875418,1875418
2013-08-06,45.83,1836733,46.84,2934199,2280909,2280909
2013-08-07,46.23,2934199,46.81,1831121,1702122,1702122
2013-08-08,46.31,1831121,46.9,1420233,1702407,1702407
2013-08-09,46.67,1420233,46.56,3694988,1958449,1958449
2013-08-12,46.62,3694988,45.7,1962142,1247241,1247241
2013-08-13,46.31,1962142,45.6,2791858,2078213,2078213
2013-08-14,45.59,2791858,45.3,2807402,1989871,1989871
2013-08-15,45.55,2807402,46.2,2745041,6708341,6708341
2013-08-16,45.04,2745041,46.51,2387817,3624694,3624694
2013-08-19,45.51,2387817,46.4,1875418,1727559,1727559
2013-08-20,46.06,1875418,46.215,2280909,2294328,2294328
2013-08-21,46.26,2280909,46.46,1702122,1949054,1949054
2013-08-22,45.93,1702122,46.55,1702407,3147986,3147986
2013-08-23,45.88,1702407,46.46,1958449,1702511,1702511
2013-08-26,46.5,1958449,46.51,1247241,2012701,2012701
2013-08-27,45.85,1247241,46.98,2078213,2138064,2138064
2013-08-28,45.89,2078213,47.0,1989871,1590425,1590425
2013-08-29,46.45,1989871,48.17,6708341,1900662,1900662
2013-08-30,46.77,6708341,47.22,3624694,1358573,1358573
2013-09-03,47.59,3624694,46.94,1727559,1565632,1565632
2013-09-04,46.81,1727559,47.2699,2294328,2522043,2522043
2013-09-05,46.63,2294328,47.24,1949054,1313188,1313188
2013-09-06,46.43,1949054,48.33,3147986,1332857,1332857
2013-09-09,46.93,3147986,48.0,1702511,1668867,1668867
2013-09-10,46.89,1702511,48.205,2012701,1821283,1821283
2013-09-11,47.96,2012701,47.39,2138064,1783424,1783424
2013-09-12,47.64,2138064,46.97,1590425,1468485,1468485
2013-09-13,47.08,1590425,47.03,1900662,2141143,2141143
2013-09-16,46.88,1900662,46.98,1358573,1861513,1861513
2013-09-17,46.63,1358573,47.51,1565632,1578387,1578387
2013-09-18,46.89,1565632,47.96,2522043,2044234,2044234
2013-09-19,47.04,2522043,48.09,1313188,18146408,18146408
2013-09-20,46.93,1313188,47.79,1332857,10692052,10692052
2013-09-23,47.82,1332857,48.0485,1668867,2716907,2716907
2013-09-24,47.71,1668867,48.67,1821283,2185721,2185721
2013-09-25,47.59,1821283,49.02,1783424,2865074,2865074
2013-09-26,48.04,1783424,48.94,1468485,2680307,2680307
2013-09-27,48.6,1468485,48.62,2141143,2110103,2110103
2013-09-30,48.9,2141143,49.18,1861513,2650001,2650001
2013-10-01,48.6,1861513,49.32,1578387,2997047,2997047
2013-10-02,49.06,1578387,49.35,2044234,2020794,2020794
2013-10-03,48.73,2044234,53.47,18146408,1878510,1878510
2013-10-04,48.77,18146408,52.39,10692052,1867889,1867889
2013-10-07,52.92,10692052,52.24,2716907,1382107,1382107
2013-10-08,51.035,2716907,51.92,2185721,2415258,2415258
2013-10-09,51.91,2185721,52.13,2865074,2430595,2430595
2013-10-10,51.61,2865074,52.12,2680307,2426300,2426300
2013-10-11,51.59,2680307,52.1,2110103,1500903,1500903
2013-10-14,51.96,2110103,51.615,2650001,2110504,2110504
2013-10-15,51.84,2650001,52.08,2997047,1961896,1961896
2013-10-16,51.02,2997047,51.71,2020794,2450818,2450818
2013-10-17,50.7,2020794,51.57,1878510,3548418,3548418
2013-10-18,51.59,1878510,51.86,1867889,2880870,2880870
2013-10-21,51.56,1867889,51.59,1382107,2556379,2556379
2013-10-22,51.17,1382107,51.33,2415258,4280543,4280543
2013-10-23,51.34,2415258,50.38,2430595,2348591,2348591
2013-10-24,51.18,2430595,51.2,2426300,1785894,1785894
2013-10-25,50.23,2426300,51.67,1500903,2398266,2398266
2013-10-28,50.29,1500903,51.43,2110504,1778672,1778672
2013-10-29,50.88,2110504,51.19,1961896,1193955,1193955
2013-10-30,51.2,1961896,51.99,2450818,1360046,1360046
2013-10-31,51.08,2450818,52.7,3548418,1895510,1895510
2013-11-01,51.22,3548418,53.24,2880870,1931035,1931035
2013-11-04,51.25,2880870,53.14,2556379,1409928,1409928
2013-11-05,52.93,2556379,52.2,4280543,1578131,1578131
2013-11-06,53.04,4280543,50.88,2348591,1432940,1432940
2013-11-07,52.1,2348591,51.22,1785894,3548823,3548823
2013-11-08,50.76,1785894,51.91,2398266,1860654,1860654
2013-11-11,50.67,2398266,51.98,1778672,1984482,1984482
2013-11-12,51.34,1778672,51.9,1193955,2357218,2357218
2013-11-13,51.79,1193955,51.82,1360046,2110086,2110086
2013-11-14,51.52,1360046,51.33,1895510,2825818,2825818
2013-11-15,51.76,1895510,51.58,1931035,11014343,11014343
2013-11-18,51.15,1931035,51.46,1409928,4131521,4131521
2013-11-19,50.92,1409928,51.36,1578131,2473023,2473023
2013-11-20,51.39,1578131,51.32,1432940,2321500,2321500
2013-11-21,51.18,1432940,51.195,3548823,2417644,2417644
2013-11-22,51.19,3548823,50.94,1860654,1910762,1910762
2013-11-25,51.08,1860654,51.41,1984482,1750170,1750170
2013-11-26,50.14,1984482,51.4,2357218,3196344,3196344
2013-11-27,50.63,2357218,51.3,2110086,1189764,1189764
2013-11-29,51.2,2110086,51.2,2825818,870409,870409
2013-12-02,50.89,2825818,55.74,11014343,1459197,1459197
2013-12-03,51.2,11014343,54.98,4131521,2478051,2478051
2013-12-04,54.03,4131521,54.19,2473023,2415795,2415795
2013-12-05,54.45,2473023,54.255,2321500,1810391,1810391
2013-12-06,53.67,2321500,54.55,2417644,3053347,3053347
2013-12-09,53.83,2417644,54.3399,1910762,2118503,2118503
2013-12-10,53.8,1910762,54.13,1750170,2326895,2326895
2013-12-11,54.1,1750170,53.93,3196344,2349926,2349926
2013-12-12,54.11,3196344,54.0,1189764,2714297,2714297
2013-12-13,53.26,1189764,53.97,870409,2022610,2022610
2013-12-16,53.78,870409,53.67,1459197,1685454,1685454
2013-12-17,53.85,1459197,53.17,2478051,3209227,3209227
2013-12-18,53.47,2478051,53.83,2415795,4136283,4136283
2013-12-19,52.92,2415795,53.8,1810391,1893211,1893211
2013-12-20,52.84,1810391,54.93,3053347,2954031,2954031
2013-12-23,53.35,3053347,55.43,2118503,1578464,1578464
2013-12-24,53.76,2118503,55.46,2326895,779696,779696
2013-12-26,54.8,2326895,55.69,2349926,714431,714431
2013-12-27,54.91,2349926,55.52,2714297,653055,653055
2013-12-30,55.35,2714297,55.9,2022610,1127980,1127980
2013-12-31,54.63,2022610,55.79,1685454,941447,941447
2014-01-02,55.36,1685454,57.29,3209227,1916160,1916160
2014-01-03,55.25,3209227,57.94,4136283,1866651,1866651
2014-01-06,55.96,4136283,57.83,1893211,1777472,1777472
2014-01-07,56.5,1893211,57.67,2954031,1463208,1463208
2014-01-08,57.57,2954031,57.655,1578464,2659468,2659468
2014-01-09,57.47,1578464,57.61,779696,1757647,1757647
2014-01-10,57.45,779696,57.71,714431,1623330,1623330
2014-01-13,57.5,714431,57.42,653055,2946738,2946738
2014-01-14,57.24,653055,57.46,1127980,2562236,2562236
2014-01-15,57.23,1127980,57.55,941447,2335194,2335194
2014-01-16,57.05,941447,57.1,1916160,1835957,1835957
2014-01-17,57.45,1916160,57.345,1866651,1699534,1699534
2014-01-21,57.1,1866651,57.7,1777472,3008458,3008458
2014-01-22,56.39,1777472,57.63,1463208,2769350,2769350
2014-01-23,57.4,1463208,58.54,2659468,3063559,3063559
2014-01-24,56.95,2659468,58.68,1757647,2656341,2656341
2014-01-27,57.33,1757647,59.01,1623330,4669012,4669012
2014-01-28,58.4,1623330,59.1,2946738,2536290,2536290
2014-01-29,58.51,2946738,59.95,2562236,2163031,2163031
2014-01-30,58.77,2562236,60.365,2335194,3743153,3743153
2014-01-31,59.16,2335194,60.5,1835957,3529054,3529054
2014-02-03,59.82,1835957,60.83,1699534,2929252,2929252
2014-02-04,60.24,1699534,60.88,3008458,2911877,2911877
2014-02-05,60.83,3008458,61.22,2769350,2283870,2283870
2014-02-06,60.69,2769350,60.51,3063559,1609451,1609451
2014-02-07,60.82,3063559,59.46,2656341,1975290,1975290
2014-02-10,60.48,2656341,58.37,4669012,1760468,1760468
2014-02-11,59.22,4669012,58.88,2536290,2148202,2148202
2014-02-12,57.9,2536290,58.2174,2163031,2347270,2347270
2014-02-13,58.5,2163031,60.11,3743153,3097011,3097011
2014-02-14,57.67,3743153,59.15,3529054,17862776,17862776
2014-02-18,58.42,3529054,58.48,2929252,6553839,6553839
2014-02-19,58.61,2929252,57.88,2911877,4838795,4838795
2014-02-20,58.15,2911877,57.7,2283870,4629755,4629755
2014-02-21,56.32,2283870,58.35,1609451,2407171,2407171
2014-02-24,57.58,1609451,59.465,1975290,2392783,2392783
2014-02-25,57.51,1975290,59.44,1760468,3375173,3375173
2014-02-26,58.46,1760468,60.0,2148202,2400946,2400946
2014-02-27,59.27,2148202,60.46,2347270,3123781,3123781
2014-02-28,59.0,2347270,60.38,3097011,2876261,2876261
2014-03-03,60.0,3097011,57.77,17862776,2488373,2488373
2014-03-04,59.45,17862776,56.04,6553839,2841919,2841919
2014-03-05,57.15,6553839,56.65,4838795,3113546,3113546
2014-03-06,55.38,4838795,57.535,4629755,5178833,5178833
2014-03-07,55.01,4629755,57.4,2407171,3247154,3247154
2014-03-10,56.14,2407171,56.98,2392783,2563418,2563418
2014-03-11,57.25,2392783,57.57,3375173,3421731,3421731
2014-03-12,56.45,3375173,57.62,2400946,1652324,1652324
2014-03-13,56.8,2400946,57.28,3123781,2318832,2318832
2014-03-14,56.98,3123781,57.11,2876261,1745218,1745218
2014-03-17,57.02,2876261,57.12,2488373,1437471,1437471
2014-03-18,56.45,2488373,58.0,2841919,1294681,1294681
2014-03-19,56.12,2841919,58.0,3113546,1804350,1804350
2014-03-20,57.22,3113546,59.32,5178833,1808447,1808447
2014-03-21,57.71,5178833,59.2,3247154,2762931,2762931
2014-03-24,58.39,3247154,58.34,2563418,1985703,1985703
2014-03-25,59.06,2563418,58.3,3421731,1727269,1727269
2014-03-26,58.29,3421731,57.08,1652324,2560731,2560731
2014-03-27,58.23,1652324,57.4,2318832,2972614,2972614
2014-03-28,56.52,2318832,55.98,1745218,2006941,2006941
2014-03-31,57.16,1745218,56.41,1437471,2190772,2190772
2014-04-01,55.61,1437471,56.81,1294681,2090720,2090720
2014-04-02,55.68,1294681,57.15,1804350,1919493,1919493
2014-04-03,55.97,1804350,56.93,1808447,1603010,1603010
2014-04-04,56.72,1808447,57.78,2762931,2307668,2307668
2014-04-07,56.54,2762931,56.23,1985703,2584538,2584538
2014-04-08,57.18,1985703,56.21,1727269,1842491,1842491
2014-04-09,56.08,1727269,55.99,2560731,2017519,2017519
2014-04-10,55.5,2560731,55.6,2972614,1966409,1966409
2014-04-11,55.4,2972614,55.25,2006941,2591968,2591968
2014-04-14,55.6,2006941,56.05,2190772,2840577,2840577
2014-04-15,54.85,2190772,56.62,2090720,2172515,2172515
2014-04-16,54.97,2090720,56.7,1919493,1243513,1243513
2014-04-17,56.2,1919493,57.14,1603010,2061997,2061997
2014-04-21,56.42,1603010,57.24,2307668,1185867,1185867
2014-04-22,56.77,2307668,55.66,2584538,1475541,1475541
2014-04-23,57.1,2584538,55.0,1842491,894232,894232
2014-04-24,55.56,1842491,55.61,2017519,1806441,1806441
2014-04-25,54.21,2017519,55.637,1966409,1580495,1580495
2014-04-28,55.44,1966409,54.05,2591968,3009046,3009046
2014-04-29,55.57,2591968,53.249,2840577,3359741,3359741
2014-04-30,53.69,2840577,53.36,2172515,1678627,1678627
2014-05-01,53.19,2172515,53.77,1243513,1472407,1472407
2014-05-02,52.84,1243513,54.89,2061997,2080946,2080946
2014-05-05,53.55,2061997,54.8,1185867,2087256,2087256
2014-05-06,53.74,1185867,55.6,1475541,2224227,2224227
2014-05-07,54.61,1475541,55.2,894232,2219204,2219204
2014-05-08,54.7,894232,55.52,1806441,2209139,2209139
2014-05-09,54.85,1806441,55.25,1580495,1287905,1287905
2014-05-12,55.23,1580495,54.93,3009046,2042132,2042132
2014-05-13,55.25,3009046,53.55,3359741,1465527,1465527
2014-05-14,54.85,3359741,54.07,1678627,2591684,2591684
2014-05-15,53.29,1678627,54.87,1472407,5740663,5740663
2014-05-16,53.43,1472407,54.99,2080946,2405753,2405753
2014-05-19,53.94,2080946,55.345,2087256,2742131,2742131
2014-05-20,54.5,2087256,55.45,2224227,1840126,1840126
2014-05-21,54.31,2224227,55.13,2219204,1102300,1102300
2014-05-22,55.08,2219204,56.14,2209139,1686139,1686139
2014-05-23,55.13,2209139,55.63,1287905,3510829,3510829
2014-05-27,55.03,1287905,56.62,2042132,1190619,1190619
2014-05-28,55.26,2042132,56.98,1465527,1807185,1807185
2014-05-29,55.58,1465527,56.79,2591684,1558720,1558720
2014-05-30,56.63,2591684,56.15,5740663,2547039,2547039
2014-06-02,56.78,5740663,55.13,2405753,1274846,1274846
2014-06-03,54.6,2405753,55.226,2742131,1842298,1842298
2014-06-04,54.39,2742131,54.96,1840126,1145664,1145664
2014-06-05,54.9,1840126,55.14,1102300,1833063,1833063
2014-06-06,54.87,1102300,55.71,1686139,1285879,1285879
2014-06-09,54.58,1686139,56.22,3510829,1188782,1188782
2014-06-10,55.0,3510829,56.5,1190619,1267805,1267805
2014-06-11,55.65,1190619,57.23,1807185,1410610,1410610
2014-06-12,56.31,1807185,57.38,1558720,1677989,1677989
2014-06-13,56.41,1558720,57.11,2547039,1054865,1054865
2014-06-16,57.18,2547039,56.99,1274846,1174434,1174434
2014-06-17,56.87,1274846,57.49,1842298,1328510,1328510
2014-06-18,56.96,1842298,57.48,1145664,1114749,1114749
2014-06-19,56.73,1145664,58.75,1833063,3149546,3149546
2014-06-20,57.02,1833063,59.28,1285879,2029378,2029378
2014-06-23,57.45,1285879,59.58,1188782,1435625,1435625
2014-06-24,58.58,1188782,59.25,1267805,1125825,1125825
2014-06-25,59.0,1267805,59.13,1410610,1060501,1060501
2014-06-26,59.16,1410610,59.0,1677989,1102367,1102367
2014-06-27,58.33,1677989,58.87,1054865,1519046,1519046
2014-06-30,58.9,1054865,58.86,1174434,1314906,1314906
2014-07-01,58.53,1174434,59.2,1328510,2010785,2010785
2014-07-02,58.57,1328510,59.32,1114749,1414957,1414957
2014-07-03,58.27,1114749,59.54,3149546,600744,600744
2014-07-07,58.86,3149546,59.055,2029378,949243,949243
2014-07-08,59.2,2029378,58.86,1435625,1615912,1615912
2014-07-09,57.84,1435625,58.49,1125825,1278504,1278504
2014-07-10,58.71,1125825,58.1,1060501,1189340,1189340
2014-07-11,58.03,1060501,58.06,1102367,1183288,1183288
2014-07-14,57.61,1102367,58.14,1519046,1487761,1487761
2014-07-15,57.99,1519046,57.76,1314906,2094496,2094496
2014-07-16,57.52,1314906,58.44,2010785,1868521,1868521
2014-07-17,57.5,2010785,58.59,1414957,4404085,4404085
2014-07-18,57.74,1414957,58.54,600744,1706174,1706174
2014-07-21,58.13,600744,58.25,949243,1983914,1983914
2014-07-22,58.19,949243,57.925,1615912,2411722,2411722
2014-07-23,58.2,1615912,57.08,1278504,1453645,1453645
2014-07-24,57.84,1278504,56.63,1189340,2534358,2534358
2014-07-25,57.05,1189340,56.74,1183288,1719615,1719615
2014-07-28,56.41,1183288,57.07,1487761,1510223,1510223
2014-07-29,56.33,1487761,56.88,2094496,2003109,2003109
2014-07-30,56.92,2094496,57.1,1868521,1371335,1371335
2014-07-31,56.7,1868521,56.5,4404085,2708121,2708121
2014-08-01,56.88,4404085,56.25,1706174,957560,957560
2014-08-04,56.47,1706174,56.945,1983914,957560,957560
2014-08-05,55.42,1983914,58.17,2411722,1733728,1733728
2014-08-06,55.86,2411722,58.31,1453645,1568834,1568834
2014-08-07,57.0,1453645,57.74,2534358,1628472,1628472
2014-08-08,58.11,2534358,56.735,1719615,1766002,1766002
2014-08-11,57.6,1719615,56.53,1510223,1252725,1252725
2014-08-12,56.52,1510223,56.36,2003109,2642075,2642075
2014-08-13,56.49,2003109,56.805,1371335,1721261,1721261
2014-08-14,56.29,1371335,56.58,2708121,3478558,3478558
2014-08-15,56.22,2708121,56.4,957560,5578794,5578794
2014-08-18,56.22,957560,56.4,957560,2761606,2761606
2014-08-19,56.19,957560,56.11,1733728,1192963,1192963
2014-08-20,56.19,1733728,55.72,1568834,1846569,1846569
2014-08-21,55.9,1568834,56.0,1628472,1228385,1228385
2014-08-22,55.23,1628472,55.32,1766002,1439567,1439567
2014-08-25,55.98,1766002,55.65,1252725,967137,967137
2014-08-26,55.31,1252725,55.07,2642075,888727,888727
2014-08-27,55.44,2642075,54.97,1721261,1193004,1193004
2014-08-28,54.99,1721261,55.63,3478558,1395449,1395449
2014-08-29,54.48,3478558,59.06,5578794,1979934,1979934
2014-09-02,54.78,5578794,58.62,2761606,2015566,2015566
2014-09-03,58.95,2761606,58.75,1192963,1478032,1478032
2014-09-04,57.75,1192963,58.41,1846569,790594,790594
2014-09-05,58.52,1846569,58.48,1228385,908184,908184
2014-09-08,58.32,1228385,58.04,1439567,1345766,1345766
2014-09-09,58.36,1439567,58.15,967137,1286053,1286053
2014-09-10,57.9,967137,57.9,888727,1477856,1477856
2014-09-11,57.88,888727,58.0,1193004,995855,995855
2014-09-12,57.75,1193004,57.53,1395449,2590395,2590395
2014-09-15,58.0,1395449,57.5,1979934,1621086,1621086
2014-09-16,57.14,1979934,58.1,2015566,1379832,1379832
2014-09-17,57.33,2015566,58.46,1478032,2710468,2710468
2014-09-18,57.23,1478032,58.49,790594,2867046,2867046
2014-09-19,58.21,790594,58.05,908184,2173992,2173992
2014-09-22,58.12,908184,57.96,1345766,1686631,1686631
2014-09-23,57.58,1345766,57.8,1286053,1632282,1632282
2014-09-24,57.72,1286053,57.83,1477856,1650529,1650529
2014-09-25,57.69,1477856,57.72,995855,1629584,1629584
2014-09-26,57.6,995855,58.63,2590395,2218441,2218441
2014-09-29,57.52,2590395,58.5,1621086,1626565,1626565
2014-09-30,57.61,1621086,58.11,1379832,2120557,2120557
2014-10-01,58.5,1379832,58.99,2710468,2481276,2481276
2014-10-02,57.82,2710468,59.4,2867046,1708052,1708052
2014-10-03,58.0,2867046,58.98,2173992,1577280,1577280
2014-10-06,59.2,2173992,58.19,1686631,1157370,1157370
2014-10-07,58.82,1686631,57.48,1632282,1515558,1515558
2014-10-08,58.13,1632282,58.04,1650529,2124682,2124682
2014-10-09,57.25,1650529,57.99,1629584,2526263,2526263
2014-10-10,56.88,1629584,56.94,2218441,5133638,5133638
2014-10-13,57.86,2218441,57.179,1626565,2527277,2527277
2014-10-14,56.79,1626565,57.4,2120557,3972861,3972861
2014-10-15,56.04,2120557,56.93,2481276,4723905,4723905
2014-10-16,57.21,2481276,56.24,1708052,5362096,5362096
2014-10-17,56.85,1708052,57.01,1577280,3810818,3810818
2014-10-20,56.13,1577280,57.16,1157370,4942206,4942206
2014-10-21,56.23,1157370,56.33,1515558,2231876,2231876
2014-10-22,57.06,1515558,56.52,2124682,2161086,2161086
2014-10-23,56.25,2124682,56.28,2526263,1754719,1754719
2014-10-24,55.06,2526263,55.02,5133638,1508194,1508194
2014-10-27,56.28,5133638,54.23,2527277,1105293,1105293
2014-10-28,54.91,2527277,53.39,3972861,1714329,1714329
2014-10-29,53.73,3972861,51.88,4723905,1484268,1484268
2014-10-30,53.04,4723905,52.12,5362096,2504261,2504261
2014-10-31,50.87,5362096,53.41,3810818,2087828,2087828
2014-11-03,50.78,3810818,52.38,4942206,4559916,4559916
2014-11-04,52.17,4942206,54.03,2231876,5765189,5765189
2014-11-05,52.07,2231876,53.86,2161086,2341387,2341387
2014-11-06,52.86,2161086,54.21,1754719,2968264,2968264
2014-11-07,53.77,1754719,54.11,1508194,2458734,2458734
2014-11-10,53.59,1508194,54.11,1105293,2583931,2583931
2014-11-11,53.7,1105293,54.67,1714329,2163823,2163823
2014-11-12,53.94,1714329,54.68,1484268,2504261,2504261
2014-11-13,54.12,1484268,54.38,2504261,1805461,1805461
2014-11-14,54.59,2504261,55.41,2087828,1331282,1331282
2014-11-17,53.91,2087828,41.24,4559916,2697164,2697164
2014-11-18,55.21,4559916,40.83,5765189,5891377,5891377
2014-11-19,39.9,5765189,40.67,2341387,4012147,4012147
2014-11-20,40.26,2341387,41.405,2968264,2303826,2303826
2014-11-21,40.61,2968264,41.48,2458734,5306170,5306170
2014-11-24,40.39,2458734,41.55,2583931,2122424,2122424
2014-11-25,41.39,2583931,42.11,2163823,2713879,2713879
2014-11-26,40.98,2163823,41.54,2504261,1752695,1752695
2014-11-28,41.52,2504261,41.74,1805461,1091780,1091780
2014-12-01,41.3,1805461,41.65,1331282,4411159,4411159
2014-12-02,41.55,1331282,41.7,2697164,2014436,2014436
2014-12-03,41.36,2697164,41.16,5891377,2250275,2250275
2014-12-04,41.57,5891377,41.33,4012147,1346823,1346823
2014-12-05,40.25,4012147,41.427,2303826,1019549,1019549
2014-12-08,40.82,2303826,42.38,5306170,1425753,1425753
2014-12-09,40.56,5306170,42.5,2122424,1803210,1803210
2014-12-10,41.75,2122424,42.87,2713879,2654911,2654911
2014-12-11,42.44,2713879,42.865,1752695,1640864,1640864
2014-12-12,42.33,1752695,42.985,1091780,2335765,2335765
2014-12-15,42.68,1091780,42.73,4411159,4510349,4510349
2014-12-16,42.74,4411159,42.1,2014436,3849394,3849394
2014-12-17,42.69,2014436,42.37,2250275,3508188,3508188
2014-12-18,41.6,2250275,42.68,1346823,3104066,3104066
2014-12-19,41.98,1346823,42.49,1019549,3736336,3736336
2014-12-22,42.15,1019549,42.51,1425753,1590221,1590221
2014-12-23,42.23,1425753,41.43,1803210,1872341,1872341
2014-12-24,42.23,1803210,41.36,2654911,1426901,1426901
2014-12-26,40.99,2654911,41.18,1640864,588034,588034
2014-12-29,41.36,1640864,40.62,2335765,976423,976423
2014-12-30,40.5,2335765,40.17,4510349,1323452,1323452
2014-12-31,40.2,4510349,39.48,3849394,1423993,1423993
2015-01-02,40.07,3849394,39.99,3508188,1530798,1530798
2015-01-05,38.3,3508188,40.8,3104066,2042240,2042240
2015-01-06,38.34,3104066,41.43,3736336,2084562,2084562
2015-01-07,40.48,3736336,41.88,1590221,3359660,3359660
2015-01-08,40.9,1590221,42.01,1872341,2116341,2116341
2015-01-09,41.38,1872341,41.525,1426901,1644939,1644939
2015-01-12,41.98,1426901,41.57,588034,2771191,2771191
2015-01-13,41.42,588034,41.57,976423,2013474,2013474
2015-01-14,41.34,976423,41.59,1323452,5134006,5134006
2015-01-15,41.36,1323452,41.79,1423993,2630296,2630296
2015-01-16,41.21,1423993,41.31,1530798,3003980,3003980
2015-01-20,41.39,1530798,40.46,2042240,5033605,5033605
2015-01-21,41.18,2042240,40.02,2084562,2721609,2721609
2015-01-22,40.32,2084562,39.81,3359660,4856573,4856573
2015-01-23,39.81,3359660,40.98,2116341,1519250,1519250
2015-01-26,39.52,2116341,41.0,1644939,1511214,1511214
2015-01-27,40.24,1644939,40.72,2771191,1703508,1703508
2015-01-28,41.0,2771191,40.7,2013474,2033523,2033523
2015-01-29,40.61,2013474,39.1,5134006,2329983,2329983
2015-01-30,40.47,5134006,39.408,2630296,3054313,3054313
2015-02-02,39.03,2630296,38.46,3003980,2508493,2508493
2015-02-03,39.33,3003980,38.66,5033605,2950375,2950375
2015-02-04,37.83,5033605,38.41,2721609,2567439,2567439
2015-02-05,38.43,2721609,39.86,4856573,1826367,1826367
2015-02-06,37.75,4856573,39.6,1519250,2697212,2697212
2015-02-09,38.51,1519250,39.17,1511214,3586102,3586102
2015-02-10,39.6,1511214,39.25,1703508,1408747,1408747
2015-02-11,38.79,1703508,39.05,2033523,3337005,3337005
2015-02-12,38.7,2033523,38.47,2329983,1317705,1317705
2015-02-13,39.01,2329983,38.32,3054313,2211931,2211931
2015-02-17,38.0,3054313,38.76,2508493,2875788,2875788
2015-02-18,38.01,2508493,39.63,2950375,9007218,9007218
2015-02-19,37.9,2950375,39.46,2567439,3737331,3737331
2015-02-20,39.04,2567439,39.82,1826367,2971880,2971880
2015-02-23,39.33,1826367,39.81,2697212,1967913,1967913
2015-02-24,39.22,2697212,39.43,3586102,1922102,1922102
2015-02-25,39.54,3586102,39.76,1408747,2343479,2343479
2015-02-26,39.23,1408747,39.81,3337005,1505418,1505418
2015-02-27,39.31,3337005,40.06,1317705,1676351,1676351
2015-03-02,39.64,1317705,40.31,2211931,1847082,1847082
2015-03-03,39.58,2211931,40.53,2875788,1635437,1635437
2015-03-04,39.97,2875788,42.2,9007218,1305992,1305992
2015-03-05,40.01,9007218,41.57,3737331,1376468,1376468
2015-03-06,41.12,3737331,42.11,2971880,1528564,1528564
2015-03-09,41.4,2971880,41.96,1967913,1492378,1492378
2015-03-10,41.09,1967913,42.105,1922102,1961299,1961299
2015-03-11,41.89,1922102,42.49,2343479,2064355,2064355
2015-03-12,41.62,2343479,42.38,1505418,2719895,2719895
2015-03-13,42.34,1505418,42.36,1676351,4704560,4704560
2015-03-16,42.23,1676351,42.74,1847082,2551437,2551437
2015-03-17,42.3,1847082,42.57,1635437,1504881,1504881
2015-03-18,42.34,1635437,42.16,1305992,1295556,1295556
2015-03-19,42.45,1305992,42.24,1376468,1085684,1085684
2015-03-20,41.95,1376468,42.05,1528564,2315472,2315472
2015-03-23,41.99,1528564,41.89,1492378,1835393,1835393
2015-03-24,41.95,1492378,41.27,1961299,3625952,3625952
2015-03-25,41.54,1961299,41.125,2064355,2776181,2776181
2015-03-26,41.22,2064355,41.24,2719895,1573740,1573740
2015-03-27,40.79,2719895,41.4562,4704560,1932749,1932749
2015-03-30,40.99,4704560,41.83,2551437,2064181,2064181
2015-03-31,40.96,2551437,41.69,1504881,1659179,1659179
2015-04-01,41.16,1504881,42.38,1295556,2170331,2170331
2015-04-02,41.52,1295556,42.25,1085684,2135918,2135918
2015-04-06,41.45,1085684,42.53,2315472,2379808,2379808
2015-04-07,42.05,2315472,42.44,1835393,3072418,3072418
2015-04-08,42.39,1835393,42.13,3625952,2443178,2443178
2015-04-09,42.12,3625952,41.695,2776181,1332519,1332519
2015-04-10,42.13,2776181,40.97,1573740,3370597,3370597
2015-04-13,41.17,1573740,41.18,1932749,3708641,3708641
2015-04-14,40.68,1932749,41.86,2064181,1777705,1777705
2015-04-15,40.6,2064181,41.78,1659179,1445622,1445622
2015-04-16,41.52,1659179,41.52,2170331,1070232,1070232
2015-04-17,41.28,2170331,42.13,2135918,2333369,2333369
2015-04-20,41.46,2135918,42.2,2379808,1410574,1410574
2015-04-21,41.47,2379808,42.52,3072418,1719710,1719710
2015-04-22,41.68,3072418,42.59,2443178,2726140,2726140
2015-04-23,41.94,2443178,42.59,1332519,3973179,3973179
2015-04-24,42.43,1332519,43.56,3370597,2200155,2200155
2015-04-27,42.16,3370597,43.59,3708641,2298298,2298298
2015-04-28,42.8,3708641,43.2,1777705,1803453,1803453
2015-04-29,43.59,1777705,43.56,1445622,2160963,2160963
2015-04-30,42.96,1445622,43.36,1070232,1726312,1726312
2015-05-01,43.28,1070232,43.05,2333369,1880177,1880177
2015-05-04,43.14,2333369,43.44,1410574,1073820,1073820
2015-05-05,42.74,1410574,43.5,1719710,1254801,1254801
2015-05-06,43.33,1719710,42.84,2726140,934611,934611
2015-05-07,43.42,2726140,42.86,3973179,999682,999682
2015-05-08,42.72,3973179,42.81,2200155,1034717,1034717
2015-05-11,42.42,2200155,42.77,2298298,975490,975490
2015-05-12,42.71,2298298,42.31,1803453,2617833,2617833
2015-05-13,42.74,1803453,42.2,2160963,1992774,1992774
2015-05-14,41.87,2160963,41.94,1726312,2883667,2883667
2015-05-15,42.04,1726312,41.93,1880177,2147413,2147413
2015-05-18,41.83,1880177,42.08,1073820,1966147,1966147
2015-05-19,41.41,1073820,41.85,1254801,5277345,5277345
2015-05-20,41.88,1254801,41.86,934611,2652326,2652326
2015-05-21,41.72,934611,41.85,999682,2126257,2126257
2015-05-22,41.86,999682,42.53,1034717,1484752,1484752
2015-05-26,41.59,1034717,42.83,975490,1919645,1919645
2015-05-27,42.23,975490,42.5,2617833,2507443,2507443
2015-05-28,42.39,2617833,42.39,1992774,3347403,3347403
2015-05-29,42.36,1992774,42.2251,2883667,5022554,5022554
2015-06-01,42.05,2883667,42.26,2147413,2440065,2440065
2015-06-02,42.18,2147413,42.7,1966147,2947454,2947454
2015-06-03,42.14,1966147,42.83,5277345,2722286,2722286
2015-06-04,42.05,5277345,42.8378,2652326,4091870,4091870
2015-06-05,41.57,2652326,42.73,2126257,1760467,1760467
2015-06-08,42.5,2126257,42.67,1484752,1353411,1353411
2015-06-09,42.57,1484752,42.63,1919645,1439015,1439015
2015-06-10,42.27,1919645,42.93,2507443,1789330,1789330
2015-06-11,42.48,2507443,42.71,3347403,1576987,1576987
2015-06-12,42.27,3347403,41.83,5022554,2769551,2769551
2015-06-15,42.45,5022554,41.43,2440065,2361878,2361878
2015-06-16,41.79,2440065,41.14,2947454,1422563,1422563
2015-06-17,41.43,2947454,41.36,2722286,1519421,1519421
2015-06-18,40.94,2722286,41.08,4091870,1865267,1865267
2015-06-19,41.31,4091870,40.67,1760467,2658779,2658779
2015-06-22,40.89,1760467,40.35,1353411,3909250,3909250
2015-06-23,40.54,1353411,40.33,1439015,2053553,2053553
2015-06-24,40.26,1439015,40.59,1789330,6127695,6127695
2015-06-25,39.93,1789330,40.6,1576987,5265822,5265822
2015-06-26,40.4,1576987,40.49,2769551,3350458,3350458
2015-06-29,40.57,2769551,39.63,2361878,2516360,2516360
2015-06-30,40.33,2361878,39.81,1422563,3037436,3037436
2015-07-01,39.63,1422563,39.8,1519421,4486572,4486572
2015-07-02,39.59,1519421,40.055,1865267,2160799,2160799
2015-07-06,39.76,1865267,39.94,2658779,2509428,2509428
2015-07-07,39.8,2658779,40.01,3909250,2927761,2927761
2015-07-08,39.8,3909250,39.95,2053553,3390976,3390976
2015-07-09,39.81,2053553,40.45,6127695,2237945,2237945
2015-07-10,39.89,6127695,40.52,5265822,2107093,2107093
2015-07-13,39.47,5265822,40.17,3350458,1579730,1579730
2015-07-14,39.8,3350458,39.8,2516360,2801301,2801301
2015-07-15,40.0,2516360,39.19,3037436,2247745,2247745
2015-07-16,39.6,3037436,39.295,4486572,1826485,1826485
2015-07-17,39.08,4486572,39.64,2160799,2412373,2412373
2015-07-20,38.89,2160799,39.66,2509428,1155252,1155252
2015-07-21,39.36,2509428,39.79,2927761,1160904,1160904
2015-07-22,39.11,2927761,39.48,3390976,2949376,2949376
2015-07-23,39.53,3390976,39.33,2237945,1708801,1708801
2015-07-24,39.48,2237945,39.44,2107093,1844946,1844946
2015-07-27,39.27,2107093,40.0,1579730,5261424,5261424
2015-07-28,39.29,1579730,40.66,2801301,2768225,2768225
2015-07-29,39.72,2801301,40.52,2247745,2014066,2014066
2015-07-30,40.05,2247745,40.44,1826485,2440415,2440415
2015-07-31,40.42,1826485,40.33,2412373,2247715,2247715
2015-08-03,40.36,2412373,40.13,1155252,2104591,2104591
2015-08-04,40.2,1155252,40.01,1160904,1448062,1448062
2015-08-05,40.06,1160904,40.42,2949376,949479,949479
2015-08-06,39.97,2949376,40.37,1708801,1932226,1932226
2015-08-07,39.29,1708801,40.17,1844946,1513076,1513076
2015-08-10,40.37,1844946,39.65,5261424,1554542,1554542
2015-08-11,40.11,5261424,40.47,2768225,1575708,1575708
2015-08-12,39.04,2768225,40.73,2014066,3440282,3440282
2015-08-13,40.0,2014066,41.05,2440415,2848895,2848895
2015-08-14,40.5,2440415,41.14,2247715,2632739,2632739
2015-08-17,40.26,2247715,41.13,2104591,3302058,3302058
2015-08-18,41.05,2104591,41.35,1448062,6416891,6416891
2015-08-19,40.92,1448062,41.19,949479,2730429,2730429
2015-08-20,40.94,949479,40.96,1932226,2145028,2145028
2015-08-21,40.94,1932226,40.2099,1513076,3828206,3828206
2015-08-24,40.95,1513076,40.64,1554542,4114990,4114990
2015-08-25,40.14,1554542,40.19,1575708,3802732,3802732
2015-08-26,40.24,1575708,39.11,3440282,3233814,3233814
2015-08-27,40.19,3440282,38.94,2848895,2406297,2406297
2015-08-28,39.05,2848895,38.73,2632739,1783861,1783861
2015-08-31,38.94,2632739,39.015,3302058,2554666,2554666
2015-09-01,38.62,3302058,40.35,6416891,2954093,2954093
2015-09-02,38.36,6416891,38.805,2730429,2119191,2119191
2015-09-03,39.11,2730429,38.31,2145028,2140822,2140822
2015-09-04,38.69,2145028,37.495,3828206,2819027,2819027
2015-09-08,38.01,3828206,36.01,4114990,1787408,1787408
2015-09-09,37.13,4114990,36.17,3802732,1885293,1885293
2015-09-10,33.87,3802732,35.7,3233814,1628726,1628726
2015-09-11,35.68,3233814,36.67,2406297,1443721,1443721
2015-09-14,35.36,2406297,36.66,1783861,2223319,2223319
2015-09-15,36.17,1783861,36.5525,2554666,1752721,1752721
2015-09-16,36.45,2554666,35.58,2954093,2130117,2130117
2015-09-17,36.44,2954093,35.53,2119191,1819067,1819067
2015-09-18,35.3,2119191,36.12,2140822,3352296,3352296
2015-09-21,35.41,2140822,35.51,2819027,2640363,2640363
2015-09-22,35.61,2819027,36.25,1787408,2283337,2283337
2015-09-23,35.04,1787408,36.8,1885293,1962552,1962552
2015-09-24,35.82,1885293,36.04,1628726,2028940,2028940
2015-09-25,36.5,1628726,35.96,1443721,2730672,2730672
2015-09-28,35.61,1443721,36.09,2223319,2615440,2615440
2015-09-29,35.66,2223319,36.295,1752721,2252364,2252364
2015-09-30,35.92,1752721,36.865,2130117,2545749,2545749
2015-10-01,35.75,2130117,36.99,1819067,3011460,3011460
2015-10-02,36.15,1819067,36.22,3352296,3519448,3519448
2015-10-05,36.63,3352296,36.07,2640363,1675429,1675429
2015-10-06,35.86,2640363,35.33,2283337,1833679,1833679
2015-10-07,35.96,2283337,35.24,1962552,3089575,3089575
2015-10-08,35.19,1962552,34.64,2028940,2598314,2598314
2015-10-09,35.1,2028940,35.02,2730672,3232938,3232938
2015-10-12,34.56,2730672,34.27,2615440,1349866,1349866
2015-10-13,34.7,2615440,34.06,2252364,2383212,2383212
2015-10-14,34.13,2252364,34.43,2545749,1647407,1647407
2015-10-15,33.36,2545749,34.48,3011460,1432995,1432995
2015-10-16,34.08,3011460,34.68,3519448,1754319,1754319
2015-10-19,34.32,3519448,35.39,1675429,3685845,3685845
2015-10-20,33.18,1675429,35.21,1833679,2635777,2635777
2015-10-21,35.04,1833679,35.78,3089575,2886412,2886412
2015-10-22,35.13,3089575,36.07,2598314,3696278,3696278
2015-10-23,35.2,2598314,36.34,3232938,2732645,2732645
2015-10-26,35.39,3232938,36.1786,1349866,1948411,1948411
2015-10-27,35.94,1349866,36.24,2383212,2557172,2557172
2015-10-28,36.08,2383212,35.77,1647407,1780126,1780126
2015-10-29,35.76,1647407,35.68,1432995,1352267,1352267
2015-10-30,35.64,1432995,36.02,1754319,2194619,2194619
2015-11-02,35.12,1754319,36.23,3685845,1810869,1810869
2015-11-03,35.69,3685845,36.52,2635777,1485779,1485779
2015-11-04,35.69,2635777,36.6,2886412,1569620,1569620
2015-11-05,36.11,2886412,36.95,3696278,1419963,1419963
2015-11-06,36.54,3696278,37.27,2732645,1964478,1964478
2015-11-09,36.03,2732645,37.11,1948411,3109588,3109588
2015-11-10,36.5,1948411,37.06,2557172,4339800,4339800
2015-11-11,36.98,2557172,37.61,1780126,1969168,1969168
2015-11-12,36.67,1780126,37.77,1352267,3096336,3096336
2015-11-13,37.06,1352267,38.1,2194619,3335092,3335092
2015-11-16,37.47,2194619,38.62,1810869,2490208,2490208
2015-11-17,37.72,1810869,38.52,1485779,7679493,7679493
2015-11-18,37.87,1485779,38.48,1569620,6589609,6589609
2015-11-19,38.31,1569620,38.5,1419963,7275136,7275136
2015-11-20,38.33,1419963,38.44,1964478,5447723,5447723
2015-11-23,38.27,1964478,38.08,3109588,6474141,6474141
2015-11-24,38.1,3109588,38.175,4339800,5669066,5669066
2015-11-25,38.04,4339800,38.22,1969168,3797067,3797067
2015-11-27,37.89,1969168,37.77,3096336,1935738,1935738
2015-11-30,38.16,3096336,37.57,3335092,3208114,3208114
2015-12-01,37.36,3335092,37.49,2490208,7989220,7989220
2015-12-02,37.39,2490208,38.5,7679493,4713210,4713210
2015-12-03,36.75,7679493,39.36,6589609,3314529,3314529
2015-12-04,36.5,6589609,39.695,7275136,2519309,2519309
2015-12-07,38.43,7275136,39.355,5447723,2004492,2004492
2015-12-08,39.16,5447723,40.07,6474141,4331832,4331832
2015-12-09,38.78,6474141,40.72,5669066,4133291,4133291
2015-12-10,39.29,5669066,41.5,3797067,3709240,3709240
2015-12-11,39.81,3797067,42.2,1935738,2634362,2634362
2015-12-14,40.59,1935738,42.05,3208114,2310538,2310538
2015-12-15,41.32,3208114,42.31,7989220,2195375,2195375
2015-12-16,41.97,7989220,41.46,4713210,2582642,2582642
2015-12-17,42.16,4713210,40.74,3314529,2218837,2218837
2015-12-18,41.07,3314529,41.205,2519309,3364796,3364796
2015-12-21,40.64,2519309,41.1,2004492,1735159,1735159
2015-12-22,40.23,2004492,41.28,4331832,1643172,1643172
2015-12-23,40.92,4331832,41.8,4133291,1510716,1510716
2015-12-24,40.61,4133291,41.66,3709240,874549,874549
2015-12-28,41.25,3709240,40.75,2634362,1458242,1458242
2015-12-29,40.96,2634362,40.54,2310538,1757360,1757360
2015-12-30,40.75,2310538,41.1,2195375,834358,834358
2015-12-31,40.22,2195375,41.57,2582642,1450968,1450968
2016-01-04,40.75,2582642,41.63,2218837,3287335,3287335
2016-01-05,41.01,2218837,40.7099,3364796,2587246,2587246
2016-01-06,41.55,3364796,41.12,1735159,2103619,2103619
2016-01-07,40.56,1735159,41.33,1643172,3504314,3504314
2016-01-08,40.51,1643172,41.86,1510716,3736768,3736768
2016-01-11,41.01,1510716,42.26,874549,2818611,2818611
2016-01-12,41.62,874549,42.08,1458242,1989379,1989379
2016-01-13,41.79,1458242,42.48,1757360,4206638,4206638
2016-01-14,42.02,1757360,42.38,834358,2893372,2893372
2016-01-15,42.08,834358,42.35,1450968,2994386,2994386
2016-01-19,42.36,1450968,41.19,3287335,2506559,2506559
2016-01-20,41.9,3287335,40.95,2587246,2469088,2469088
2016-01-21,41.06,2587246,40.99,2103619,2298372,2298372
2016-01-22,40.73,2103619,40.15,3504314,1834467,1834467
2016-01-25,40.24,3504314,39.705,3736768,1831240,1831240
2016-01-26,40.14,3736768,38.9,2818611,1755032,1755032
2016-01-27,39.22,2818611,38.58,1989379,1479446,1479446
2016-01-28,38.71,1989379,38.47,4206638,3479452,3479452
2016-01-29,38.43,4206638,37.8799,2893372,2959863,2959863
2016-02-01,38.35,2893372,37.56,2994386,2666567,2666567
2016-02-02,36.94,2994386,37.92,2506559,1742325,1742325
2016-02-03,36.67,2506559,37.61,2469088,2128426,2128426
2016-02-04,37.64,2469088,37.83,2298372,2833492,2833492
2016-02-05,36.68,2298372,38.18,1834467,4424609,4424609
2016-02-08,37.35,1834467,38.03,1831240,3888601,3888601
2016-02-09,37.91,1831240,37.96,1755032,3464464,3464464
2016-02-10,37.4,1755032,37.92,1479446,3169951,3169951
2016-02-11,37.89,1479446,37.27,3479452,3224004,3224004
2016-02-12,37.39,3479452,37.69,2959863,3923627,3923627
2016-02-16,37.27,2959863,37.945,2666567,2903649,2903649
2016-02-17,36.44,2666567,37.55,1742325,5382312,5382312
2016-02-18,37.37,1742325,37.36,2128426,2231481,2231481
2016-02-19,37.18,2128426,37.79,2833492,2339426,2339426
2016-02-22,37.27,2833492,37.31,4424609,1792962,1792962
2016-02-23,37.15,4424609,35.78,3888601,1282290,1282290
2016-02-24,37.26,3888601,35.77,3464464,1454952,1454952
2016-02-25,35.61,3464464,36.73,3169951,1453515,1453515
2016-02-26,34.21,3169951,35.61,3224004,944266,944266
2016-02-29,35.63,3224004,36.23,3923627,2187500,2187500
2016-03-01,35.12,3923627,37.17,2903649,2760200,2760200
2016-03-02,35.84,2903649,38.13,5382312,3612508,3612508
2016-03-03,36.72,5382312,37.96,2231481,946823,946823
2016-03-04,35.22,2231481,37.6,2339426,1124968,1124968
2016-03-07,37.73,2339426,38.19,1792962,1221574,1221574
2016-03-08,36.98,1792962,37.96,1282290,1801486,1801486
2016-03-09,37.88,1282290,37.5,1454952,1614633,1614633
2016-03-10,37.64,1454952,37.71,1453515,1614998,1614998
2016-03-11,36.65,1453515,37.92,944266,1517348,1517348
2016-03-14,37.62,944266,37.7,2187500,929638,929638
2016-03-15,37.75,2187500,38.66,2760200,1059439,1059439
2016-03-16,37.59,2760200,39.27,3612508,1956125,1956125
2016-03-17,37.63,3612508,39.23,946823,1895669,1895669
2016-03-18,38.49,946823,39.58,1124968,2504361,2504361
2016-03-21,38.92,1124968,39.68,1221574,2172615,2172615
2016-03-22,39.14,1221574,39.13,1801486,1552312,1552312
2016-03-23,39.04,1801486,38.4,1614633,1554822,1554822
2016-03-24,38.97,1614633,38.51,1614998,993627,993627
2016-03-28,38.31,1614998,39.272,1517348,1272724,1272724
2016-03-29,38.17,1517348,39.17,929638,1091198,1091198
2016-03-30,38.43,929638,38.71,1059439,783495,783495
2016-03-31,38.98,1059439,39.105,1956125,3143468,3143468
2016-04-01,38.59,1956125,39.44,1895669,2857844,2857844
2016-04-04,38.09,1895669,40.48,2504361,2958061,2958061
2016-04-05,39.06,2504361,40.14,2172615,1900659,1900659
2016-04-06,39.33,2172615,40.04,1552312,1566612,1566612
2016-04-07,40.07,1552312,39.99,1554822,1373839,1373839
2016-04-08,39.56,1554822,39.45,993627,1106293,1106293
2016-04-11,39.9,993627,39.75,1272724,1049336,1049336
2016-04-12,39.16,1272724,40.22,1091198,992495,992495
2016-04-13,39.54,1091198,40.58,783495,2495340,2495340
2016-04-14,39.35,783495,40.1,3143468,1347753,1347753
2016-04-15,40.36,3143468,40.38,2857844,1442264,1442264
2016-04-18,40.01,2857844,40.52,2958061,1536678,1536678
2016-04-19,39.56,2958061,39.89,1900659,1640774,1640774
2016-04-20,40.32,1900659,40.25,1566612,1243893,1243893
2016-04-21,39.73,1566612,40.1,1373839,1670389,1670389
2016-04-22,39.29,1373839,39.97,1106293,1396272,1396272
2016-04-25,39.89,1106293,40.0,1049336,1500449,1500449
2016-04-26,39.69,1049336,39.825,992495,1868970,1868970
2016-04-27,39.86,992495,41.0,2495340,1189462,1189462
2016-04-28,39.47,2495340,41.08,1347753,1549792,1549792
2016-04-29,39.52,1347753,40.95,1442264,2028332,2028332
2016-05-02,40.86,1442264,41.45,1536678,1285318,1285318
2016-05-03,40.77,1536678,41.74,1640774,1333991,1333991
2016-05-04,40.72,1640774,41.68,1243893,1602991,1602991
2016-05-05,41.18,1243893,41.995,1670389,1083956,1083956
2016-05-06,41.42,1670389,41.98,1396272,1403483,1403483
2016-05-09,41.5,1396272,41.86,1500449,1741539,1741539
2016-05-10,41.98,1500449,41.88,1868970,2094305,2094305
2016-05-11,41.71,1868970,41.75,1189462,3328961,3328961
2016-05-12,41.82,1189462,41.775,1549792,2504924,2504924
2016-05-13,41.35,1549792,41.04,2028332,2430565,2430565
2016-05-16,41.25,2028332,41.75,1285318,3979321,3979321
2016-05-17,40.92,1285318,41.49,1333991,7130371,7130371
2016-05-18,41.2,1333991,41.2,1602991,3476470,3476470
2016-05-19,41.32,1602991,41.03,1083956,3660160,3660160
2016-05-20,40.81,1083956,41.62,1403483,2567686,2567686
2016-05-23,40.64,1403483,41.78,1741539,1689755,1689755
2016-05-24,40.86,1741539,42.0,2094305,3236305,3236305
2016-05-25,41.51,2094305,43.2,3328961,2352424,2352424
2016-05-26,41.5,3328961,42.94,2504924,2569626,2569626
2016-05-27,42.19,2504924,42.93,2430565,1823120,1823120
2016-05-31,42.59,2430565,43.07,3979321,2256373,2256373
2016-06-01,42.55,3979321,45.34,7130371,1734386,1734386
2016-06-02,42.61,7130371,44.74,3476470,2209387,2209387
2016-06-03,44.96,3476470,44.82,3660160,2395816,2395816
2016-06-06,44.45,3660160,45.22,2567686,2359193,2359193
2016-06-07,44.07,2567686,44.96,1689755,1500872,1500872
2016-06-08,44.86,1689755,45.29,3236305,1552146,1552146
2016-06-09,44.89,3236305,45.61,2352424,1204415,1204415
2016-06-10,44.76,2352424,45.6,2569626,1261698,1261698
2016-06-13,45.12,2569626,45.85,1823120,1272833,1272833
2016-06-14,45.58,1823120,46.0,2256373,1624087,1624087
2016-06-15,45.55,2256373,46.095,1734386,2029194,2029194
2016-06-16,45.79,1734386,46.15,2209387,1784741,1784741
2016-06-17,45.75,2209387,45.85,2395816,3434813,3434813
2016-06-20,45.91,2395816,46.01,2359193,3161329,3161329
2016-06-21,45.73,2359193,45.95,1500872,2112964,2112964
2016-06-22,45.72,1500872,46.18,1552146,2412064,2412064
2016-06-23,45.81,1552146,46.18,1204415,1487938,1487938
2016-06-24,45.75,1204415,45.78,1261698,5263644,5263644
2016-06-27,45.98,1261698,45.52,1272833,4328364,4328364
2016-06-28,45.73,1272833,44.945,1624087,4300845,4300845
2016-06-29,45.32,1624087,45.38,2029194,2402578,2402578
2016-06-30,44.7,2029194,45.425,1784741,2181066,2181066
2016-07-01,45.11,1784741,45.42,3434813,1591476,1591476
2016-07-05,44.72,3434813,46.35,3161329,1813468,1813468
2016-07-06,45.42,3161329,46.33,2112964,2312133,2312133
2016-07-07,45.57,2112964,46.47,2412064,1861536,1861536
2016-07-08,46.21,2412064,46.68,1487938,1838137,1838137
2016-07-11,46.15,1487938,45.065,5263644,1094683,1094683
2016-07-12,46.5,5263644,43.71,4328364,2237748,2237748
2016-07-13,44.56,4328364,43.11,4300845,1852475,1852475
2016-07-14,43.63,4300845,43.98,2402578,1192500,1192500
2016-07-15,42.67,2402578,44.4,2181066,1202638,1202638
2016-07-18,43.55,2181066,44.8,1591476,1362884,1362884
2016-07-19,43.68,1591476,44.35,1813468,2583860,2583860
2016-07-20,44.36,1813468,44.55,2312133,2124914,2124914
2016-07-21,44.31,2312133,44.74,1861536,1226365,1226365
2016-07-22,43.65,1861536,45.55,1838137,1512440,1512440
2016-07-25,44.47,1838137,45.77,1094683,1720649,1720649
2016-07-26,44.86,1094683,46.66,2237748,1792674,1792674
2016-07-27,45.61,2237748,46.82,1852475,1572573,1572573
2016-07-28,45.77,1852475,46.98,1192500,1945517,1945517
2016-07-29,46.64,1192500,46.96,1202638,1881372,1881372
2016-08-01,46.86,1202638,46.875,1362884,1604639,1604639
2016-08-02,46.96,1362884,47.0,2583860,1595948,1595948
2016-08-03,46.6,2583860,47.18,2124914,1508868,1508868
2016-08-04,46.67,2124914,47.14,1226365,1700182,1700182
2016-08-05,46.96,1226365,46.79,1512440,1250805,1250805
2016-08-08,46.98,1512440,46.52,1720649,1311724,1311724
2016-08-09,46.72,1720649,46.95,1792674,1006170,1006170
2016-08-10,46.49,1792674,47.46,1572573,754137,754137
2016-08-11,46.21,1572573,47.75,1945517,1377024,1377024
2016-08-12,47.0,1945517,48.175,1881372,1538976,1538976
2016-08-15,47.19,1881372,48.11,1604639,2323589,2323589
2016-08-16,47.49,1604639,47.75,1595948,3175994,3175994
2016-08-17,48.11,1595948,47.18,1508868,3154934,3154934
2016-08-18,47.71,1508868,47.33,1700182,4660295,4660295
2016-08-19,47.1,1700182,47.54,1250805,3340438,3340438
2016-08-22,47.16,1250805,47.67,1311724,1626833,1626833
2016-08-23,47.1,1311724,47.625,1006170,1645348,1645348
2016-08-24,47.57,1006170,47.58,754137,2634707,2634707
2016-08-25,47.11,754137,48.19,1377024,2160074,2160074
2016-08-26,47.51,1377024,48.195,1538976,1581245,1581245
2016-08-29,47.62,1538976,48.62,2323589,1332975,1332975
2016-08-30,47.97,2323589,48.54,3175994,2231203,2231203
2016-08-31,48.17,3175994,48.63,3154934,1676587,1676587
2016-09-01,48.27,3154934,47.34,4660295,1257886,1257886
2016-09-02,48.63,4660295,47.79,3340438,1424454,1424454
2016-09-06,46.88,3340438,47.848,1626833,1460928,1460928
2016-09-07,46.58,1626833,48.085,1645348,1542576,1542576
2016-09-08,47.63,1645348,47.82,2634707,884738,884738
2016-09-09,47.73,2634707,47.42,2160074,2507018,2507018
2016-09-12,47.74,2160074,47.79,1581245,1835434,1835434
2016-09-13,46.67,1581245,47.89,1332975,3461832,3461832
2016-09-14,47.41,1332975,47.81,2231203,1604806,1604806
2016-09-15,47.45,2231203,47.19,1676587,1733971,1733971
2016-09-16,47.66,1676587,47.22,1257886,2592850,2592850
2016-09-19,47.12,1257886,47.39,1424454,1927900,1927900
2016-09-20,47.03,1424454,47.11,1460928,2333122,2333122
2016-09-21,47.23,1460928,47.17,1542576,1612736,1612736
2016-09-22,46.9,1542576,47.16,884738,1307074,1307074
2016-09-23,47.07,884738,46.53,2507018,1957032,1957032
2016-09-26,47.07,2507018,45.81,1835434,2639060,2639060
2016-09-27,46.51,1835434,45.42,3461832,1587143,1587143
2016-09-28,44.59,3461832,45.1,1604806,1502533,1502533
2016-09-29,45.36,1604806,45.68,1733971,1938218,1938218
2016-09-30,45.01,1733971,45.39,2592850,1754316,1754316
2016-10-03,44.86,2592850,45.48,1927900,1539625,1539625
2016-10-04,45.39,1927900,45.95,2333122,1763985,1763985
2016-10-05,44.9,2333122,46.25,1612736,1432268,1432268
2016-10-06,45.33,1612736,46.7,1307074,1772801,1772801
2016-10-07,45.98,1307074,46.87,1957032,1663127,1663127
2016-10-10,46.38,1957032,46.77,2639060,1544958,1544958
2016-10-11,46.43,2639060,46.71,1587143,2912537,2912537
2016-10-12,46.46,1587143,47.26,1502533,1736076,1736076
2016-10-13,46.53,1502533,47.27,1938218,1336023,1336023
2016-10-14,46.9,1938218,47.315,1754316,997137,997137
2016-10-17,47.05,1754316,47.23,1539625,1160321,1160321
2016-10-18,46.5,1539625,47.3,1763985,1949108,1949108
2016-10-19,46.82,1763985,47.31,1432268,1769090,1769090
2016-10-20,47.07,1432268,47.43,1772801,1493608,1493608
2016-10-21,47.04,1772801,47.49,1663127,1011340,1011340
2016-10-24,47.01,1663127,48.15,1544958,1666388,1666388
2016-10-25,47.33,1544958,47.19,2912537,3949609,3949609
2016-10-26,47.58,2912537,45.815,1736076,2146178,2146178
2016-10-27,47.19,1736076,45.32,1336023,2393625,2393625
2016-10-28,45.78,1336023,45.62,997137,1471348,1471348
2016-10-31,44.84,997137,45.47,1160321,1556762,1556762
2016-11-01,45.38,1160321,45.83,1949108,2133116,2133116
2016-11-02,45.08,1949108,46.15,1769090,2240428,2240428
2016-11-03,45.7,1769090,46.215,1493608,2510054,2510054
2016-11-04,45.41,1493608,45.67,1011340,2220908,2220908
2016-11-07,46.0,1011340,45.95,1666388,1723957,1723957
2016-11-08,45.67,1666388,45.59,3949609,2136740,2136740
2016-11-09,45.88,3949609,43.82,2146178,3501243,3501243
2016-11-10,45.26,2146178,44.19,2393625,2558722,2558722
2016-11-11,43.42,2393625,43.87,1471348,2219255,2219255
2016-11-14,43.97,1471348,43.7,1556762,3443200,3443200
2016-11-15,43.38,1556762,44.11,2133116,4710170,4710170
2016-11-16,43.33,2133116,43.73,2240428,4026754,4026754
2016-11-17,43.73,2240428,44.0,2510054,2070609,2070609
2016-11-18,43.47,2510054,44.915,2220908,3148538,3148538
2016-11-21,43.33,2220908,45.76,1723957,2540067,2540067
2016-11-22,43.69,1723957,45.9599,2136740,2831226,2831226
2016-11-23,44.99,2136740,46.09,3501243,1926275,1926275
2016-11-25,45.48,3501243,47.38,2558722,877140,877140
2016-11-28,45.41,2558722,46.87,2219255,2241795,2241795
2016-11-29,46.6,2219255,46.73,3443200,1952118,1952118
2016-11-30,46.77,3443200,46.0,4710170,2238575,2238575
2016-12-01,46.66,4710170,47.8,4026754,2823273,2823273
2016-12-02,45.33,4026754,46.16,2070609,2153515,2153515
2016-12-05,46.3,2070609,46.2,3148538,2495020,2495020
2016-12-06,46.16,3148538,45.24,2540067,1136658,1136658
2016-12-07,45.91,2540067,45.16,2831226,1815238,1815238
2016-12-08,45.22,2831226,44.78,1926275,1848936,1848936
2016-12-09,44.94,1926275,45.005,877140,1937622,1937622
2016-12-12,44.18,877140,44.69,2241795,1851517,1851517
2016-12-13,44.74,2241795,44.63,1952118,1734678,1734678
2016-12-14,44.52,1952118,44.9,2238575,2044052,2044052
2016-12-15,43.6,2238575,44.1,2823273,1338905,1338905
2016-12-16,44.79,2823273,44.09,2153515,2103155,2103155
2016-12-19,44.08,2153515,44.69,2495020,1084164,1084164
2016-12-20,43.27,2495020,44.9,1136658,1552366,1552366
2016-12-21,44.21,1136658,44.99,1815238,1652288,1652288
2016-12-22,44.58,1815238,45.83,1848936,968296,968296
2016-12-23,44.56,1848936,46.32,1937622,727682,727682
2016-12-27,44.99,1937622,46.75,1851517,1535489,1535489
2016-12-28,45.91,1851517,46.61,1734678,1177275,1177275
2016-12-29,46.18,1734678,46.79,2044052,891398,891398
2016-12-30,46.31,2044052,46.77,1338905,1216100,1216100
2017-01-03,46.43,1338905,46.92,2103155,1739726,1739726
2017-01-04,46.08,2103155,46.22,1084164,1821264,1821264
2017-01-05,46.61,1084164,46.31,1552366,1503763,1503763
2017-01-06,45.89,1552366,46.36,1652288,2883483,2883483
2017-01-09,45.75,1652288,46.13,968296,2575328,2575328
2017-01-10,46.21,968296,46.23,727682,1560549,1560549
2017-01-11,45.93,727682,46.655,1535489,5624332,5624332
2017-01-12,46.08,1535489,46.7,1177275,3276952,3276952
2017-01-13,46.37,1177275,46.0,891398,1568923,1568923
2017-01-17,46.51,891398,45.82,1216100,1939449,1939449
2017-01-18,45.68,1216100,46.75,1739726,1523508,1523508
2017-01-19,45.76,1739726,47.38,1821264,1346142,1346142
2017-01-20,45.93,1821264,47.07,1503763,1701695,1701695
2017-01-23,46.93,1503763,48.07,2883483,2013878,2013878
2017-01-24,47.05,2883483,48.555,2575328,2741915,2741915
2017-01-25,46.63,2575328,48.54,1560549,3073228,3073228
2017-01-26,48.01,1560549,49.48,5624332,1895562,1895562
2017-01-27,48.34,5624332,48.9,3276952,1527822,1527822
2017-01-30,48.03,3276952,48.85,1568923,2266487,2266487
2017-01-31,48.9,1568923,48.715,1939449,2552612,2552612
2017-02-01,48.6,1939449,48.73,1523508,2244604,2244604
2017-02-02,48.37,1523508,48.09,1346142,1352525,1352525
2017-02-03,48.67,1346142,47.93,1701695,1191855,1191855
2017-02-06,48.04,1701695,47.83,2013878,952095,952095
2017-02-07,47.83,2013878,48.21,2741915,2170720,2170720
2017-02-08,47.6,2741915,48.42,3073228,2107079,2107079
2017-02-09,47.77,3073228,48.43,1895562,2557747,2557747
2017-02-10,47.6,1895562,48.825,1527822,2092479,2092479
2017-02-13,48.42,1527822,48.55,2266487,1568350,1568350
2017-02-14,48.32,2266487,49.145,2552612,3546878,3546878
2017-02-15,48.48,2552612,49.81,2244604,5724488,5724488
2017-02-16,48.04,2244604,49.0,1352525,2550439,2550439
2017-02-17,48.93,1352525,49.47,1191855,2195788,2195788
2017-02-21,48.88,1191855,49.38,952095,2036993,2036993
2017-02-22,49.09,952095,49.78,2170720,1632886,1632886
2017-02-23,49.13,2170720,50.03,2107079,1006867,1006867
2017-02-24,49.42,2107079,50.8,2557747,1612698,1612698
2017-02-27,49.37,2557747,50.59,2092479,1195138,1195138
2017-02-28,50.1,2092479,50.89,1568350,1417772,1417772
2017-03-01,50.51,1568350,50.68,3546878,2026600,2026600
2017-03-02,50.63,3546878,51.84,5724488,1706500,1706500
2017-03-03,50.24,5724488,51.68,2550439,1824423,1824423
2017-03-06,51.14,2550439,51.64,2195788,1884477,1884477
2017-03-07,51.68,2195788,51.8,2036993,2233561,2233561
2017-03-08,50.65,2036993,51.723,1632886,1517642,1517642
2017-03-09,51.66,1632886,51.6,1006867,1259407,1259407
2017-03-10,51.31,1006867,51.83,1612698,1860508,1860508
2017-03-13,51.44,1612698,51.94,1195138,1376191,1376191
2017-03-14,51.38,1195138,51.65,1417772,1203368,1203368
2017-03-15,51.74,1417772,52.26,2026600,4117983,4117983
2017-03-16,51.52,2026600,52.08,1706500,2676915,2676915
2017-03-17,51.62,1706500,52.04,1824423,1936902,1936902
2017-03-20,52.04,1824423,51.82,1884477,1221409,1221409
2017-03-21,51.38,1884477,51.445,2233561,1492698,1492698
2017-03-22,51.64,2233561,51.565,1517642,1257072,1257072
2017-03-23,51.06,1517642,51.58,1259407,1717929,1717929
2017-03-24,51.26,1259407,52.355,1860508,2015289,2015289
2017-03-27,51.42,1860508,52.46,1376191,1446568,1446568
2017-03-28,51.69,1376191,52.26,1203368,1312688,1312688
2017-03-29,52.14,1203368,54.82,4117983,1469882,1469882
2017-03-30,52.24,4117983,54.05,2676915,1627592,1627592
2017-03-31,53.31,2676915,53.53,1936902,1705625,1705625
2017-04-03,53.43,1936902,53.63,1221409,1550227,1550227
2017-04-04,53.06,1221409,53.7335,1492698,2017094,2017094
2017-04-05,53.33,1492698,53.47,1257072,1778251,1778251
2017-04-06,53.28,1257072,53.78,1717929,1548170,1548170
2017-04-07,52.79,1717929,54.05,2015289,1243550,1243550
2017-04-10,53.04,2015289,53.34,1446568,1025248,1025248
2017-04-11,54.05,1446568,53.61,1312688,1520703,1520703
2017-04-12,52.6,1312688,53.42,1469882,1258152,1258152
2017-04-13,53.29,1469882,53.425,1627592,863990,863990
2017-04-17,53.26,1627592,53.23,1705625,1569436,1569436
2017-04-18,53.06,1705625,53.21,1550227,1241164,1241164
2017-04-19,53.07,1550227,53.24,2017094,2096351,2096351
2017-04-20,52.9,2017094,53.22,1778251,1569985,1569985
2017-04-21,53.2,1778251,53.23,1548170,2189351,2189351
2017-04-24,52.72,1548170,53.07,1243550,2257682,2257682
2017-04-25,52.7,1243550,53.26,1025248,2181857,2181857
2017-04-26,53.07,1025248,52.9,1520703,1834961,1834961
2017-04-27,52.9,1520703,53.03,1258152,1529024,1529024
2017-04-28,52.7,1258152,52.74,863990,3078163,3078163
2017-05-01,52.85,863990,53.705,1569436,1897018,1897018
2017-05-02,52.43,1569436,53.6,1241164,1693069,1693069
2017-05-03,52.63,1241164,53.42,2096351,1702565,1702565
2017-05-04,53.02,2096351,53.4,1569985,2615560,2615560
2017-05-05,53.35,1569985,53.39,2189351,1571536,1571536
2017-05-08,53.33,2189351,54.525,2257682,2189984,2189984
2017-05-09,53.26,2257682,55.19,2181857,1559975,1559975
2017-05-10,53.93,2181857,55.33,1834961,1566289,1566289
2017-05-11,54.75,1834961,55.505,1529024,1347633,1347633
2017-05-12,55.0,1529024,55.35,3078163,1578292,1578292
2017-05-15,54.93,3078163,55.99,1897018,1472226,1472226
2017-05-16,55.31,1897018,55.97,1693069,1032600,1032600
2017-05-17,55.5,1693069,56.2575,1702565,1839737,1839737
2017-05-18,55.85,1702565,56.75,2615560,1934996,1934996
2017-05-19,55.68,2615560,56.96,1571536,1654441,1654441
2017-05-22,56.2,1571536,56.82,2189984,4264780,4264780
2017-05-23,56.85,2189984,56.89,1559975,7510578,7510578
2017-05-24,56.65,1559975,56.94,1566289,4105470,4105470
2017-05-25,56.42,1566289,56.38,1347633,2772812,2772812
2017-05-26,56.85,1347633,56.4,1578292,1535237,1535237
2017-05-30,56.13,1578292,56.76,1472226,2576416,2576416
2017-05-31,56.16,1472226,58.38,1032600,2552411,2552411
2017-06-01,56.07,1032600,56.37,1839737,2100441,2100441
2017-06-02,58.38,1839737,56.27,1934996,1666245,1666245
2017-06-05,56.31,1934996,56.32,1654441,1473282,1473282
2017-06-06,55.9,1654441,56.52,4264780,1968022,1968022
2017-06-07,56.09,4264780,59.98,7510578,1617604,1617604
2017-06-08,56.52,7510578,59.34,4105470,3486602,3486602
2017-06-09,59.8,4105470,59.7,2772812,2352814,2352814
2017-06-12,58.5,2772812,59.72,1535237,2579658,2579658
2017-06-13,59.53,1535237,60.48,2576416,1527210,1527210
2017-06-14,59.23,2576416,60.81,2552411,1203468,1203468
2017-06-15,59.54,2552411,60.77,2100441,1092596,1092596
2017-06-16,59.45,2100441,61.15,1666245,2157514,2157514
2017-06-19,60.01,1666245,60.84,1473282,2383659,2383659
2017-06-20,60.8,1473282,60.545,1968022,1821710,1821710
2017-06-21,60.8,1968022,60.765,1617604,2247944,2247944
2017-06-22,60.14,1617604,60.725,3486602,3473861,3473861
2017-06-23,60.26,3486602,60.45,2352814,2879785,2879785
2017-06-26,60.62,2352814,59.41,2579658,1535542,1535542
2017-06-27,60.31,2579658,59.64,1527210,1060391,1060391
2017-06-28,59.14,1527210,59.78,1203468,1191537,1191537
2017-06-29,59.07,1203468,59.29,1092596,1357538,1357538
2017-06-30,59.54,1092596,59.79,2157514,1593786,1593786
2017-07-03,59.22,2157514,60.67,2383659,1489574,1489574
2017-07-05,59.37,2383659,60.92,1821710,1638980,1638980
2017-07-06,59.58,1821710,60.53,2247944,2249516,2249516
2017-07-07,60.55,2247944,60.8,3473861,965439,965439
2017-07-10,60.31,3473861,60.59,2879785,1146033,1146033
2017-07-11,59.94,2879785,59.95,1535542,2976519,2976519
2017-07-12,60.59,1535542,59.57,1060391,1439395,1439395
2017-07-13,59.79,1060391,59.7,1191537,2060109,2060109
2017-07-14,59.13,1191537,59.63,1357538,1286073,1286073
2017-07-17,59.27,1357538,59.57,1593786,1332751,1332751
2017-07-18,59.35,1593786,59.98,1489574,1520122,1520122
2017-07-19,59.0,1489574,60.05,1638980,1512177,1512177
2017-07-20,59.59,1638980,59.77,2249516,2009405,2009405
2017-07-21,59.19,2249516,60.07,965439,1283236,1283236
2017-07-24,59.46,965439,60.045,1146033,973808,973808
2017-07-25,59.53,1146033,60.16,2976519,1691988,1691988
2017-07-26,59.48,2976519,60.99,1439395,2520698,2520698
2017-07-27,59.99,1439395,61.31,2060109,1944962,1944962
2017-07-28,60.33,2060109,61.655,1286073,1236434,1236434
2017-07-31,61.25,1286073,61.84,1332751,1043729,1043729
2017-08-01,61.28,1332751,61.54,1520122,1324251,1324251
2017-08-02,61.6,1520122,61.64,1512177,1121566,1121566
2017-08-03,61.43,1512177,61.55,2009405,983246,983246
2017-08-04,61.32,2009405,61.6,1283236,778762,778762
2017-08-07,61.45,1283236,61.58,973808,975738,975738
2017-08-08,60.83,973808,61.66,1691988,1162440,1162440
2017-08-09,61.38,1691988,60.81,2520698,1965048,1965048
2017-08-10,61.57,2520698,60.24,1944962,2471473,2471473
2017-08-11,60.58,1944962,60.23,1236434,1511552,1511552
2017-08-14,59.82,1236434,60.62,1043729,2409765,2409765
2017-08-15,59.91,1043729,60.2899,1324251,2933295,2933295
2017-08-16,60.32,1324251,60.33,1121566,6892023,6892023
2017-08-17,60.04,1121566,60.44,983246,3501640,3501640
2017-08-18,60.0,983246,60.74,778762,2357872,2357872
2017-08-21,60.15,778762,60.89,975738,1486144,1486144
2017-08-22,60.52,975738,60.98,1162440,1666369,1666369
2017-08-23,60.16,1162440,60.23,1965048,1445677,1445677
2017-08-24,60.67,1965048,59.5,2471473,1584503,1584503
2017-08-25,60.07,2471473,59.7,1511552,1352761,1352761
2017-08-28,59.35,1511552,60.04,2409765,1290434,1290434
2017-08-29,58.7,2409765,59.88,2933295,1206649,1206649
2017-08-30,59.8,2933295,62.42,6892023,1072530,1072530
2017-08-31,59.7,6892023,62.07,3501640,1930071,1930071
2017-09-01,62.15,3501640,61.72,2357872,1224667,1224667
2017-09-05,62.0,2357872,62.0,1486144,910613,910613
2017-09-06,60.76,1486144,63.02,1666369,974511,974511
2017-09-07,61.09,1666369,63.365,1445677,1075757,1075757
2017-09-08,61.87,1445677,63.15,1584503,1588439,1588439
2017-09-11,62.72,1584503,63.14,1352761,1770025,1770025
2017-09-12,62.87,1352761,63.575,1290434,1082149,1082149
2017-09-13,63.06,1290434,63.63,1206649,2042563,2042563
2017-09-14,63.1,1206649,63.93,1072530,1481022,1481022
2017-09-15,63.04,1072530,64.83,1930071,2295974,2295974
2017-09-18,63.4,1930071,65.18,1224667,1562007,1562007
2017-09-19,64.0,1224667,64.48,910613,1238004,1238004
2017-09-20,64.9,910613,64.81,974511,1186007,1186007
2017-09-21,64.02,974511,65.245,1075757,874785,874785
2017-09-22,64.56,1075757,65.68,1588439,1296244,1296244
2017-09-25,64.85,1588439,66.27,1770025,1841833,1841833
2017-09-26,65.15,1770025,66.42,1082149,1615338,1615338
2017-09-27,65.5,1082149,66.22,2042563,1272526,1272526
2017-09-28,66.27,2042563,65.87,1481022,1126243,1126243
2017-09-29,65.91,1481022,66.13,2295974,1672816,1672816
2017-10-02,65.31,2295974,66.3,1562007,1693854,1693854
2017-10-03,65.68,1562007,66.45,1238004,1216981,1216981
2017-10-04,66.09,1238004,66.36,1186007,745628,745628
2017-10-05,66.25,1186007,66.14,874785,1974081,1974081
2017-10-06,66.31,874785,66.27,1296244,1405100,1405100
2017-10-09,65.88,1296244,65.9,1841833,1542307,1542307
2017-10-10,65.85,1841833,64.9,1615338,1143075,1143075
2017-10-11,65.8,1615338,64.66,1272526,1794800,1794800
2017-10-12,64.65,1272526,64.62,1126243,1454994,1454994
2017-10-13,64.27,1126243,64.275,1672816,943164,943164
2017-10-16,64.25,1672816,65.07,1693854,1473459,1473459
2017-10-17,64.0,1693854,65.78,1216981,1711833,1711833
2017-10-18,64.29,1216981,65.87,745628,1150468,1150468
2017-10-19,65.06,745628,65.99,1974081,1359119,1359119
2017-10-20,65.15,1974081,66.38,1405100,1506112,1506112
2017-10-23,65.85,1405100,66.77,1542307,1267570,1267570
2017-10-24,65.68,1542307,66.86,1143075,1975704,1975704
2017-10-25,66.49,1143075,66.97,1794800,1590537,1590537
2017-10-26,66.68,1794800,67.6,1454994,1418152,1418152
2017-10-27,66.68,1454994,67.82,943164,1440996,1440996
2017-10-30,66.65,943164,67.37,1473459,846605,846605
2017-10-31,67.63,1473459,66.68,1711833,1614432,1614432
2017-11-01,67.2,1711833,66.585,1150468,1357998,1357998
2017-11-02,66.68,1150468,66.975,1359119,1856865,1856865
2017-11-03,66.38,1359119,67.53,1506112,1072288,1072288
2017-11-06,66.44,1506112,67.68,1267570,995731,995731
2017-11-07,67.19,1267570,67.55,1975704,956466,956466
2017-11-08,67.45,1975704,68.52,1590537,977616,977616
2017-11-09,67.31,1590537,67.83,1418152,1665042,1665042
2017-11-10,67.9,1418152,68.01,1440996,1439275,1439275
2017-11-13,67.53,1440996,67.93,846605,1536388,1536388
2017-11-14,67.81,846605,68.17,1614432,2426247,2426247
2017-11-15,67.8,1614432,68.44,1357998,2042296,2042296
2017-11-16,67.74,1357998,68.38,1856865,2300408,2300408
2017-11-17,68.2,1856865,68.67,1072288,1823122,1823122
2017-11-20,68.08,1072288,68.45,995731,4143453,4143453
2017-11-21,68.09,995731,68.64,956466,5330554,5330554
2017-11-22,68.27,956466,68.33,977616,3041728,3041728
2017-11-24,68.32,977616,67.98,1665042,1015411,1015411
2017-11-27,68.1,1665042,69.49,1439275,1439275,1439275
2017-11-28,67.92,1439275,67.39,1536388,2473433,2473433
2017-11-29,69.22,1536388,67.8,2426247,1904175,1904175
2017-11-30,66.45,2426247,67.56,2042296,1922514,1922514
2017-12-01,66.98,2042296,68.95,2300408,2516564,2516564
2017-12-04,67.29,2300408,69.09,1823122,2899424,2899424
2017-12-05,67.5,1823122,70.23,4143453,2383974,2383974
2017-12-06,68.53,4143453,70.81,5330554,1690108,1690108
2017-12-07,69.28,5330554,69.37,3041728,2294513,2294513
2017-12-08,70.05,3041728,69.39,1015411,2195577,2195577
2017-12-11,69.14,1015411,69.49,1439275,2438556,2438556
2017-12-12,68.84,1439275,70.93,2473433,2180984,2180984
2017-12-13,69.22,2473433,70.84,1904175,1684618,1684618
2017-12-14,69.56,1904175,69.59,1922514,1774564,1774564
2017-12-15,70.5,1922514,70.0,2516564,2871925,2871925
2017-12-18,68.97,2516564,69.17,2899424,2306264,2306264
2017-12-19,69.19,2899424,67.0,2383974,1469439,1469439
2017-12-20,68.94,2383974,66.25,1690108,1363529,1363529
2017-12-21,66.2,1690108,66.8811,2294513,1502218,1502218
2017-12-22,65.88,2294513,67.5468,2195577,1221315,1221315
2017-12-26,65.91,2195577,67.75,2438556,532863,532863
2017-12-27,66.94,2438556,67.16,2180984,1038585,1038585
2017-12-28,67.43,2180984,67.66,1684618,607022,607022
2017-12-29,67.0,1684618,67.09,1774564,1064895,1064895
2018-01-02,67.23,1774564,67.86,2871925,1047830,1047830
2018-01-03,66.93,2871925,68.51,2306264,1698899,1698899
2018-01-04,66.88,2306264,68.05,1469439,2231534,2231534
2018-01-05,68.24,1469439,68.14,1363529,1632512,1632512
2018-01-08,67.71,1363529,67.87,1502218,1613911,1613911
2018-01-09,68.04,1502218,67.5399,1221315,2666711,2666711
