date,volume_t-1,volume_t-2,open_t-11,close_t-9,low_t-7,volume
2013-03-08,3256301,2414186,41.83,40.97,41.45,3256301
2013-03-11,5472837,3256301,42.09,41.73,40.73,5472837
2013-03-12,3767613,5472837,40.62,41.48,41.52,3767613
2013-03-13,2241086,3767613,40.99,41.93,42.34,2241086
2013-03-14,2840603,2241086,41.78,42.03,42.9,2840603
2013-03-15,2579690,2840603,41.18,42.66,42.81,2579690
2013-03-18,1847766,2579690,41.75,43.24,43.02,1847766
2013-03-19,6246443,1847766,42.35,43.25,41.73,6246443
2013-03-20,3240314,6246443,43.0,43.03,42.59,3240314
2013-03-21,4409084,3240314,43.3,42.81,42.4,4409084
2013-03-22,5425027,4409084,43.5,42.62,43.0,5425027
2013-03-25,2797510,5425027,42.99,43.0,42.88,2797510
2013-03-26,2513554,2797510,42.8,43.32,42.18,2513554
2013-03-27,3369968,2513554,42.56,43.01,41.59,3369968
2013-03-28,2147900,3369968,43.03,42.55,42.22,2147900
2013-04-01,2541331,2147900,43.1,42.0,41.63,2541331
2013-04-02,2354390,2541331,42.46,42.7,40.91,2354390
2013-04-03,5278950,2354390,42.68,41.65,40.79,5278950
2013-04-04,3918841,5278950,42.25,41.25,41.32,3918841
2013-04-05,4959134,3918841,42.45,41.13,41.21,4959134
2013-04-08,2395400,4959134,41.79,41.82,41.4995,2395400
2013-04-09,1659420,2395400,41.49,42.09,40.79,1659420
2013-04-10,2169261,1659420,41.4,41.97,40.59,2169261
2013-04-11,5626492,2169261,41.4,40.93,40.32,5626492
2013-04-12,6083564,5626492,42.08,40.66,40.54,6083564
2013-04-15,7750724,6083564,41.83,40.52,40.67,7750724
2013-04-16,4505330,7750724,41.12,41.41,41.17,4505330
2013-04-17,4492937,4505330,40.63,41.54,41.53,4492937
2013-04-18,3976804,4492937,40.54,41.66,41.665,3976804
2013-04-19,3075803,3976804,40.73,41.65,42.3301,3075803
2013-04-22,2340457,3075803,41.44,42.26,43.43,2340457
2013-04-23,3522419,2340457,41.73,43.86,42.945,3522419
2013-04-24,3020692,3522419,41.73,44.75,42.84,3020692
2013-04-25,2119838,3020692,42.35,43.04,41.93,2119838
2013-04-26,5283798,2119838,43.54,43.39,41.4798,5283798
2013-04-29,2541961,5283798,44.5,42.19,41.65,2541961
2013-04-30,3451449,2541961,43.46,41.83,41.34,3451449
2013-05-01,2726213,3451449,43.08,42.0,42.13,2726213
2013-05-02,3437642,2726213,41.77,41.85,42.37,3437642
2013-05-03,4741565,3437642,41.89,42.61,42.66,4741565
2013-05-06,2819360,4741565,42.03,42.85,40.69,2819360
2013-05-07,3524022,2819360,42.21,42.73,41.05,3524022
2013-05-08,2119765,3524022,42.72,41.3,40.95,2119765
2013-05-09,3159293,2119765,43.05,41.46,41.26,3159293
2013-05-10,4662252,3159293,42.44,41.44,41.236,4662252
2013-05-13,4260335,4662252,41.64,41.31,41.54,4260335
2013-05-14,6075845,4260335,41.2,41.48,41.39,6075845
2013-05-15,10289000,6075845,41.42,41.55,41.9,10289000
2013-05-16,4890962,10289000,41.49,42.0,42.3,4890962
2013-05-17,3247851,4890962,41.93,42.4,42.63,3247851
2013-05-20,5698804,3247851,41.44,42.94,43.04,5698804
2013-05-21,4020941,5698804,42.18,43.16,42.72,4020941
2013-05-22,5421887,4020941,42.4,43.63,42.882,5421887
2013-05-23,3777408,5421887,42.97,43.04,44.89,3777408
2013-05-24,2225361,3777408,43.12,43.97,44.97,2225361
2013-05-28,4793962,2225361,43.43,45.68,44.99,4793962
2013-05-29,3621114,4793962,42.98,44.99,45.39,3621114
2013-05-30,3090824,3621114,44.9,45.56,46.21,3090824
2013-05-31,4609273,3090824,45.43,46.34,46.07,4609273
2013-06-03,3677473,4609273,45.02,46.75,45.195,3677473
2013-06-04,3364296,3677473,45.48,46.24,45.25,3364296
2013-06-05,2495073,3364296,46.3,45.74,46.09,2495073
2013-06-06,3781151,2495073,46.72,45.59,45.4,3781151
2013-06-07,2781171,3781151,45.7,46.43,46.01,2781171
2013-06-10,2730800,2781171,45.36,46.05,45.43,2730800
2013-06-11,3914328,2730800,46.09,46.05,45.04,3914328
2013-06-12,2730633,3914328,45.98,45.45,45.38,2730633
2013-06-13,2594941,2730633,46.21,45.51,44.5,2594941
2013-06-14,1677669,2594941,45.91,45.42,44.21,1677669
2013-06-17,2000122,1677669,45.65,44.53,44.94,2000122
2013-06-18,2522376,2000122,46.175,45.01,44.485,2522376
2013-06-19,5805826,2522376,45.32,45.15,44.0,5805826
2013-06-20,6307980,5805826,44.5,44.73,43.795,6307980
2013-06-21,3656145,6307980,45.16,44.4,43.66,3656145
2013-06-24,2871453,3656145,45.35,43.92,43.85,2871453
2013-06-25,2939595,2871453,44.22,44.49,44.185,2939595
2013-06-26,3693707,2939595,44.78,44.0,44.2701,3693707
2013-06-27,3447018,3693707,43.87,44.38,43.5,3447018
2013-06-28,5556673,3447018,44.34,44.8,41.85,5556673
2013-07-01,4283821,5556673,44.38,43.52,42.37,4283821
2013-07-02,2986405,4283821,44.38,42.32,42.07,2986405
2013-07-03,1940832,2986405,44.74,42.98,42.01,1940832
2013-07-05,2100873,1940832,43.11,42.31,42.28,2100873
2013-07-08,2572391,2100873,42.6,42.48,42.52,2572391
2013-07-09,3476214,2572391,42.44,42.34,42.73,3476214
2013-07-10,3277684,3476214,42.01,43.08,42.91,3277684
2013-07-11,2131803,3277684,43.1,42.76,42.95,2131803
2013-07-12,1978819,2131803,42.56,43.59,42.72,1978819
2013-07-15,2433181,1978819,43.0,43.09,43.4,2433181
2013-07-16,2026749,2433181,43.05,43.17,44.12,2026749
2013-07-17,1196543,2026749,43.5,44.23,44.34,1196543
2013-07-18,1999719,1196543,42.82,44.36,44.51,1999719
2013-07-19,1179308,1999719,43.46,44.6,45.43,1179308
2013-07-22,1836733,1179308,44.38,45.31,45.5838,1836733
2013-07-23,2934199,1836733,44.6,45.72,45.68,2934199
2013-07-24,1831121,2934199,44.64,45.75,45.775,1831121
2013-07-25,1420233,1831121,45.69,46.11,45.57,1420233
2013-07-26,3694988,1420233,45.78,45.91,45.55,3694988
2013-07-29,1962142,3694988,45.7,45.61,45.69,1962142
2013-07-30,2791858,1962142,46.09,45.9,46.1,2791858
2013-07-31,2807402,2791858,45.95,46.2,46.31,2807402
2013-08-01,2745041,2807402,45.66,46.8,46.495,2745041
2013-08-02,2387817,2745041,45.83,46.47,46.39,2387817
2013-08-05,1875418,2387817,46.23,46.76,45.4322,1875418
2013-08-06,2280909,1875418,46.31,46.66,44.98,2280909
2013-08-07,1702122,2280909,46.67,45.6,44.82,1702122
2013-08-08,1702407,1702122,46.62,45.34,44.66,1702407
2013-08-09,1958449,1702407,46.31,44.85,45.32,1958449
2013-08-12,1247241,1958449,45.59,44.73,45.9901,1247241
2013-08-13,2078213,1247241,45.55,46.04,45.8,2078213
2013-08-14,1989871,2078213,45.04,46.38,45.61,1989871
2013-08-15,6708341,1989871,45.51,45.94,45.62,6708341
2013-08-16,3624694,6708341,46.06,46.08,45.64,3624694
2013-08-19,1727559,3624694,46.26,46.28,45.81,1727559
2013-08-20,2294328,1727559,45.93,45.85,45.72,2294328
2013-08-21,1949054,2294328,45.88,46.22,46.24,1949054
2013-08-22,3147986,1949054,46.5,46.45,46.37,3147986
2013-08-23,1702511,3147986,45.85,46.92,46.85,1702511
2013-08-26,2012701,1702511,45.89,46.51,46.52,2012701
2013-08-27,2138064,2012701,46.45,46.96,46.42,2138064
2013-08-28,1590425,2138064,46.77,46.79,46.17,1590425
2013-08-29,1900662,1590425,47.59,46.44,46.64,1900662
2013-08-30,1358573,1900662,46.81,47.03,46.8,1358573
2013-09-03,1565632,1358573,46.63,46.89,47.54,1565632
2013-09-04,2522043,1565632,46.43,47.97,47.39,2522043
2013-09-05,1313188,2522043,46.93,47.68,46.8,1313188
2013-09-06,1332857,1313188,46.89,47.6,46.51,1332857
2013-09-09,1668867,1332857,47.96,46.97,46.42,1668867
2013-09-10,1821283,1668867,47.64,46.74,46.37,1821283
2013-09-11,1783424,1821283,47.08,46.8,46.615,1783424
2013-09-12,1468485,1783424,46.88,46.64,46.74,1468485
2013-09-13,2141143,1468485,46.63,46.93,47.58,2141143
2013-09-16,1861513,2141143,46.89,47.87,47.13,1861513
2013-09-17,1578387,1861513,47.04,47.68,47.29,1578387
2013-09-18,2044234,1578387,46.93,47.43,48.04,2044234
2013-09-19,18146408,2044234,47.82,47.95,48.22,18146408
2013-09-20,10692052,18146408,47.71,48.55,48.49,10692052
2013-09-23,2716907,10692052,47.59,48.96,48.23,2716907
2013-09-24,2185721,2716907,48.04,48.62,48.58,2185721
2013-09-25,2865074,2185721,48.6,48.46,48.62,2865074
2013-09-26,2680307,2865074,48.9,48.74,48.29,2680307
2013-09-27,2110103,2680307,48.6,48.87,50.749,2110103
2013-09-30,2650001,2110103,49.06,49.32,50.98,2650001
2013-10-01,2997047,2650001,48.73,50.98,51.38,2997047
2013-10-02,2020794,2997047,48.77,52.15,51.2,2020794
2013-10-03,1878510,2020794,52.92,51.67,51.44,1878510
2013-10-04,1867889,1878510,51.035,51.6,51.46,1867889
2013-10-07,1382107,1867889,51.91,51.83,51.4,1382107
2013-10-08,2415258,1382107,51.61,52.09,50.75,2415258
2013-10-09,2430595,2415258,51.59,51.63,50.7,2430595
2013-10-10,2426300,2430595,51.96,51.25,51.15,2426300
2013-10-11,1500903,2426300,51.84,51.9,50.91,1500903
2013-10-14,2110504,1500903,51.02,51.57,51.07,2110504
2013-10-15,1961896,2110504,50.7,51.06,51.07,1961896
2013-10-16,2450818,1961896,51.59,51.78,49.89,2450818
2013-10-17,3548418,2450818,51.56,51.13,49.39,3548418
2013-10-18,2880870,3548418,51.17,50.13,50.29,2880870
2013-10-21,2556379,2880870,51.34,49.95,50.66,2556379
2013-10-22,4280543,2556379,51.18,50.99,50.51,4280543
2013-10-23,2348591,4280543,50.23,51.46,50.6,2348591
2013-10-24,1785894,2348591,50.29,51.36,50.94,1785894
2013-10-25,2398266,1785894,50.88,50.88,51.13,2398266
2013-10-28,1778672,2398266,51.2,51.56,52.63,1778672
2013-10-29,1193955,1778672,51.08,52.65,51.9,1193955
2013-10-30,1360046,1193955,51.22,52.99,50.84,1360046
2013-10-31,1895510,1360046,51.25,51.99,50.3,1895510
2013-11-01,1931035,1895510,52.93,51.02,50.67,1931035
2013-11-04,1409928,1931035,53.04,50.65,51.09,1409928
2013-11-05,1578131,1409928,52.1,51.12,51.12,1578131
2013-11-06,1432940,1578131,50.76,51.87,51.23,1432940
2013-11-07,3548823,1432940,50.67,51.49,50.86,3548823
2013-11-08,1860654,3548823,51.34,51.7,50.45,1860654
2013-11-11,1984482,1860654,51.79,51.15,50.84,1984482
2013-11-12,2357218,1984482,51.52,50.76,50.95,2357218
2013-11-13,2110086,2357218,51.76,51.1,50.854,2110086
2013-11-14,2825818,2110086,51.15,51.21,50.8,2825818
2013-11-15,11014343,2825818,50.92,51.21,49.84,11014343
2013-11-18,4131521,11014343,51.39,51.04,50.01,4131521
2013-11-19,2473023,4131521,51.18,50.05,50.518,2473023
2013-11-20,2321500,2473023,51.19,50.78,50.76,2321500
2013-11-21,2417644,2321500,51.08,51.3,50.66,2417644
2013-11-22,1910762,2417644,50.14,51.2,50.36,1910762
2013-11-25,1750170,1910762,50.63,51.2,53.6902,1750170
2013-11-26,3196344,1750170,51.2,50.54,53.67,3196344
2013-11-27,1189764,3196344,50.89,54.93,53.55,1189764
2013-11-29,870409,1189764,51.2,54.05,53.465,870409
2013-12-02,1459197,870409,54.03,53.82,53.7,1459197
2013-12-03,2478051,1459197,54.45,53.53,53.75,2478051
2013-12-04,2415795,2478051,53.67,54.1,53.02,2415795
2013-12-05,1810391,2415795,53.83,53.85,53.23,1810391
2013-12-06,3053347,1810391,53.8,53.11,53.64,3053347
2013-12-09,2118503,3053347,54.1,53.65,53.46,2118503
2013-12-10,2326895,2118503,54.11,53.81,53.11,2326895
2013-12-11,2349926,2326895,53.26,53.57,52.56,2349926
2013-12-12,2714297,2349926,53.78,53.21,52.72,2714297
2013-12-13,2022610,2714297,53.85,52.93,53.115,2022610
2013-12-16,1685454,2022610,53.47,53.58,53.76,1685454
2013-12-17,3209227,1685454,52.92,53.5,54.74,3209227
2013-12-18,4136283,3209227,52.84,54.83,54.63,4136283
2013-12-19,1893211,4136283,53.35,55.06,54.68,1893211
2013-12-20,2954031,1893211,53.76,55.34,54.3,2954031
2013-12-23,1578464,2954031,54.8,54.84,54.9,1578464
2013-12-24,779696,1578464,54.91,55.26,55.07,779696
2013-12-26,714431,779696,55.35,55.16,55.81,714431
2013-12-27,653055,714431,54.63,55.24,56.37,653055
2013-12-30,1127980,653055,55.36,56.37,57.07,1127980
2013-12-31,941447,1127980,55.25,57.89,56.91,941447
2014-01-02,1916160,941447,55.96,57.38,57.12,1916160
2014-01-03,1866651,1916160,56.5,56.96,57.17,1866651
2014-01-06,1777472,1866651,57.57,57.54,57.24,1777472
2014-01-07,1463208,1777472,57.47,57.23,57.12,1463208
2014-01-08,2659468,1463208,57.45,57.46,56.92,2659468
2014-01-09,1757647,2659468,57.5,57.17,57.08,1757647
2014-01-10,1623330,1757647,57.24,57.32,56.15,1623330
2014-01-13,2946738,1623330,57.23,57.19,56.26,2946738
2014-01-14,2562236,2946738,57.05,56.21,56.56,2562236
2014-01-15,2335194,2562236,57.45,56.92,56.93,2335194
2014-01-16,1835957,2335194,57.1,56.64,57.17,1835957
2014-01-17,1699534,1835957,56.39,57.45,57.87,1699534
2014-01-21,3008458,1699534,57.4,58.39,58.14,3008458
2014-01-22,2769350,3008458,56.95,58.41,58.6,2769350
2014-01-23,3063559,2769350,57.33,58.93,59.02,3063559
2014-01-24,2656341,3063559,58.4,58.93,59.585,2656341
2014-01-27,4669012,2656341,58.51,59.88,60.04,4669012
2014-01-28,2536290,4669012,58.77,60.34,60.33,2536290
2014-01-29,2163031,2536290,59.16,60.5,59.86,2163031
2014-01-30,3743153,2163031,59.82,60.71,60.71,3743153
2014-01-31,3529054,3743153,60.24,60.85,59.405,3529054
2014-02-03,2929252,3529054,60.83,60.93,57.71,2929252
2014-02-04,2911877,2929252,60.69,59.47,56.98,2911877
2014-02-05,2283870,2911877,60.82,57.87,57.91,2283870
2014-02-06,1609451,2283870,60.48,58.3,57.41,1609451
2014-02-07,1975290,1609451,59.22,58.1,58.42,1975290
2014-02-10,1760468,1975290,57.9,57.65,58.05,1760468
2014-02-11,2148202,1760468,58.5,59.51,56.075,2148202
2014-02-12,2347270,2148202,57.67,58.15,56.09,2347270
2014-02-13,3097011,2347270,58.42,56.15,56.96,3097011
2014-02-14,17862776,3097011,58.61,57.81,57.46,17862776
2014-02-18,6553839,17862776,58.15,57.43,58.13,6553839
2014-02-19,4838795,6553839,56.32,58.29,58.29,4838795
2014-02-20,4629755,4838795,57.58,59.42,58.88,4629755
2014-02-21,2407171,4629755,57.51,59.01,59.67,2407171
2014-02-24,2392783,2407171,58.46,59.73,59.37,2392783
2014-02-25,3375173,2392783,59.27,59.89,54.87,3375173
2014-02-26,2400946,3375173,59.0,60.08,54.96,2400946
2014-02-27,3123781,2400946,60.0,55.25,54.9,3123781
2014-02-28,2876261,3123781,59.45,55.15,56.045,2876261
2014-03-03,2488373,2876261,57.15,55.94,56.32,2488373
2014-03-04,2841919,2488373,55.38,57.29,56.4,2841919
2014-03-05,3113546,2841919,55.01,56.34,56.75,3113546
2014-03-06,5178833,3113546,56.14,56.75,56.75,5178833
2014-03-07,3247154,5178833,57.25,56.89,56.19,3247154
2014-03-10,2563418,3247154,56.45,57.1,56.4,2563418
2014-03-11,3421731,2563418,56.8,56.36,55.785,3421731
2014-03-12,1652324,3421731,56.98,56.93,56.98,1652324
2014-03-13,2318832,1652324,57.02,56.71,57.555,2318832
2014-03-14,1745218,2318832,56.45,57.78,58.14,1745218
2014-03-17,1437471,1745218,56.12,57.8,57.52,1437471
2014-03-18,1294681,1437471,57.22,58.77,57.6,1294681
2014-03-19,1804350,1294681,57.71,58.42,56.5,1804350
2014-03-20,1808447,1804350,58.39,58.15,56.01,1808447
2014-03-21,2762931,1808447,59.06,56.86,55.77,2762931
2014-03-24,1985703,2762931,58.29,57.06,55.23,1985703
2014-03-25,1727269,1985703,58.23,55.85,55.48,1727269
2014-03-26,2560731,1727269,56.52,55.44,55.84,2560731
2014-03-27,2972614,2560731,57.16,55.8,56.18,2972614
2014-03-28,2006941,2972614,55.61,56.79,56.16,2006941
2014-03-31,2190772,2006941,55.68,56.63,55.96,2190772
2014-04-01,2090720,2190772,55.97,56.7,54.66,2090720
2014-04-02,1919493,2090720,56.72,56.09,54.98,1919493
2014-04-03,1603010,1919493,56.54,55.26,55.16,1603010
2014-04-04,2307668,1603010,57.18,55.16,54.22,2307668
2014-04-07,2584538,2307668,56.08,55.17,54.42,2584538
2014-04-08,1842491,2584538,55.5,54.69,54.57,1842491
2014-04-09,2017519,1842491,55.4,54.69,55.835,2017519
2014-04-10,1966409,2017519,55.6,55.92,56.2,1966409
2014-04-11,2591968,1966409,54.85,56.36,56.27,2591968
2014-04-14,2840577,2591968,54.97,56.67,55.55,2840577
2014-04-15,2172515,2840577,56.2,56.6,53.94,2172515
2014-04-16,1243513,2172515,56.42,55.57,53.82,1243513
2014-04-17,2061997,1243513,56.77,54.35,54.375,2061997
2014-04-21,1185867,2061997,57.1,54.66,53.9,1185867
2014-04-22,1475541,1185867,55.56,55.57,52.65,1475541
2014-04-23,894232,1475541,54.21,54.05,52.3075,894232
2014-04-24,1806441,894232,55.44,52.77,51.96,1806441
2014-04-25,1580495,1806441,55.57,52.65,53.25,1580495
2014-04-28,3009046,1580495,53.69,53.11,53.61,3009046
2014-04-29,3359741,3009046,53.19,53.68,54.33,3359741
2014-04-30,1678627,3359741,52.84,54.65,54.53,1678627
2014-05-01,1472407,1678627,53.55,54.69,54.571,1472407
2014-05-02,2080946,1472407,53.74,54.97,54.56,2080946
2014-05-05,2087256,2080946,54.61,55.01,54.07,2087256
2014-05-06,2224227,2087256,54.7,55.28,52.86,2224227
2014-05-07,2219204,2224227,54.85,54.39,51.97,2219204
2014-05-08,2209139,2219204,55.23,53.73,53.02,2209139
2014-05-09,1287905,2209139,55.25,53.3,53.66,1287905
2014-05-12,2042132,1287905,54.85,54.04,54.09,2042132
2014-05-13,1465527,2042132,53.29,54.47,53.888,1465527
2014-05-14,2591684,1465527,53.43,54.54,54.46,2591684
2014-05-15,5740663,2591684,53.94,55.33,54.27,5740663
2014-05-16,2405753,5740663,54.5,55.01,54.69,2405753
2014-05-19,2742131,2405753,54.31,55.03,54.81,2742131
2014-05-20,1840126,2742131,55.08,55.3,55.47,1840126
2014-05-21,1102300,1840126,55.13,55.39,56.4,1102300
2014-05-22,1686139,1102300,55.03,56.41,55.7,1686139
2014-05-23,3510829,1686139,55.26,56.83,53.75,3510829
2014-05-27,1190619,3510829,55.58,55.85,53.92,1190619
2014-05-28,1807185,1190619,56.63,54.49,54.7,1807185
2014-05-29,1558720,1807185,56.78,55.03,54.209,1558720
2014-05-30,2547039,1558720,54.6,54.97,54.44,2547039
2014-06-02,1274846,2547039,54.39,54.31,54.89,1274846
2014-06-03,1842298,1274846,54.9,54.99,55.175,1842298
2014-06-04,1145664,1842298,54.87,55.54,56.03,1145664
2014-06-05,1833063,1145664,54.58,56.18,56.31,1833063
2014-06-06,1285879,1833063,55.0,56.28,56.64,1285879
2014-06-09,1188782,1285879,55.65,57.11,56.24,1188782
2014-06-10,1267805,1188782,56.31,56.96,56.3,1267805
2014-06-11,1410610,1267805,56.41,56.94,56.68,1410610
2014-06-12,1677989,1410610,57.18,56.89,56.96,1677989
2014-06-13,1054865,1677989,56.87,57.22,57.41,1054865
2014-06-16,1174434,1054865,56.96,57.45,58.37,1174434
2014-06-17,1328510,1174434,56.73,58.6,58.7,1328510
2014-06-18,1114749,1328510,57.02,59.01,58.58,1114749
2014-06-19,3149546,1114749,57.45,59.28,58.31,3149546
2014-06-20,2029378,3149546,58.58,58.89,58.2,2029378
2014-06-23,1435625,2029378,59.0,58.91,58.18,1435625
2014-06-24,1125825,1435625,59.16,58.4,58.15,1125825
2014-06-25,1060501,1125825,58.33,58.5,58.1901,1060501
2014-06-26,1102367,1060501,58.9,58.32,58.53,1102367
2014-06-27,1519046,1102367,58.53,58.87,58.15,1519046
2014-06-30,1314906,1519046,58.57,59.27,57.84,1314906
2014-07-01,2010785,1314906,58.27,58.62,57.97,2010785
2014-07-02,1414957,2010785,58.86,58.77,57.58,1414957
2014-07-03,600744,1414957,59.2,58.11,57.41,600744
2014-07-07,949243,600744,57.84,57.65,57.4,949243
2014-07-08,1615912,949243,58.71,57.97,57.175,1615912
2014-07-09,1278504,1615912,58.03,57.82,57.18,1278504
2014-07-10,1189340,1278504,57.61,57.5,57.38,1189340
2014-07-11,1183288,1189340,57.99,57.44,57.78,1183288
2014-07-14,1487761,1183288,57.52,58.25,58.021,1487761
2014-07-15,2094496,1487761,57.5,58.05,57.85,2094496
2014-07-16,1868521,2094496,57.74,58.46,56.92,1868521
2014-07-17,4404085,1868521,58.13,58.12,56.52,4404085
2014-07-18,1706174,4404085,58.19,57.15,56.01,1706174
2014-07-21,1983914,1706174,58.2,56.9,56.15,1983914
2014-07-22,2411722,1983914,57.84,56.49,56.6175,2411722
2014-07-23,1453645,2411722,57.05,56.6,56.15,1453645
2014-07-24,2534358,1453645,56.41,56.82,56.83,2534358
2014-07-25,1719615,2534358,56.33,56.66,55.135,1719615
2014-07-28,1510223,1719615,56.92,56.96,55.29,1510223
2014-07-29,2003109,1510223,56.7,55.15,55.79,2003109
2014-07-30,1371335,2003109,56.88,56.15,56.95,1371335
2014-07-31,2708121,1371335,56.47,56.71,57.445,2708121
2014-08-01,957560,2708121,55.42,57.72,56.71,957560
2014-08-04,957560,957560,55.86,57.47,56.35,957560
2014-08-05,1733728,957560,57.0,56.84,55.89,1733728
2014-08-06,1568834,1733728,58.11,56.53,55.875,1568834
2014-08-07,1628472,1568834,57.6,56.29,56.02,1628472
2014-08-08,1766002,1628472,56.52,56.03,55.83,1766002
2014-08-11,1252725,1766002,56.49,56.78,55.59,1252725
2014-08-12,2642075,1252725,56.29,56.09,55.59,2642075
2014-08-13,1721261,2642075,56.22,56.26,55.1,1721261
2014-08-14,3478558,1721261,56.22,56.26,54.9,3478558
2014-08-15,5578794,3478558,56.19,55.24,54.98,5578794
2014-08-18,2761606,5578794,56.19,55.59,54.86,2761606
2014-08-19,1192963,2761606,55.9,55.05,55.06,1192963
2014-08-20,1846569,1192963,55.23,55.24,54.3,1846569
2014-08-21,1228385,1846569,55.98,55.2,54.189,1228385
2014-08-22,1439567,1228385,55.31,54.34,54.45,1439567
2014-08-25,967137,1439567,55.44,54.78,57.35,967137
2014-08-26,888727,967137,54.99,55.62,57.35,888727
2014-08-27,1193004,888727,54.48,57.58,58.16,1193004
2014-08-28,1395449,1193004,54.78,58.52,57.94,1395449
2014-08-29,1979934,1395449,58.95,58.56,57.97,1979934
2014-09-02,2015566,1979934,57.75,58.33,57.48,2015566
2014-09-03,1478032,2015566,58.52,57.99,57.58,1478032
2014-09-04,790594,1478032,58.32,57.64,57.5377,790594
2014-09-05,908184,790594,58.36,57.74,57.29,908184
2014-09-08,1345766,908184,57.9,57.85,56.98,1345766
2014-09-09,1286053,1345766,57.88,57.38,57.08,1286053
2014-09-10,1477856,1286053,57.75,57.15,57.23,1477856
2014-09-11,995855,1477856,58.0,57.16,57.88,995855
2014-09-12,2590395,995855,57.14,58.07,57.6,2590395
2014-09-15,1621086,2590395,57.33,58.06,57.3,1621086
2014-09-16,1379832,1621086,57.23,57.69,57.495,1379832
2014-09-17,2710468,1379832,58.21,57.92,57.45,2710468
2014-09-18,2867046,2710468,58.12,57.65,57.175,2867046
2014-09-19,2173992,2867046,57.58,57.45,57.41,2173992
2014-09-22,1686631,2173992,57.72,57.69,57.61,1686631
2014-09-23,1632282,1686631,57.69,57.59,57.74,1632282
2014-09-24,1650529,1632282,57.6,58.6,57.37,1650529
2014-09-25,1629584,1650529,57.52,57.92,57.92,1629584
2014-09-26,2218441,1629584,57.61,57.91,58.31,2218441
2014-09-29,1626565,2218441,58.5,58.89,58.1,1626565
2014-09-30,2120557,1626565,57.82,58.4,57.27,2120557
2014-10-01,2481276,2120557,58.0,58.25,56.91,2481276
2014-10-02,1708052,2481276,59.2,57.55,56.78,1708052
2014-10-03,1577280,1708052,58.82,56.98,56.89,1577280
2014-10-06,1157370,1577280,58.13,57.96,56.07,1157370
2014-10-07,1515558,1157370,57.25,56.89,55.92,1515558
2014-10-08,2124682,1515558,56.88,56.5,56.82,2124682
2014-10-09,2526263,2124682,57.86,57.15,56.18,2526263
2014-10-10,5133638,2526263,56.79,56.98,55.29,5133638
2014-10-13,2527277,5133638,56.04,56.2,56.16,2527277
2014-10-14,3972861,2527277,57.21,55.83,56.43,3972861
2014-10-15,4723905,3972861,56.85,56.91,55.0,4723905
2014-10-16,5362096,4723905,56.13,56.57,54.8,5362096
2014-10-17,3810818,5362096,56.23,55.0,55.03,3810818
2014-10-20,4942206,3810818,57.06,56.46,53.42,4942206
2014-10-21,2231876,4942206,56.25,55.03,52.73,2231876
2014-10-22,2161086,2231876,55.06,53.64,51.77,2161086
2014-10-23,1754719,2161086,56.28,52.79,49.8,1754719
2014-10-24,1508194,1754719,54.91,51.79,50.55,1508194
2014-10-27,1105293,1508194,53.73,51.79,52.02,1105293
2014-10-28,1714329,1105293,53.04,51.71,50.86,1714329
2014-10-29,1484268,1714329,50.87,52.27,52.86,1484268
2014-10-30,2504261,1484268,50.78,52.35,52.99,2504261
2014-10-31,2087828,2504261,52.17,54.0,53.59,2087828
2014-11-03,4559916,2087828,52.07,53.05,53.51,4559916
2014-11-04,5765189,4559916,52.86,53.71,53.6,5765189
2014-11-05,2341387,5765189,53.77,54.05,53.88,2341387
2014-11-06,2968264,2341387,53.59,53.99,54.13,2968264
2014-11-07,2458734,2968264,53.7,54.66,53.75,2458734
2014-11-10,2583931,2458734,53.94,54.5,54.85,2583931
2014-11-11,2163823,2583931,54.12,54.32,39.49,2163823
2014-11-12,2504261,2163823,54.59,55.28,39.84,2504261
2014-11-13,1805461,2504261,53.91,40.84,39.98,1805461
2014-11-14,1331282,1805461,55.21,40.18,40.26,1331282
2014-11-17,2697164,1331282,39.9,40.13,40.86,2697164
2014-11-18,5891377,2697164,40.26,41.37,40.88,5891377
2014-11-19,4012147,5891377,40.61,40.93,41.34,4012147
2014-11-20,2303826,4012147,40.39,41.53,41.02,2303826
2014-11-21,5306170,2303826,41.39,41.66,41.26,5306170
2014-11-24,2122424,5306170,40.98,41.45,41.29,2122424
2014-11-25,2713879,2122424,41.52,41.45,41.21,2713879
2014-11-26,1752695,2713879,41.3,41.57,40.05,1752695
2014-11-28,1091780,1752695,41.55,41.24,40.7,1091780
2014-12-01,4411159,1091780,41.36,40.8,40.56,4411159
2014-12-02,2014436,4411159,41.57,40.8,41.7,2014436
2014-12-03,2250275,2014436,40.25,41.26,41.99,2250275
2014-12-04,1346823,2250275,40.82,42.25,42.31,1346823
2014-12-05,1019549,1346823,40.56,42.25,42.53,1019549
2014-12-08,1425753,1019549,41.75,42.71,42.59,1425753
2014-12-09,1803210,1425753,42.44,42.74,41.58,1803210
2014-12-10,2654911,1803210,42.33,42.74,41.55,2654911
2014-12-11,1640864,2654911,42.68,41.59,41.82,1640864
2014-12-12,2335765,1640864,42.74,41.98,42.02,2335765
2014-12-15,4510349,2335765,42.69,42.23,42.08,4510349
2014-12-16,3849394,4510349,41.6,42.27,41.415,3849394
2014-12-17,3508188,3849394,41.98,42.3,40.98,3508188
2014-12-18,3104066,3508188,42.15,41.51,40.31,3104066
2014-12-19,3736336,3104066,42.23,41.4,40.49,3736336
2014-12-22,1590221,3736336,42.23,40.34,39.71,1590221
2014-12-23,1872341,1590221,40.99,40.62,38.65,1872341
2014-12-24,1426901,1872341,41.36,39.72,38.1,1426901
2014-12-26,588034,1426901,40.5,38.68,38.09,588034
2014-12-29,976423,588034,40.2,38.47,40.11,976423
2014-12-30,1323452,976423,40.07,39.76,40.86,1323452
2014-12-31,1423993,1323452,38.3,40.7,41.38,1423993
2015-01-02,1530798,1423993,38.34,41.38,41.36,1530798
2015-01-05,2042240,1530798,40.48,41.88,40.96,2042240
2015-01-06,2084562,2042240,40.9,41.37,41.29,2084562
2015-01-07,3359660,2084562,41.38,41.13,41.312,3359660
2015-01-08,2116341,3359660,41.98,41.38,41.14,2116341
2015-01-09,1644939,2116341,41.42,41.33,40.9,1644939
2015-01-12,2771191,1644939,41.34,41.37,40.37,2771191
2015-01-13,2013474,2771191,41.36,40.94,39.7,2013474
2015-01-14,5134006,2013474,41.21,40.56,39.02,5134006
2015-01-15,2630296,5134006,41.39,39.8,39.29,2630296
2015-01-16,3003980,2630296,41.18,39.18,40.18,3003980
2015-01-20,5033605,3003980,40.32,39.7,40.29,5033605
2015-01-21,2721609,5033605,39.81,40.89,39.95,2721609
2015-01-22,4856573,2721609,39.52,40.59,39.33,4856573
2015-01-23,1519250,4856573,40.24,40.11,38.21,1519250
2015-01-26,1511214,1519250,41.0,39.55,37.99,1511214
2015-01-27,1703508,1511214,40.61,39.06,37.76,1703508
2015-01-28,2033523,1703508,40.47,38.01,37.76,2033523
2015-01-29,2329983,2033523,39.03,38.25,37.68,2329983
2015-01-30,3054313,2329983,39.33,37.93,38.12,3054313
2015-02-02,2508493,3054313,37.83,38.16,38.76,2508493
2015-02-03,2950375,2508493,38.43,39.65,38.47,2950375
2015-02-04,2567439,2950375,37.75,38.81,38.58,2567439
2015-02-05,1826367,2567439,38.51,39.15,37.96,1826367
2015-02-06,2697212,1826367,39.6,38.75,37.69,2697212
2015-02-09,3586102,2697212,38.79,38.0,37.71,3586102
2015-02-10,1408747,3586102,38.7,38.46,37.71,1408747
2015-02-11,3337005,1408747,39.01,37.77,38.92,3337005
2015-02-12,1317705,3337005,38.0,38.69,38.82,1317705
2015-02-13,2211931,1317705,38.01,39.62,39.22,2211931
2015-02-17,2875788,2211931,37.9,39.11,39.225,2875788
2015-02-18,9007218,2875788,39.04,39.53,38.95,9007218
2015-02-19,3737331,9007218,39.33,39.34,38.78,3737331
2015-02-20,2971880,3737331,39.22,39.04,39.2326,2971880
2015-02-23,1967913,2971880,39.54,39.67,39.53,1967913
2015-02-24,1922102,1967913,39.23,39.33,39.91,1922102
2015-02-25,2343479,1922102,39.31,40.02,39.76,2343479
2015-02-26,1505418,2343479,39.64,40.15,40.91,1505418
2015-02-27,1676351,1505418,39.58,40.52,41.04,1676351
2015-03-02,1847082,1676351,39.97,41.54,40.88,1847082
2015-03-03,1635437,1847082,40.01,41.15,41.49,1635437
2015-03-04,1305992,1635437,41.12,41.95,41.6,1305992
2015-03-05,1376468,1305992,41.4,41.73,42.09,1376468
2015-03-06,1528564,1376468,41.09,42.06,42.0,1528564
2015-03-09,1492378,1528564,41.89,42.2,42.045,1492378
2015-03-10,1961299,1492378,41.62,42.36,42.34,1961299
2015-03-11,2064355,1961299,42.34,42.21,42.14,2064355
2015-03-12,2719895,2064355,42.23,42.7,41.73,2719895
2015-03-13,4704560,2719895,42.3,42.26,41.84,4704560
2015-03-16,2551437,4704560,42.34,42.0,41.49,2551437
2015-03-17,1504881,2551437,42.45,42.22,41.435,1504881
2015-03-18,1295556,1504881,41.95,41.53,40.63,1295556
2015-03-19,1085684,1295556,41.99,41.74,40.67,1085684
2015-03-20,2315472,1085684,41.95,40.63,40.97,2315472
2015-03-23,1835393,2315472,41.54,40.85,40.515,1835393
2015-03-24,3625952,1835393,41.22,41.1,41.11,3625952
2015-03-25,2776181,3625952,40.79,40.87,41.06,2776181
2015-03-26,1573740,2776181,40.99,41.81,41.17,1573740
2015-03-27,1932749,1573740,40.96,41.58,41.82,1932749
2015-03-30,2064181,1932749,41.16,42.12,42.2,2064181
2015-03-31,1659179,2064181,41.52,42.21,42.0,1659179
2015-04-01,2170331,1659179,41.45,42.21,41.01,2170331
2015-04-02,2135918,2170331,42.05,42.2,40.79,2135918
2015-04-06,2379808,2135918,42.39,41.09,40.3703,2379808
2015-04-07,3072418,2379808,42.12,40.81,40.58,3072418
2015-04-08,2443178,3072418,42.13,40.7,41.32,2443178
2015-04-09,1332519,2443178,41.17,41.11,41.102,1332519
2015-04-10,3370597,1332519,40.68,41.72,40.72,3370597
2015-04-13,3708641,3370597,40.6,41.55,41.33,3708641
2015-04-14,1777705,3708641,41.52,41.39,41.51,1777705
2015-04-15,1445622,1777705,41.28,42.05,41.87,1445622
2015-04-16,1070232,1445622,41.46,41.93,42.025,1070232
2015-04-17,2333369,1070232,41.47,42.44,42.07,2333369
2015-04-20,1410574,2333369,41.68,42.26,42.57,1410574
2015-04-21,1719710,1410574,41.94,42.49,42.99,1719710
2015-04-22,2726140,1719710,42.43,43.55,42.58,2726140
2015-04-23,3973179,2726140,42.16,43.04,43.18,3973179
2015-04-24,2200155,3973179,42.8,43.07,43.06,2200155
2015-04-27,2298298,2200155,43.59,43.38,42.6,2298298
2015-04-28,1803453,2298298,42.96,43.13,43.15,1803453
2015-04-29,2160963,1803453,43.28,42.98,42.87,2160963
2015-04-30,1726312,2160963,43.14,43.19,42.37,1726312
2015-05-01,1880177,1726312,42.74,42.89,42.24,1880177
2015-05-04,1073820,1880177,43.33,42.71,42.42,1073820
2015-05-05,1254801,1073820,43.42,42.62,41.965,1254801
2015-05-06,934611,1254801,42.72,42.49,41.57,934611
2015-05-07,999682,934611,42.42,41.98,41.44,999682
2015-05-08,1034717,999682,42.71,42.18,41.11,1034717
2015-05-11,975490,1034717,42.74,41.96,41.24,975490
2015-05-12,2617833,975490,41.87,41.37,41.7,2617833
2015-05-13,1992774,2617833,42.04,41.83,41.455,1992774
2015-05-14,2883667,1992774,41.83,41.94,41.36,2883667
2015-05-15,2147413,2883667,41.41,41.59,41.31,2147413
2015-05-18,1966147,2147413,41.88,41.59,42.21,1966147
2015-05-19,5277345,1966147,41.72,41.8,42.39,5277345
2015-05-20,2652326,5277345,41.86,42.5,41.5,2652326
2015-05-21,2126257,2652326,41.59,42.62,41.71,2126257
2015-05-22,1484752,2126257,42.23,41.91,41.87,1484752
2015-05-26,1919645,1484752,42.39,41.81,41.99,1919645
2015-05-27,2507443,1919645,42.36,42.05,41.98,2507443
2015-05-28,3347403,2507443,42.05,42.04,41.5,3347403
2015-05-29,5022554,3347403,42.18,42.63,42.43,5022554
2015-06-01,2440065,5022554,42.14,42.37,42.2,2440065
2015-06-02,2947454,2440065,42.05,42.61,42.07,2947454
2015-06-03,2722286,2947454,41.57,42.32,41.985,2722286
2015-06-04,4091870,2722286,42.5,42.5,42.1,4091870
2015-06-05,1760467,4091870,42.57,42.06,41.35,1760467
2015-06-08,1353411,1760467,42.27,42.61,40.82,1353411
2015-06-09,1439015,1353411,42.48,41.75,40.85,1439015
2015-06-10,1789330,1439015,42.27,41.19,40.67,1789330
2015-06-11,1576987,1789330,42.45,40.92,40.94,1576987
2015-06-12,2769551,1576987,41.79,41.11,40.01,2769551
2015-06-15,2361878,2769551,41.43,41.1,40.2,2361878
2015-06-16,1422563,2361878,40.94,40.54,39.91,1422563
2015-06-17,1519421,1422563,41.31,40.31,39.8303,1519421
2015-06-18,1865267,1519421,40.89,39.95,40.27,1865267
2015-06-19,2658779,1865267,40.54,40.12,40.29,2658779
2015-06-22,3909250,2658779,40.26,40.52,39.735,3909250
2015-06-23,2053553,3909250,39.93,40.53,39.25,2053553
2015-06-24,6127695,2053553,40.4,39.84,39.38,6127695
2015-06-25,5265822,6127695,40.57,39.52,39.32,5265822
2015-06-26,3350458,5265822,40.33,39.79,39.72,3350458
2015-06-29,2516360,3350458,39.63,39.6,39.49,2516360
2015-06-30,3037436,2516360,39.59,39.9,39.73,3037436
2015-07-01,4486572,3037436,39.76,39.49,39.42,4486572
2015-07-02,2160799,4486572,39.8,39.81,39.025,2160799
2015-07-06,2509428,2160799,39.8,39.6,39.38,2509428
2015-07-07,2927761,2509428,39.81,40.19,39.775,2927761
2015-07-08,3390976,2927761,39.89,40.05,38.74,3390976
2015-07-09,2237945,3390976,39.47,40.02,38.48,2237945
2015-07-10,2107093,2237945,39.8,38.74,38.75,2107093
2015-07-13,1579730,2107093,40.0,38.58,39.15,1579730
2015-07-14,2801301,1579730,39.6,39.26,39.08,2801301
2015-07-15,2247745,2801301,39.08,39.58,39.1359,2247745
2015-07-16,1826485,2247745,38.89,39.36,38.71,1826485
2015-07-17,2412373,1826485,39.36,39.79,38.91,2412373
2015-07-20,1155252,2412373,39.11,38.75,39.155,1155252
2015-07-21,1160904,1155252,39.53,38.92,39.54,1160904
2015-07-22,2949376,1160904,39.48,39.4,39.89,2949376
2015-07-23,1708801,2949376,39.27,39.96,40.02,1708801
2015-07-24,1844946,1708801,39.29,40.49,40.12,1844946
2015-07-27,5261424,1844946,39.72,40.13,39.84,5261424
2015-07-28,2768225,5261424,40.05,40.34,39.95,2768225
2015-07-29,2014066,2768225,40.42,39.95,39.54,2014066
2015-07-30,2440415,2014066,40.36,40.06,39.29,2440415
2015-07-31,2247715,2440415,40.2,39.57,40.01,2247715
2015-08-03,2104591,2247715,40.06,40.33,39.22,2104591
2015-08-04,1448062,2104591,39.97,40.25,38.61,1448062
2015-08-05,949479,1448062,39.29,39.31,39.5,949479
2015-08-06,1932226,949479,40.37,39.61,40.24,1932226
2015-08-07,1513076,1932226,40.11,40.45,40.07,1513076
2015-08-10,1554542,1513076,39.04,40.4,40.78,1554542
2015-08-11,1575708,1554542,40.0,40.97,40.58,1575708
2015-08-12,3440282,1575708,40.5,40.95,40.55,3440282
2015-08-13,2848895,3440282,40.26,41.0,40.69,2848895
2015-08-14,2632739,2848895,41.05,40.62,39.91,2632739
2015-08-17,3302058,2632739,40.92,40.72,39.63,3302058
2015-08-18,6416891,3302058,40.94,40.12,40.16,6416891
2015-08-19,2730429,6416891,40.94,39.99,39.3,2730429
2015-08-20,2145028,2730429,40.95,40.47,38.27,2145028
2015-08-21,3828206,2145028,40.14,39.42,38.46,3828206
2015-08-24,4114990,3828206,40.24,38.89,38.32,4114990
2015-08-25,3802732,4114990,40.19,38.56,38.12,3802732
2015-08-26,3233814,3802732,39.05,38.65,39.0,3233814
2015-08-27,2406297,3233814,38.94,38.82,38.3,2406297
2015-08-28,1783861,2406297,38.62,39.02,37.5,1783861
2015-08-31,2554666,1783861,38.36,38.4,36.175,2554666
2015-09-01,2954093,2554666,39.11,37.51,33.57,2954093
2015-09-02,2119191,2954093,38.69,36.23,34.3,2119191
2015-09-03,2140822,2119191,38.01,34.68,34.47,2140822
2015-09-04,2819027,2140822,37.13,34.36,35.89,2819027
2015-09-08,1787408,2819027,33.87,35.62,36.15,1787408
2015-09-09,1885293,1787408,35.68,36.64,35.95,1885293
2015-09-10,1628726,1885293,35.36,36.51,34.57,1628726
2015-09-11,1443721,1628726,36.17,36.31,34.88,1443721
2015-09-14,2223319,1443721,36.45,34.75,35.525,2223319
2015-09-15,1752721,2223319,36.44,35.53,34.9,1752721
2015-09-16,2130117,1752721,35.3,35.75,35.51,2130117
2015-09-17,1819067,2130117,35.41,35.06,35.44,1819067
2015-09-18,3352296,1819067,35.61,36.21,35.44,3352296
2015-09-21,2640363,3352296,35.04,35.54,35.44,2640363
2015-09-22,2283337,2640363,35.82,35.86,35.32,2283337
2015-09-23,1962552,2283337,36.5,35.96,35.51,1962552
2015-09-24,2028940,1962552,35.61,35.55,36.06,2028940
2015-09-25,2730672,2028940,35.66,36.15,36.29,2730672
2015-09-28,2615440,2730672,35.92,36.52,35.585,2615440
2015-09-29,2252364,2615440,35.75,36.4,35.41,2252364
2015-09-30,2545749,2252364,36.15,35.74,34.94,2545749
2015-10-01,3011460,2545749,36.63,35.69,34.81,3011460
2015-10-02,3519448,3011460,35.86,35.05,34.15,3519448
2015-10-05,1675429,3519448,35.96,34.95,34.1,1675429
2015-10-06,1833679,1675429,35.19,34.55,33.32,1833679
2015-10-07,3089575,1833679,35.1,34.45,33.245,3089575
2015-10-08,2598314,3089575,34.56,33.37,33.67,2598314
2015-10-09,3232938,2598314,34.7,33.74,33.48,3232938
2015-10-12,1349866,3232938,34.13,34.33,33.115,1349866
2015-10-13,2383212,1349866,33.36,33.74,34.84,2383212
2015-10-14,1647407,2383212,34.08,34.67,34.53,1647407
2015-10-15,1432995,1647407,34.32,35.34,35.1,1432995
2015-10-16,1754319,1432995,33.18,34.9,35.34,1754319
2015-10-19,3685845,1754319,35.04,35.54,35.88,3685845
2015-10-20,2635777,3685845,35.13,36.01,35.86,2635777
2015-10-21,2886412,2635777,35.2,36.23,35.53,2886412
2015-10-22,3696278,2886412,35.39,35.99,34.97,3696278
2015-10-23,2732645,3696278,35.94,35.63,34.79,2732645
2015-10-26,1948411,2732645,36.08,35.05,35.37,1948411
2015-10-27,2557172,1948411,35.76,35.58,35.59,2557172
2015-10-28,1780126,2557172,35.64,35.78,36.03,1780126
2015-10-29,1352267,1780126,35.12,36.23,35.8,1352267
2015-10-30,2194619,1352267,35.69,36.32,36.0,2194619
2015-11-02,1810869,2194619,35.69,35.9,36.18,1810869
2015-11-03,1485779,1810869,36.11,36.09,36.686,1485779
2015-11-04,1569620,1485779,36.54,37.11,36.465,1569620
2015-11-05,1419963,1569620,36.03,36.83,36.77,1419963
2015-11-06,1964478,1419963,36.5,37.05,37.28,1964478
2015-11-09,3109588,1964478,36.98,37.52,37.68,3109588
2015-11-10,4339800,3109588,36.67,37.7,37.8,4339800
2015-11-11,1969168,4339800,37.06,37.76,38.16,1969168
2015-11-12,3096336,1969168,37.47,38.59,38.0,3096336
2015-11-13,3335092,3096336,37.72,38.27,37.93,3335092
2015-11-16,2490208,3335092,37.87,38.34,37.98,2490208
2015-11-17,7679493,2490208,38.31,38.3,37.48,7679493
2015-11-18,6589609,7679493,38.33,38.14,37.69,6589609
2015-11-19,7275136,6589609,38.27,37.92,37.65,7275136
2015-11-20,5447723,7275136,38.1,37.98,37.24,5447723
2015-11-23,6474141,5447723,38.04,37.66,36.63,6474141
2015-11-24,5669066,6474141,37.89,37.49,36.6,5669066
2015-11-25,3797067,5669066,38.16,36.77,36.5,3797067
2015-11-27,1935738,3797067,37.36,37.33,38.36,1935738
2015-11-30,3208114,1935738,37.39,38.38,38.31,3208114
2015-12-01,7989220,3208114,36.75,39.34,38.52,7989220
2015-12-02,4713210,7989220,36.5,38.5,39.14,4713210
2015-12-03,3314529,4713210,38.43,39.28,39.73,3314529
2015-12-04,2519309,3314529,39.16,40.03,40.47,2519309
2015-12-07,2004492,2519309,38.78,40.67,41.16,2004492
2015-12-08,4331832,2004492,39.29,41.34,41.61,4331832
2015-12-09,4133291,4331832,39.81,41.97,41.04,4133291
2015-12-10,3709240,4133291,40.59,41.82,40.37,3709240
2015-12-11,2634362,3709240,41.32,41.06,39.95,2634362
2015-12-14,2310538,2634362,41.97,40.42,40.13,2310538
2015-12-15,2195375,2310538,42.16,40.15,40.54,2195375
2015-12-16,2582642,2195375,41.07,41.1,40.42,2582642
2015-12-17,2218837,2582642,40.64,40.7,40.9125,2218837
2015-12-18,3364796,2218837,40.23,41.17,40.65,3364796
2015-12-21,1735159,3364796,40.92,40.98,40.055,1735159
2015-12-22,1643172,1735159,40.61,41.25,39.9,1643172
2015-12-23,1510716,1643172,41.25,40.19,40.56,1510716
2015-12-24,874549,1510716,40.96,40.25,40.67,874549
2015-12-28,1458242,874549,40.75,40.81,40.77,1458242
2015-12-29,1757360,1458242,40.22,41.43,40.08,1757360
2015-12-30,834358,1757360,40.75,40.78,40.44,834358
2015-12-31,1450968,834358,41.01,40.1,40.715,1450968
2016-01-04,3287335,1450968,41.55,40.83,41.39,3287335
2016-01-05,2587246,3287335,40.56,41.22,41.67,2587246
2016-01-06,2103619,2587246,40.51,41.77,41.52,2103619
2016-01-07,3504314,2103619,41.01,42.14,41.9201,3504314
2016-01-08,3736768,3504314,41.62,41.78,42.01,3736768
2016-01-11,2818611,3736768,41.79,42.36,41.715,2818611
2016-01-12,1989379,2818611,42.02,42.17,40.34,1989379
2016-01-13,4206638,1989379,42.08,41.81,40.34,4206638
2016-01-14,2893372,4206638,42.36,40.69,40.05,2893372
2016-01-15,2994386,2893372,41.9,40.55,38.81,2994386
2016-01-19,2506559,2994386,41.06,40.73,38.465,2506559
2016-01-20,2469088,2506559,40.73,39.0,37.41,2469088
2016-01-21,2298372,2469088,40.24,38.59,37.6462,2298372
2016-01-22,1834467,2298372,40.14,37.94,36.715,1834467
2016-01-25,1831240,1834467,39.22,38.19,36.55,1831240
2016-01-26,1755032,1831240,38.71,36.86,36.55,1755032
2016-01-27,1479446,1755032,38.43,37.61,36.79,1479446
2016-01-28,3479452,1479446,38.35,37.11,36.13,3479452
2016-01-29,2959863,3479452,36.94,37.2,36.81,2959863
2016-02-01,2666567,2959863,36.67,37.26,37.58,2666567
2016-02-02,1742325,2666567,37.64,37.23,37.4,1742325
2016-02-03,2128426,1742325,36.68,37.98,37.36,2128426
2016-02-04,2833492,2128426,37.35,37.61,36.81,2833492
2016-02-05,4424609,2833492,37.91,37.51,36.01,4424609
2016-02-08,3888601,4424609,37.4,37.05,36.31,3888601
2016-02-09,3464464,3888601,37.89,36.11,37.0,3464464
2016-02-10,3169951,3464464,37.39,37.65,36.95,3169951
2016-02-11,3224004,3169951,37.27,37.69,36.29,3224004
2016-02-12,3923627,3224004,36.44,37.07,36.97,3923627
2016-02-16,2903649,3923627,37.37,37.19,35.83,2903649
2016-02-17,5382312,2903649,37.18,37.42,34.39,5382312
2016-02-18,2231481,5382312,37.27,36.04,34.15,2231481
2016-02-19,2339426,2231481,37.15,34.8,35.53,2339426
2016-02-22,1792962,2339426,37.26,35.37,34.935,1792962
2016-02-23,1282290,1792962,35.61,35.85,35.52,1282290
2016-02-24,1454952,1282290,34.21,35.33,36.4,1454952
2016-02-25,1453515,1454952,35.63,36.22,34.75,1453515
2016-02-26,944266,1453515,35.12,37.08,37.09,944266
2016-02-29,2187500,944266,35.84,37.87,36.85,2187500
2016-03-01,2760200,2187500,36.72,37.19,37.78,2760200
2016-03-02,3612508,2760200,35.22,37.44,36.95,3612508
2016-03-03,946823,3612508,37.73,38.03,36.47,946823
2016-03-04,1124968,946823,36.98,37.17,36.96,1124968
2016-03-07,1221574,1124968,37.88,37.48,37.44,1221574
2016-03-08,1801486,1221574,37.64,37.63,37.33,1801486
2016-03-09,1614633,1801486,36.65,37.59,37.61,1614633
2016-03-10,1614998,1614633,37.62,37.35,38.41,1614998
2016-03-11,1517348,1614998,37.75,38.59,38.74,1517348
2016-03-14,929638,1517348,37.59,39.04,39.03,929638
2016-03-15,1059439,929638,37.63,39.2,38.96,1059439
2016-03-16,1956125,1059439,38.49,39.34,38.01,1956125
2016-03-17,1895669,1956125,38.92,39.43,37.96,1895669
2016-03-18,2504361,1895669,39.14,38.09,37.62,2504361
2016-03-21,2172615,2504361,39.04,38.13,38.32,2172615
2016-03-22,1552312,2172615,38.97,37.98,38.41,1552312
2016-03-23,1554822,1552312,38.31,39.23,38.08,1554822
2016-03-24,993627,1554822,38.17,39.02,38.02,993627
2016-03-28,1272724,993627,38.43,38.29,38.59,1272724
2016-03-29,1091198,1272724,38.98,38.98,39.27,1091198
2016-03-30,783495,1091198,38.59,39.29,39.64,783495
2016-03-31,3143468,783495,38.09,40.19,39.445,3143468
2016-04-01,2857844,3143468,39.06,39.65,39.37,2857844
2016-04-04,2958061,2857844,39.33,39.88,38.89,2958061
2016-04-05,1900659,2958061,40.07,39.47,39.14,1900659
2016-04-06,1566612,1900659,39.56,39.43,39.11,1566612
2016-04-07,1373839,1566612,39.9,39.52,39.89,1373839
2016-04-08,1106293,1373839,39.16,40.16,39.66,1106293
2016-04-11,1049336,1106293,39.54,40.12,39.5,1049336
2016-04-12,992495,1049336,39.35,39.85,39.8,992495
2016-04-13,2495340,992495,40.36,40.31,39.19,2495340
2016-04-14,1347753,2495340,40.01,40.01,39.17,1347753
2016-04-15,1442264,1347753,39.56,39.26,39.25,1442264
2016-04-18,1536678,1442264,40.32,40.24,39.4,1536678
2016-04-19,1640774,1536678,39.73,39.47,39.35,1640774
2016-04-20,1243893,1640774,39.29,39.54,39.34,1243893
2016-04-21,1670389,1243893,39.89,39.41,39.5,1670389
2016-04-22,1396272,1670389,39.69,39.75,40.53,1396272
2016-04-25,1500449,1396272,39.86,40.69,40.625,1500449
2016-04-26,1868970,1500449,39.47,40.78,40.61,1868970
2016-04-27,1189462,1868970,39.52,40.91,41.13,1189462
2016-04-28,1549792,1189462,40.86,41.31,41.3,1549792
2016-04-29,2028332,1549792,40.77,41.4,41.42,2028332
2016-05-02,1285318,2028332,40.72,41.52,41.55,1285318
2016-05-03,1333991,1285318,41.18,41.93,41.53,1333991
2016-05-04,1602991,1333991,41.42,41.8,41.26,1602991
2016-05-05,1083956,1602991,41.5,41.63,41.04,1083956
2016-05-06,1403483,1083956,41.98,41.32,41.06,1403483
2016-05-09,1741539,1403483,41.71,41.58,40.26,1741539
2016-05-10,2094305,1741539,41.82,41.18,41.13,2094305
2016-05-11,3328961,2094305,41.35,40.92,40.91,3328961
2016-05-12,2504924,3328961,41.25,41.71,40.39,2504924
2016-05-13,2430565,2504924,40.92,41.24,40.51,2430565
2016-05-16,3979321,2430565,41.2,40.52,40.72,3979321
2016-05-17,7130371,3979321,41.32,40.96,41.29,7130371
2016-05-18,3476470,7130371,40.81,41.43,41.35,3476470
2016-05-19,3660160,3476470,40.64,41.33,42.12,3660160
2016-05-20,2567686,3660160,40.86,42.0,42.42,2567686
2016-05-23,1689755,2567686,41.51,42.46,42.39,1689755
2016-05-24,3236305,1689755,41.5,42.73,42.5,3236305
2016-05-25,2352424,3236305,42.19,42.62,43.63,2352424
2016-05-26,2569626,2352424,42.59,42.94,43.99,2569626
2016-05-27,1823120,2569626,42.55,44.41,43.975,1823120
2016-05-31,2256373,1823120,42.61,44.32,44.69,2256373
2016-06-01,1734386,2256373,44.96,44.56,44.53,1734386
2016-06-02,2209387,1734386,44.45,44.89,44.7,2209387
2016-06-03,2395816,2209387,44.07,44.57,45.12,2395816
2016-06-06,2359193,2395816,44.86,45.03,45.2,2359193
2016-06-07,1500872,2359193,44.89,45.42,45.37,1500872
2016-06-08,1552146,1500872,44.76,45.51,45.575,1552146
2016-06-09,1204415,1552146,45.12,45.82,45.45,1204415
2016-06-10,1261698,1204415,45.58,45.89,45.82,1261698
2016-06-13,1272833,1261698,45.55,45.95,45.19,1272833
2016-06-14,1624087,1272833,45.79,45.9,45.72,1624087
2016-06-15,2029194,1624087,45.75,45.72,45.6099,2029194
2016-06-16,1784741,2029194,45.91,45.86,45.71,1784741
2016-06-17,3434813,1784741,45.73,45.75,45.88,3434813
2016-06-20,3161329,3434813,45.72,46.15,45.19,3161329
2016-06-21,2112964,3161329,45.81,46.09,44.905,2112964
2016-06-22,2412064,2112964,45.75,45.36,44.56,2412064
2016-06-23,1487938,2412064,45.98,44.92,44.9,1487938
2016-06-24,5263644,1487938,45.73,44.91,44.585,5263644
2016-06-27,4328364,5263644,45.32,44.94,44.87,4328364
2016-06-28,4300845,4328364,44.7,45.37,45.57,4300845
2016-06-29,2402578,4300845,45.11,45.36,45.76,2402578
2016-06-30,2181066,2402578,44.72,46.14,45.945,2181066
2016-07-01,1591476,2181066,45.42,46.16,46.39,1591476
2016-07-05,1813468,1591476,45.57,46.03,43.92,1813468
2016-07-06,2312133,1813468,46.21,46.68,41.98,2312133
2016-07-07,1861536,2312133,46.15,44.12,42.155,1861536
2016-07-08,1838137,1861536,46.5,42.26,43.19,1838137
2016-07-11,1094683,1838137,44.56,43.11,43.59,1094683
2016-07-12,2237748,1094683,43.63,43.76,44.31,2237748
2016-07-13,1852475,2237748,42.67,44.36,43.63,1852475
2016-07-14,1192500,1852475,43.55,44.6,43.36,1192500
2016-07-15,1202638,1192500,43.68,43.75,44.18,1202638
2016-07-18,1362884,1202638,44.36,44.47,44.86,1362884
2016-07-19,2583860,1362884,44.31,44.42,45.35,2583860
2016-07-20,2124914,2583860,43.65,45.48,45.64,2124914
2016-07-21,1226365,2124914,44.47,45.4,46.325,1226365
2016-07-22,1512440,1226365,44.86,46.53,46.69,1512440
2016-07-25,1720649,1512440,45.61,46.41,46.55,1720649
2016-07-26,1792674,1720649,45.77,46.8,46.341,1792674
2016-07-27,1572573,1792674,46.64,46.67,46.49,1572573
2016-07-28,1945517,1572573,46.86,46.8,46.82,1945517
2016-07-29,1881372,1945517,46.96,46.98,46.465,1881372
2016-08-01,1604639,1881372,46.6,47.01,46.42,1604639
2016-08-02,1595948,1604639,46.67,46.67,45.92,1595948
2016-08-03,1508868,1595948,46.96,46.58,45.79,1508868
2016-08-04,1700182,1508868,46.98,46.14,46.73,1700182
2016-08-05,1250805,1700182,46.72,46.95,47.02,1250805
2016-08-08,1311724,1250805,46.49,47.26,47.36,1311724
2016-08-09,1006170,1311724,46.21,47.51,47.62,1006170
2016-08-10,754137,1006170,47.0,48.11,46.97,754137
2016-08-11,1377024,754137,47.19,47.87,46.9,1377024
2016-08-12,1538976,1377024,47.49,47.18,46.74,1538976
2016-08-15,2323589,1538976,48.11,47.09,47.1,2323589
2016-08-16,3175994,2323589,47.71,46.83,47.14,3175994
2016-08-17,3154934,3175994,47.1,47.49,47.11,3154934
2016-08-18,4660295,3154934,47.16,47.23,47.21,4660295
2016-08-19,3340438,4660295,47.1,47.45,47.47,3340438
2016-08-22,1626833,3340438,47.57,47.51,47.7,1626833
2016-08-23,1645348,1626833,47.11,48.13,48.12,1645348
2016-08-24,2634707,1645348,47.51,48.14,48.117,2634707
2016-08-25,2160074,2634707,47.62,48.44,48.08,2160074
2016-08-26,1581245,2160074,47.97,48.28,46.09,1581245
2016-08-29,1332975,1581245,48.17,48.43,46.57,1332975
2016-08-30,2231203,1332975,48.27,46.72,47.38,2231203
2016-08-31,1676587,2231203,48.63,47.62,47.68,1676587
2016-09-01,1257886,1676587,46.88,47.58,46.63,1257886
2016-09-02,1424454,1257886,46.58,47.82,46.61,1424454
2016-09-06,1460928,1424454,47.63,46.7,47.07,1460928
2016-09-07,1542576,1460928,47.73,47.26,47.31,1542576
2016-09-08,884738,1542576,47.74,47.32,47.08,884738
2016-09-09,2507018,884738,46.67,47.62,46.8075,2507018
2016-09-12,1835434,2507018,47.41,47.14,46.8075,1835434
2016-09-13,3461832,1835434,47.45,46.98,46.89,3461832
2016-09-14,1604806,3461832,47.66,46.99,46.72,1604806
2016-09-15,1733971,1604806,47.12,47.0,46.86,1733971
2016-09-16,2592850,1733971,47.03,46.95,46.94,2592850
2016-09-19,1927900,2592850,47.23,47.11,44.87,1927900
2016-09-20,2333122,1927900,46.9,47.02,44.47,2333122
2016-09-21,1612736,2333122,47.07,44.88,44.61,1612736
2016-09-22,1307074,1612736,47.07,45.75,44.6,1307074
2016-09-23,1957032,1307074,46.51,44.9,44.81,1957032
2016-09-26,2639060,1957032,44.59,44.86,44.74,2639060
2016-09-27,1587143,2639060,45.36,45.44,44.86,1587143
2016-09-28,1502533,1587143,45.01,44.79,45.15,1502533
2016-09-29,1938218,1502533,44.86,44.95,45.41,1938218
2016-09-30,1754316,1938218,45.39,45.71,46.29,1754316
2016-10-03,1539625,1754316,44.9,46.04,46.31,1539625
2016-10-04,1763985,1539625,45.33,46.67,46.16,1763985
2016-10-05,1432268,1763985,45.98,46.61,46.23,1432268
2016-10-06,1772801,1432268,46.38,46.57,46.52,1772801
2016-10-07,1663127,1772801,46.43,46.7,46.14,1663127
2016-10-10,1544958,1663127,46.46,47.18,46.3,1544958
2016-10-11,2912537,1544958,46.53,46.41,46.82,2912537
2016-10-12,1736076,2912537,46.9,47.09,46.67,1736076
2016-10-13,1336023,1736076,47.05,47.14,46.9275,1336023
2016-10-14,997137,1336023,46.5,46.83,46.88,997137
2016-10-17,1160321,997137,46.82,47.15,46.99,1160321
2016-10-18,1949108,1160321,47.07,47.3,47.55,1949108
2016-10-19,1769090,1949108,47.04,47.38,45.42,1769090
2016-10-20,1493608,1769090,47.01,47.69,45.42,1493608
2016-10-21,1011340,1493608,47.33,45.69,44.755,1011340
2016-10-24,1666388,1011340,47.58,45.47,45.08,1666388
2016-10-25,3949609,1666388,47.19,45.16,44.9999,3949609
2016-10-26,2146178,3949609,45.78,45.08,45.27,2146178
2016-10-27,2393625,2146178,44.84,45.15,45.34,2393625
2016-10-28,1471348,2393625,45.38,45.44,45.65,1471348
2016-10-31,1556762,1471348,45.08,46.02,45.29,1556762
2016-11-01,2133116,1556762,45.7,46.05,45.64,2133116
2016-11-02,2240428,2133116,45.41,45.57,43.17,2240428
2016-11-03,2510054,2240428,46.0,45.85,43.24,2510054
2016-11-04,2220908,2510054,45.67,43.51,43.35,2220908
2016-11-07,1723957,2220908,45.88,43.37,43.11,1723957
2016-11-08,2136740,1723957,45.26,43.38,43.18,2136740
2016-11-09,3501243,2136740,43.42,43.22,43.14,3501243
2016-11-10,2558722,3501243,43.97,43.57,43.24,2558722
2016-11-11,2219255,2558722,43.38,43.49,43.18,2219255
2016-11-14,3443200,2219255,43.33,43.26,43.69,3443200
2016-11-15,4710170,3443200,43.73,43.66,44.95,4710170
2016-11-16,4026754,4710170,43.47,44.32,45.32,4026754
2016-11-17,2070609,4026754,43.33,45.71,44.49,2070609
2016-11-18,3148538,2070609,43.69,45.62,46.34,3148538
2016-11-21,2540067,3148538,44.99,45.94,46.21,2540067
2016-11-22,2831226,2540067,45.48,47.03,45.18,2831226
2016-11-23,1926275,2831226,45.41,46.37,44.95,1926275
2016-11-25,877140,1926275,46.6,45.33,46.15,877140
2016-11-28,2241795,877140,46.77,45.4,45.55,2241795
2016-11-29,1952118,2241795,46.66,46.18,45.01,1952118
2016-11-30,2238575,1952118,45.33,45.94,44.65,2238575
2016-12-01,2823273,2238575,46.3,45.04,43.77,2823273
2016-12-02,2153515,2823273,46.16,44.97,43.97,2153515
2016-12-05,2495020,2153515,45.91,44.46,44.62,2495020
2016-12-06,1136658,2495020,45.22,44.65,43.58,1136658
2016-12-07,1815238,1136658,44.94,44.89,43.52,1815238
2016-12-08,1848936,1815238,44.18,43.6,43.94,1848936
2016-12-09,1937622,1848936,44.74,44.48,42.92,1937622
2016-12-12,1851517,1937622,44.52,43.98,43.27,1851517
2016-12-13,1734678,1851517,43.6,43.21,44.21,1734678
2016-12-14,2044052,1734678,44.79,44.03,44.2,2044052
2016-12-15,1338905,2044052,44.08,44.53,44.11,1338905
2016-12-16,2103155,1338905,43.27,44.84,44.77,2103155
2016-12-19,1084164,2103155,44.21,44.99,45.85,1084164
2016-12-20,1552366,1084164,44.58,45.8,46.11,1552366
2016-12-21,1652288,1552366,44.56,46.3,46.16,1652288
2016-12-22,968296,1652288,44.99,46.14,46.0,968296
2016-12-23,727682,968296,45.91,46.39,45.9201,727682
2016-12-27,1535489,727682,46.18,46.14,45.81,1535489
2016-12-28,1177275,1535489,46.31,46.56,45.36,1177275
2016-12-29,891398,1177275,46.43,45.91,45.54,891398
2016-12-30,1216100,891398,46.08,45.43,45.86,1216100
2017-01-03,1739726,1216100,46.61,46.21,45.8,1739726
2017-01-04,1821264,1739726,45.89,46.04,45.93,1821264
2017-01-05,1503763,1821264,45.75,45.97,46.32,1503763
2017-01-06,2883483,1503763,46.21,46.2,45.68,2883483
2017-01-09,2575328,2883483,45.93,46.51,45.57,2575328
2017-01-10,1560549,2575328,46.08,45.72,45.375,1560549
2017-01-11,5624332,1560549,46.37,45.64,45.74,5624332
2017-01-12,3276952,5624332,46.51,45.56,46.8162,3276952
2017-01-13,1568923,3276952,45.68,46.49,46.355,1568923
2017-01-17,1939449,1568923,45.76,47.1,46.56,1939449
2017-01-18,1523508,1939449,45.93,46.54,47.905,1523508
2017-01-19,1346142,1523508,46.93,47.99,47.82,1346142
2017-01-20,1701695,1346142,47.05,48.14,47.95,1701695
2017-01-23,2013878,1701695,46.63,48.1,47.98,2013878
2017-01-24,2741915,2013878,48.01,49.25,48.41,2741915
2017-01-25,3073228,2741915,48.34,48.52,48.175,3073228
2017-01-26,1895562,3073228,48.03,48.69,48.0,1895562
2017-01-27,1527822,1895562,48.9,48.32,47.51,1527822
2017-01-30,2266487,1527822,48.6,48.25,47.4139,2266487
2017-01-31,2552612,2266487,48.37,47.64,47.23,2552612
2017-02-01,2244604,2552612,48.67,47.62,47.05,2244604
2017-02-02,1352525,2244604,48.04,47.39,47.41,1352525
2017-02-03,1191855,1352525,47.83,47.35,47.915,1191855
2017-02-06,952095,1191855,47.6,48.41,48.3,952095
2017-02-07,2170720,952095,47.77,48.17,47.385,2170720
2017-02-08,2107079,2170720,47.6,48.65,48.01,2107079
2017-02-09,2557747,2107079,48.42,47.67,48.68,2557747
2017-02-10,2092479,2557747,48.32,48.97,48.47,2092479
2017-02-13,1568350,2092479,48.48,49.26,49.06,1568350
2017-02-14,3546878,1568350,48.04,48.9,48.96,3546878
2017-02-15,5724488,3546878,48.93,49.38,49.26,5724488
2017-02-16,2550439,5724488,48.88,49.27,49.23,2550439
2017-02-17,2195788,2550439,49.09,49.64,50.0,2195788
2017-02-21,2036993,2195788,49.13,49.93,50.02,2036993
2017-02-22,1632886,2036993,49.42,50.47,50.42,1632886
2017-02-23,1006867,1632886,49.37,50.36,50.09,1006867
2017-02-24,1612698,1006867,50.1,50.52,50.62,1612698
2017-02-27,1195138,1612698,50.51,50.39,50.56,1195138
2017-02-28,1417772,1195138,50.63,51.62,50.58,1417772
2017-03-01,2026600,1417772,50.24,50.84,51.17,2026600
2017-03-02,1706500,2026600,51.14,51.63,51.19,1706500
2017-03-03,1824423,1706500,51.68,51.35,51.2,1824423
2017-03-06,1884477,1824423,50.65,51.34,51.33,1884477
2017-03-07,2233561,1884477,51.66,51.47,51.46,2233561
2017-03-08,1517642,2233561,51.31,51.74,51.23,1517642
2017-03-09,1259407,1517642,51.44,51.66,51.62,1259407
2017-03-10,1860508,1259407,51.38,51.3,51.33,1860508
2017-03-13,1376191,1860508,51.74,52.04,51.15,1376191
2017-03-14,1203368,1376191,51.52,51.38,51.175,1203368
2017-03-15,4117983,1203368,51.62,51.98,50.86,4117983
2017-03-16,2676915,4117983,52.04,51.25,50.95,2676915
2017-03-17,1936902,2676915,51.38,51.21,51.13,1936902
2017-03-20,1221409,1936902,51.64,51.41,51.48,1221409
2017-03-21,1492698,1221409,51.06,51.43,51.99,1492698
2017-03-22,1257072,1492698,51.26,52.15,51.96,1257072
2017-03-23,1717929,1257072,51.42,52.45,53.02,1717929
2017-03-24,2015289,1717929,51.69,52.21,52.83,2015289
2017-03-27,1446568,2015289,52.14,54.1,52.92,1446568
2017-03-28,1312688,1446568,52.24,53.05,53.0,1312688
2017-03-29,1469882,1312688,53.31,53.31,52.48,1469882
2017-03-30,1627592,1469882,53.43,53.15,52.65,1627592
2017-03-31,1705625,1627592,53.06,52.66,52.72,1705625
2017-04-03,1550227,1705625,53.33,53.13,52.84,1550227
2017-04-04,2017094,1550227,53.28,53.18,52.42,2017094
2017-04-05,1778251,2017094,52.79,53.08,53.095,1778251
2017-04-06,1548170,1778251,53.04,53.24,52.78,1548170
2017-04-07,1243550,1548170,54.05,53.44,52.9,1243550
2017-04-10,1025248,1243550,52.6,53.12,52.81,1025248
2017-04-11,1520703,1025248,53.29,53.32,52.73,1520703
2017-04-12,1258152,1520703,53.26,52.87,52.48,1258152
2017-04-13,863990,1258152,53.06,53.2,52.695,863990
2017-04-17,1569436,863990,53.07,52.62,52.26,1569436
2017-04-18,1241164,1569436,52.9,52.71,52.7,1241164
2017-04-19,2096351,1241164,53.2,53.15,52.68,2096351
2017-04-20,1569985,2096351,52.72,52.84,52.37,1569985
2017-04-21,2189351,1569985,52.7,52.72,52.47,2189351
2017-04-24,2257682,2189351,53.07,52.83,52.31,2257682
2017-04-25,2181857,2257682,52.9,52.55,52.43,2181857
2017-04-26,1834961,2181857,52.7,52.33,52.68,1834961
2017-04-27,1529024,1834961,52.85,53.46,52.95,1529024
2017-04-28,3078163,1529024,52.43,53.03,52.79,3078163
2017-05-01,1897018,3078163,52.63,53.07,52.8399,1897018
2017-05-02,1693069,1897018,53.02,53.13,53.91,1693069
2017-05-03,1702565,1693069,53.35,53.27,54.51,1702565
2017-05-04,2615560,1702565,53.33,54.44,54.805,2615560
2017-05-05,1571536,2615560,53.26,54.81,54.83,1571536
2017-05-08,2189984,1571536,53.93,54.83,54.835,2189984
2017-05-09,1559975,2189984,54.75,55.43,55.36,1559975
2017-05-10,1566289,1559975,55.0,55.05,55.51,1566289
2017-05-11,1347633,1566289,54.93,55.8,55.61,1347633
2017-05-12,1578292,1347633,55.31,55.93,56.16,1578292
2017-05-15,1472226,1578292,55.5,56.16,56.59,1472226
2017-05-16,1032600,1472226,55.85,56.7,55.93,1032600
2017-05-17,1839737,1032600,55.68,56.64,56.29,1839737
2017-05-18,1934996,1839737,56.2,56.32,56.08,1934996
2017-05-19,1654441,1934996,56.85,56.87,55.8,1654441
2017-05-22,4264780,1654441,56.65,56.27,55.96,4264780
2017-05-23,7510578,4264780,56.42,56.23,56.01,7510578
2017-05-24,4105470,7510578,56.85,56.16,56.45,4105470
2017-05-25,2772812,4105470,56.13,56.7,55.67,2772812
2017-05-26,1535237,2772812,56.16,56.83,55.6,1535237
2017-05-30,2576416,1535237,56.07,55.77,55.86,2576416
2017-05-31,2552411,2576416,58.38,55.85,55.85,2552411
2017-06-01,2100441,2552411,56.31,56.13,58.0,2100441
2017-06-02,1666245,2100441,55.9,56.08,58.0725,1666245
2017-06-05,1473282,1666245,56.09,58.66,58.92,1473282
2017-06-06,1968022,1473282,56.52,59.23,59.041,1968022
2017-06-07,1617604,1968022,59.8,59.3,59.41,1617604
2017-06-08,3486602,1617604,58.5,59.51,59.45,3486602
2017-06-09,2352814,3486602,59.53,60.37,59.81,2352814
2017-06-12,2579658,2352814,59.23,60.34,60.76,2579658
2017-06-13,1527210,2579658,59.54,60.73,60.33,1527210
2017-06-14,1203468,1527210,59.45,60.81,60.1,1203468
2017-06-15,1092596,1203468,60.01,60.4,59.98,1092596
2017-06-16,2157514,1092596,60.8,60.1,59.71,2157514
2017-06-19,2383659,2157514,60.8,60.63,59.13,2383659
2017-06-20,1821710,2383659,60.14,60.15,57.92,1821710
2017-06-21,2247944,1821710,60.26,59.21,58.93,2247944
2017-06-22,3473861,2247944,60.62,58.99,59.05,3473861
2017-06-23,2879785,3473861,60.31,59.28,58.82,2879785
2017-06-26,1535542,2879785,59.14,59.38,59.235,1535542
2017-06-27,1060391,1535542,59.07,59.21,59.58,1060391
2017-06-28,1191537,1060391,59.54,59.51,60.295,1191537
2017-06-29,1357538,1191537,59.22,60.55,59.67,1357538
2017-06-30,1593786,1357538,59.37,60.33,59.61,1593786
2017-07-03,1489574,1593786,59.58,59.79,59.5001,1489574
2017-07-05,1638980,1489574,60.55,60.61,59.15,1638980
2017-07-06,2249516,1638980,60.31,59.77,58.84,2249516
2017-07-07,965439,2249516,59.94,59.24,59.2,965439
2017-07-10,1146033,965439,60.59,58.88,58.49,1146033
2017-07-11,2976519,1146033,59.79,59.4,58.835,2976519
2017-07-12,1439395,2976519,59.13,58.8,59.13,1439395
2017-07-13,2060109,1439395,59.27,59.31,59.19,2060109
2017-07-14,1286073,2060109,59.35,59.13,59.07,1286073
2017-07-17,1332751,1286073,59.0,59.77,59.33,1332751
2017-07-18,1520122,1332751,59.59,59.22,59.38,1520122
2017-07-19,1512177,1520122,59.19,59.63,59.46,1512177
2017-07-20,2009405,1512177,59.46,59.86,60.16,2009405
2017-07-21,1283236,2009405,59.53,59.8,60.67,1283236
2017-07-24,973808,1283236,59.48,60.73,60.915,973808
2017-07-25,1691988,973808,59.99,61.19,61.4,1691988
2017-07-26,2520698,1691988,60.33,61.52,60.95,2520698
2017-07-27,1944962,2520698,61.25,61.55,61.17,1944962
2017-07-28,1236434,1944962,61.28,61.21,60.81,1236434
2017-07-31,1043729,1236434,61.6,61.38,60.76,1043729
2017-08-01,1324251,1043729,61.43,60.98,61.25,1324251
2017-08-02,1121566,1324251,61.32,61.37,60.38,1121566
2017-08-03,983246,1121566,61.45,61.5,59.39,983246
2017-08-04,778762,983246,60.83,60.54,59.6,778762
2017-08-07,975738,778762,61.38,59.72,59.61,975738
2017-08-08,1162440,975738,61.57,59.91,59.76,1162440
2017-08-09,1965048,1162440,60.58,60.08,59.805,1965048
2017-08-10,2471473,1965048,59.82,59.79,59.52,2471473
2017-08-11,1511552,2471473,59.91,59.94,59.97,1511552
2017-08-14,2409765,1511552,60.32,60.2,60.01,2409765
2017-08-15,2933295,2409765,60.04,60.37,60.005,2933295
2017-08-16,6892023,2933295,60.0,60.13,60.08,6892023
2017-08-17,3501640,6892023,60.15,60.87,59.38,3501640
2017-08-18,2357872,3501640,60.52,60.14,58.22,2357872
2017-08-21,1486144,2357872,60.16,59.68,58.69,1486144
2017-08-22,1666369,1486144,60.67,58.57,59.55,1666369
2017-08-23,1445677,1666369,60.07,59.33,59.11,1445677
2017-08-24,1584503,1445677,59.35,59.62,60.76,1584503
2017-08-25,1352761,1584503,58.7,59.38,60.78,1352761
2017-08-28,1290434,1352761,59.8,62.14,60.28,1290434
2017-08-29,1206649,1290434,59.7,60.86,60.96,1206649
2017-08-30,1072530,1206649,62.15,61.25,61.85,1072530
2017-08-31,1930071,1072530,62.0,61.74,62.6,1930071
2017-09-01,1224667,1930071,60.76,62.96,62.35,1224667
2017-09-05,910613,1224667,61.09,62.77,62.67,910613
2017-09-06,974511,910613,61.87,62.68,62.97,974511
2017-09-07,1075757,974511,62.72,62.9,63.021,1075757
2017-09-08,1588439,1075757,62.87,63.46,63.39,1588439
2017-09-11,1770025,1588439,63.06,63.49,63.9,1770025
2017-09-12,1082149,1770025,63.1,63.9,64.21,1082149
2017-09-13,2042563,1082149,63.04,64.72,63.81,2042563
2017-09-14,1481022,2042563,63.4,64.38,64.05,1481022
2017-09-15,2295974,1481022,64.0,64.29,64.49,2295974
2017-09-18,1562007,2295974,64.9,64.71,64.83,1562007
2017-09-19,1238004,1562007,64.02,65.14,65.38,1238004
2017-09-20,1186007,1238004,64.56,65.02,65.89,1186007
2017-09-21,874785,1186007,64.85,66.11,65.41,874785
2017-09-22,1296244,874785,65.15,66.14,65.16,1296244
2017-09-25,1841833,1296244,65.5,65.44,65.62,1841833
2017-09-26,1615338,1841833,66.27,65.68,65.7,1615338
2017-09-27,1272526,1615338,65.91,65.96,66.0,1272526
2017-09-28,1126243,1272526,65.31,66.08,65.77,1126243
2017-09-29,1672816,1126243,65.68,66.17,65.63,1672816
2017-10-02,1693854,1672816,66.09,66.09,65.71,1693854
2017-10-03,1216981,1693854,66.25,65.92,64.44,1216981
2017-10-04,745628,1216981,66.31,65.78,63.91,745628
2017-10-05,1974081,745628,65.88,64.73,64.05,1974081
2017-10-06,1405100,1974081,65.85,64.11,63.97,1405100
2017-10-09,1542307,1405100,65.8,64.39,63.72,1542307
2017-10-10,1143075,1542307,64.65,63.98,64.21,1143075
2017-10-11,1794800,1143075,64.27,64.2,65.06,1794800
2017-10-12,1454994,1794800,64.25,64.87,65.15,1454994
2017-10-13,943164,1454994,64.0,65.15,65.52,943164
2017-10-16,1473459,943164,64.29,65.83,65.66,1473459
2017-10-17,1711833,1473459,65.06,65.7,66.02,1711833
2017-10-18,1150468,1711833,65.15,66.36,66.22,1150468
2017-10-19,1359119,1150468,65.85,66.56,66.34,1359119
2017-10-20,1506112,1359119,65.68,66.6,66.54,1506112
2017-10-23,1267570,1506112,66.49,66.62,66.89,1267570
2017-10-24,1975704,1267570,66.68,67.54,66.77,1975704
2017-10-25,1590537,1975704,66.68,66.99,65.99,1590537
2017-10-26,1418152,1590537,66.65,66.91,66.07,1418152
2017-10-27,1440996,1418152,67.63,66.12,66.06,1440996
2017-10-30,846605,1440996,67.2,66.44,67.07,846605
2017-10-31,1614432,846605,66.68,66.88,66.93,1614432
2017-11-01,1357998,1614432,66.38,67.25,66.88,1357998
2017-11-02,1856865,1357998,66.44,67.02,67.03,1856865
2017-11-03,1072288,1856865,67.19,67.32,67.2,1072288
2017-11-06,995731,1072288,67.45,67.39,67.41,995731
2017-11-07,956466,995731,67.31,67.71,67.1,956466
2017-11-08,977616,956466,67.9,67.97,67.54,977616
2017-11-09,1665042,977616,67.53,67.49,67.84,1665042
2017-11-10,1439275,1665042,67.81,68.03,67.81,1439275
2017-11-13,1536388,1439275,67.8,68.02,68.01,1536388
2017-11-14,2426247,1536388,67.74,68.13,67.87,2426247
2017-11-15,2042296,2426247,68.2,68.37,68.04,2042296
2017-11-16,2300408,2042296,68.08,68.22,67.771,2300408
2017-11-17,1823122,2300408,68.09,68.25,66.91,1823122
2017-11-20,4143453,1823122,68.27,68.11,69.17,4143453
2017-11-21,5330554,4143453,68.32,67.47,66.25,5330554
2017-11-22,3041728,5330554,68.1,69.31,66.89,3041728
2017-11-24,1015411,3041728,67.92,67.13,66.91,1015411
2017-11-27,1439275,1015411,69.22,67.46,67.45,1439275
2017-11-28,2473433,1439275,66.45,67.31,68.29,2473433
2017-11-29,1904175,2473433,66.98,68.74,68.95,1904175
2017-11-30,1922514,1904175,67.29,68.79,67.7,1922514
2017-12-01,2516564,1922514,67.5,69.96,68.3,2516564
2017-12-04,2899424,2516564,68.53,69.91,68.78,2899424
2017-12-05,2383974,2899424,69.28,68.69,69.17,2383974
2017-12-06,1690108,2383974,70.05,69.36,69.42,1690108
2017-12-07,2294513,1690108,69.14,69.31,68.45,2294513
2017-12-08,2195577,2294513,68.84,70.59,68.21,2195577
2017-12-11,2438556,2195577,69.22,68.69,67.23,2438556
2017-12-12,2180984,2438556,69.56,69.24,66.18,2180984
2017-12-13,1684618,2180984,70.5,68.69,65.73,1684618
2017-12-14,1774564,1684618,68.97,66.24,65.601,1774564
2017-12-15,2871925,1774564,69.19,65.83,65.77,2871925
2017-12-18,2306264,2871925,68.94,65.89,66.6523,2306264
2017-12-19,1469439,2306264,66.2,66.71,66.48,1469439
2017-12-20,1363529,1469439,65.88,67.38,66.5,1363529
2017-12-21,1502218,1363529,65.91,67.0,66.64,1502218
2017-12-22,1221315,1502218,66.94,67.06,66.37,1221315
2017-12-26,532863,1221315,67.43,66.68,66.69,532863
2017-12-27,1038585,532863,67.0,66.51,67.48,1038585
2017-12-28,607022,1038585,67.23,67.61,67.49,607022
2017-12-29,1064895,607022,66.93,67.66,67.16,1064895
2018-01-02,1047830,1064895,66.88,67.75,67.2679,1047830
2018-01-03,1698899,1047830,68.24,67.4,66.86,1698899
2018-01-04,2231534,1698899,67.71,67.52,67.05,2231534
2018-01-05,1632512,2231534,68.04,67.35,67.15,1632512
2018-01-08,1613911,1632512,67.58,67.25,67.02,1613911
2018-01-09,2666711,1613911,67.46,67.3,66.93,2666711
