date,volume_t-1,volume_t-2,volume_t-3,volume_t-4,low_t-1,volume
2013-03-08,3256301,2414186,2996908,3289188,43.02,3256301
2013-03-11,5472837,3256301,2414186,2996908,41.73,5472837
2013-03-12,3767613,5472837,3256301,2414186,42.59,3767613
2013-03-13,2241086,3767613,5472837,3256301,42.4,2241086
2013-03-14,2840603,2241086,3767613,5472837,43.0,2840603
2013-03-15,2579690,2840603,2241086,3767613,42.88,2579690
2013-03-18,1847766,2579690,2840603,2241086,42.18,1847766
2013-03-19,6246443,1847766,2579690,2840603,41.59,6246443
2013-03-20,3240314,6246443,1847766,2579690,42.22,3240314
2013-03-21,4409084,3240314,6246443,1847766,41.63,4409084
2013-03-22,5425027,4409084,3240314,6246443,40.91,5425027
2013-03-25,2797510,5425027,4409084,3240314,40.79,2797510
2013-03-26,2513554,2797510,5425027,4409084,41.32,2513554
2013-03-27,3369968,2513554,2797510,5425027,41.21,3369968
2013-03-28,2147900,3369968,2513554,2797510,41.4995,2147900
2013-04-01,2541331,2147900,3369968,2513554,40.79,2541331
2013-04-02,2354390,2541331,2147900,3369968,40.59,2354390
2013-04-03,5278950,2354390,2541331,2147900,40.32,5278950
2013-04-04,3918841,5278950,2354390,2541331,40.54,3918841
2013-04-05,4959134,3918841,5278950,2354390,40.67,4959134
2013-04-08,2395400,4959134,3918841,5278950,41.17,2395400
2013-04-09,1659420,2395400,4959134,3918841,41.53,1659420
2013-04-10,2169261,1659420,2395400,4959134,41.665,2169261
2013-04-11,5626492,2169261,1659420,2395400,42.3301,5626492
2013-04-12,6083564,5626492,2169261,1659420,43.43,6083564
2013-04-15,7750724,6083564,5626492,2169261,42.945,7750724
2013-04-16,4505330,7750724,6083564,5626492,42.84,4505330
2013-04-17,4492937,4505330,7750724,6083564,41.93,4492937
2013-04-18,3976804,4492937,4505330,7750724,41.4798,3976804
2013-04-19,3075803,3976804,4492937,4505330,41.65,3075803
2013-04-22,2340457,3075803,3976804,4492937,41.34,2340457
2013-04-23,3522419,2340457,3075803,3976804,42.13,3522419
2013-04-24,3020692,3522419,2340457,3075803,42.37,3020692
2013-04-25,2119838,3020692,3522419,2340457,42.66,2119838
2013-04-26,5283798,2119838,3020692,3522419,40.69,5283798
2013-04-29,2541961,5283798,2119838,3020692,41.05,2541961
2013-04-30,3451449,2541961,5283798,2119838,40.95,3451449
2013-05-01,2726213,3451449,2541961,5283798,41.26,2726213
2013-05-02,3437642,2726213,3451449,2541961,41.236,3437642
2013-05-03,4741565,3437642,2726213,3451449,41.54,4741565
2013-05-06,2819360,4741565,3437642,2726213,41.39,2819360
2013-05-07,3524022,2819360,4741565,3437642,41.9,3524022
2013-05-08,2119765,3524022,2819360,4741565,42.3,2119765
2013-05-09,3159293,2119765,3524022,2819360,42.63,3159293
2013-05-10,4662252,3159293,2119765,3524022,43.04,4662252
2013-05-13,4260335,4662252,3159293,2119765,42.72,4260335
2013-05-14,6075845,4260335,4662252,3159293,42.882,6075845
2013-05-15,10289000,6075845,4260335,4662252,44.89,10289000
2013-05-16,4890962,10289000,6075845,4260335,44.97,4890962
2013-05-17,3247851,4890962,10289000,6075845,44.99,3247851
2013-05-20,5698804,3247851,4890962,10289000,45.39,5698804
2013-05-21,4020941,5698804,3247851,4890962,46.21,4020941
2013-05-22,5421887,4020941,5698804,3247851,46.07,5421887
2013-05-23,3777408,5421887,4020941,5698804,45.195,3777408
2013-05-24,2225361,3777408,5421887,4020941,45.25,2225361
2013-05-28,4793962,2225361,3777408,5421887,46.09,4793962
2013-05-29,3621114,4793962,2225361,3777408,45.4,3621114
2013-05-30,3090824,3621114,4793962,2225361,46.01,3090824
2013-05-31,4609273,3090824,3621114,4793962,45.43,4609273
2013-06-03,3677473,4609273,3090824,3621114,45.04,3677473
2013-06-04,3364296,3677473,4609273,3090824,45.38,3364296
2013-06-05,2495073,3364296,3677473,4609273,44.5,2495073
2013-06-06,3781151,2495073,3364296,3677473,44.21,3781151
2013-06-07,2781171,3781151,2495073,3364296,44.94,2781171
2013-06-10,2730800,2781171,3781151,2495073,44.485,2730800
2013-06-11,3914328,2730800,2781171,3781151,44.0,3914328
2013-06-12,2730633,3914328,2730800,2781171,43.795,2730633
2013-06-13,2594941,2730633,3914328,2730800,43.66,2594941
2013-06-14,1677669,2594941,2730633,3914328,43.85,1677669
2013-06-17,2000122,1677669,2594941,2730633,44.185,2000122
2013-06-18,2522376,2000122,1677669,2594941,44.2701,2522376
2013-06-19,5805826,2522376,2000122,1677669,43.5,5805826
2013-06-20,6307980,5805826,2522376,2000122,41.85,6307980
2013-06-21,3656145,6307980,5805826,2522376,42.37,3656145
2013-06-24,2871453,3656145,6307980,5805826,42.07,2871453
2013-06-25,2939595,2871453,3656145,6307980,42.01,2939595
2013-06-26,3693707,2939595,2871453,3656145,42.28,3693707
2013-06-27,3447018,3693707,2939595,2871453,42.52,3447018
2013-06-28,5556673,3447018,3693707,2939595,42.73,5556673
2013-07-01,4283821,5556673,3447018,3693707,42.91,4283821
2013-07-02,2986405,4283821,5556673,3447018,42.95,2986405
2013-07-03,1940832,2986405,4283821,5556673,42.72,1940832
2013-07-05,2100873,1940832,2986405,4283821,43.4,2100873
2013-07-08,2572391,2100873,1940832,2986405,44.12,2572391
2013-07-09,3476214,2572391,2100873,1940832,44.34,3476214
2013-07-10,3277684,3476214,2572391,2100873,44.51,3277684
2013-07-11,2131803,3277684,3476214,2572391,45.43,2131803
2013-07-12,1978819,2131803,3277684,3476214,45.5838,1978819
2013-07-15,2433181,1978819,2131803,3277684,45.68,2433181
2013-07-16,2026749,2433181,1978819,2131803,45.775,2026749
2013-07-17,1196543,2026749,2433181,1978819,45.57,1196543
2013-07-18,1999719,1196543,2026749,2433181,45.55,1999719
2013-07-19,1179308,1999719,1196543,2026749,45.69,1179308
2013-07-22,1836733,1179308,1999719,1196543,46.1,1836733
2013-07-23,2934199,1836733,1179308,1999719,46.31,2934199
2013-07-24,1831121,2934199,1836733,1179308,46.495,1831121
2013-07-25,1420233,1831121,2934199,1836733,46.39,1420233
2013-07-26,3694988,1420233,1831121,2934199,45.4322,3694988
2013-07-29,1962142,3694988,1420233,1831121,44.98,1962142
2013-07-30,2791858,1962142,3694988,1420233,44.82,2791858
2013-07-31,2807402,2791858,1962142,3694988,44.66,2807402
2013-08-01,2745041,2807402,2791858,1962142,45.32,2745041
2013-08-02,2387817,2745041,2807402,2791858,45.9901,2387817
2013-08-05,1875418,2387817,2745041,2807402,45.8,1875418
2013-08-06,2280909,1875418,2387817,2745041,45.61,2280909
2013-08-07,1702122,2280909,1875418,2387817,45.62,1702122
2013-08-08,1702407,1702122,2280909,1875418,45.64,1702407
2013-08-09,1958449,1702407,1702122,2280909,45.81,1958449
2013-08-12,1247241,1958449,1702407,1702122,45.72,1247241
2013-08-13,2078213,1247241,1958449,1702407,46.24,2078213
2013-08-14,1989871,2078213,1247241,1958449,46.37,1989871
2013-08-15,6708341,1989871,2078213,1247241,46.85,6708341
2013-08-16,3624694,6708341,1989871,2078213,46.52,3624694
2013-08-19,1727559,3624694,6708341,1989871,46.42,1727559
2013-08-20,2294328,1727559,3624694,6708341,46.17,2294328
2013-08-21,1949054,2294328,1727559,3624694,46.64,1949054
2013-08-22,3147986,1949054,2294328,1727559,46.8,3147986
2013-08-23,1702511,3147986,1949054,2294328,47.54,1702511
2013-08-26,2012701,1702511,3147986,1949054,47.39,2012701
2013-08-27,2138064,2012701,1702511,3147986,46.8,2138064
2013-08-28,1590425,2138064,2012701,1702511,46.51,1590425
2013-08-29,1900662,1590425,2138064,2012701,46.42,1900662
2013-08-30,1358573,1900662,1590425,2138064,46.37,1358573
2013-09-03,1565632,1358573,1900662,1590425,46.615,1565632
2013-09-04,2522043,1565632,1358573,1900662,46.74,2522043
2013-09-05,1313188,2522043,1565632,1358573,47.58,1313188
2013-09-06,1332857,1313188,2522043,1565632,47.13,1332857
2013-09-09,1668867,1332857,1313188,2522043,47.29,1668867
2013-09-10,1821283,1668867,1332857,1313188,48.04,1821283
2013-09-11,1783424,1821283,1668867,1332857,48.22,1783424
2013-09-12,1468485,1783424,1821283,1668867,48.49,1468485
2013-09-13,2141143,1468485,1783424,1821283,48.23,2141143
2013-09-16,1861513,2141143,1468485,1783424,48.58,1861513
2013-09-17,1578387,1861513,2141143,1468485,48.62,1578387
2013-09-18,2044234,1578387,1861513,2141143,48.29,2044234
2013-09-19,18146408,2044234,1578387,1861513,50.749,18146408
2013-09-20,10692052,18146408,2044234,1578387,50.98,10692052
2013-09-23,2716907,10692052,18146408,2044234,51.38,2716907
2013-09-24,2185721,2716907,10692052,18146408,51.2,2185721
2013-09-25,2865074,2185721,2716907,10692052,51.44,2865074
2013-09-26,2680307,2865074,2185721,2716907,51.46,2680307
2013-09-27,2110103,2680307,2865074,2185721,51.4,2110103
2013-09-30,2650001,2110103,2680307,2865074,50.75,2650001
2013-10-01,2997047,2650001,2110103,2680307,50.7,2997047
2013-10-02,2020794,2997047,2650001,2110103,51.15,2020794
2013-10-03,1878510,2020794,2997047,2650001,50.91,1878510
2013-10-04,1867889,1878510,2020794,2997047,51.07,1867889
2013-10-07,1382107,1867889,1878510,2020794,51.07,1382107
2013-10-08,2415258,1382107,1867889,1878510,49.89,2415258
2013-10-09,2430595,2415258,1382107,1867889,49.39,2430595
2013-10-10,2426300,2430595,2415258,1382107,50.29,2426300
2013-10-11,1500903,2426300,2430595,2415258,50.66,1500903
2013-10-14,2110504,1500903,2426300,2430595,50.51,2110504
2013-10-15,1961896,2110504,1500903,2426300,50.6,1961896
2013-10-16,2450818,1961896,2110504,1500903,50.94,2450818
2013-10-17,3548418,2450818,1961896,2110504,51.13,3548418
2013-10-18,2880870,3548418,2450818,1961896,52.63,2880870
2013-10-21,2556379,2880870,3548418,2450818,51.9,2556379
2013-10-22,4280543,2556379,2880870,3548418,50.84,4280543
2013-10-23,2348591,4280543,2556379,2880870,50.3,2348591
2013-10-24,1785894,2348591,4280543,2556379,50.67,1785894
2013-10-25,2398266,1785894,2348591,4280543,51.09,2398266
2013-10-28,1778672,2398266,1785894,2348591,51.12,1778672
2013-10-29,1193955,1778672,2398266,1785894,51.23,1193955
2013-10-30,1360046,1193955,1778672,2398266,50.86,1360046
2013-10-31,1895510,1360046,1193955,1778672,50.45,1895510
2013-11-01,1931035,1895510,1360046,1193955,50.84,1931035
2013-11-04,1409928,1931035,1895510,1360046,50.95,1409928
2013-11-05,1578131,1409928,1931035,1895510,50.854,1578131
2013-11-06,1432940,1578131,1409928,1931035,50.8,1432940
2013-11-07,3548823,1432940,1578131,1409928,49.84,3548823
2013-11-08,1860654,3548823,1432940,1578131,50.01,1860654
2013-11-11,1984482,1860654,3548823,1432940,50.518,1984482
2013-11-12,2357218,1984482,1860654,3548823,50.76,2357218
2013-11-13,2110086,2357218,1984482,1860654,50.66,2110086
2013-11-14,2825818,2110086,2357218,1984482,50.36,2825818
2013-11-15,11014343,2825818,2110086,2357218,53.6902,11014343
2013-11-18,4131521,11014343,2825818,2110086,53.67,4131521
2013-11-19,2473023,4131521,11014343,2825818,53.55,2473023
2013-11-20,2321500,2473023,4131521,11014343,53.465,2321500
2013-11-21,2417644,2321500,2473023,4131521,53.7,2417644
2013-11-22,1910762,2417644,2321500,2473023,53.75,1910762
2013-11-25,1750170,1910762,2417644,2321500,53.02,1750170
2013-11-26,3196344,1750170,1910762,2417644,53.23,3196344
2013-11-27,1189764,3196344,1750170,1910762,53.64,1189764
2013-11-29,870409,1189764,3196344,1750170,53.46,870409
2013-12-02,1459197,870409,1189764,3196344,53.11,1459197
2013-12-03,2478051,1459197,870409,1189764,52.56,2478051
2013-12-04,2415795,2478051,1459197,870409,52.72,2415795
2013-12-05,1810391,2415795,2478051,1459197,53.115,1810391
2013-12-06,3053347,1810391,2415795,2478051,53.76,3053347
2013-12-09,2118503,3053347,1810391,2415795,54.74,2118503
2013-12-10,2326895,2118503,3053347,1810391,54.63,2326895
2013-12-11,2349926,2326895,2118503,3053347,54.68,2349926
2013-12-12,2714297,2349926,2326895,2118503,54.3,2714297
2013-12-13,2022610,2714297,2349926,2326895,54.9,2022610
2013-12-16,1685454,2022610,2714297,2349926,55.07,1685454
2013-12-17,3209227,1685454,2022610,2714297,55.81,3209227
2013-12-18,4136283,3209227,1685454,2022610,56.37,4136283
2013-12-19,1893211,4136283,3209227,1685454,57.07,1893211
2013-12-20,2954031,1893211,4136283,3209227,56.91,2954031
2013-12-23,1578464,2954031,1893211,4136283,57.12,1578464
2013-12-24,779696,1578464,2954031,1893211,57.17,779696
2013-12-26,714431,779696,1578464,2954031,57.24,714431
2013-12-27,653055,714431,779696,1578464,57.12,653055
2013-12-30,1127980,653055,714431,779696,56.92,1127980
2013-12-31,941447,1127980,653055,714431,57.08,941447
2014-01-02,1916160,941447,1127980,653055,56.15,1916160
2014-01-03,1866651,1916160,941447,1127980,56.26,1866651
2014-01-06,1777472,1866651,1916160,941447,56.56,1777472
2014-01-07,1463208,1777472,1866651,1916160,56.93,1463208
2014-01-08,2659468,1463208,1777472,1866651,57.17,2659468
2014-01-09,1757647,2659468,1463208,1777472,57.87,1757647
2014-01-10,1623330,1757647,2659468,1463208,58.14,1623330
2014-01-13,2946738,1623330,1757647,2659468,58.6,2946738
2014-01-14,2562236,2946738,1623330,1757647,59.02,2562236
2014-01-15,2335194,2562236,2946738,1623330,59.585,2335194
2014-01-16,1835957,2335194,2562236,2946738,60.04,1835957
2014-01-17,1699534,1835957,2335194,2562236,60.33,1699534
2014-01-21,3008458,1699534,1835957,2335194,59.86,3008458
2014-01-22,2769350,3008458,1699534,1835957,60.71,2769350
2014-01-23,3063559,2769350,3008458,1699534,59.405,3063559
2014-01-24,2656341,3063559,2769350,3008458,57.71,2656341
2014-01-27,4669012,2656341,3063559,2769350,56.98,4669012
2014-01-28,2536290,4669012,2656341,3063559,57.91,2536290
2014-01-29,2163031,2536290,4669012,2656341,57.41,2163031
2014-01-30,3743153,2163031,2536290,4669012,58.42,3743153
2014-01-31,3529054,3743153,2163031,2536290,58.05,3529054
2014-02-03,2929252,3529054,3743153,2163031,56.075,2929252
2014-02-04,2911877,2929252,3529054,3743153,56.09,2911877
2014-02-05,2283870,2911877,2929252,3529054,56.96,2283870
2014-02-06,1609451,2283870,2911877,2929252,57.46,1609451
2014-02-07,1975290,1609451,2283870,2911877,58.13,1975290
2014-02-10,1760468,1975290,1609451,2283870,58.29,1760468
2014-02-11,2148202,1760468,1975290,1609451,58.88,2148202
2014-02-12,2347270,2148202,1760468,1975290,59.67,2347270
2014-02-13,3097011,2347270,2148202,1760468,59.37,3097011
2014-02-14,17862776,3097011,2347270,2148202,54.87,17862776
2014-02-18,6553839,17862776,3097011,2347270,54.96,6553839
2014-02-19,4838795,6553839,17862776,3097011,54.9,4838795
2014-02-20,4629755,4838795,6553839,17862776,56.045,4629755
2014-02-21,2407171,4629755,4838795,6553839,56.32,2407171
2014-02-24,2392783,2407171,4629755,4838795,56.4,2392783
2014-02-25,3375173,2392783,2407171,4629755,56.75,3375173
2014-02-26,2400946,3375173,2392783,2407171,56.75,2400946
2014-02-27,3123781,2400946,3375173,2392783,56.19,3123781
2014-02-28,2876261,3123781,2400946,3375173,56.4,2876261
2014-03-03,2488373,2876261,3123781,2400946,55.785,2488373
2014-03-04,2841919,2488373,2876261,3123781,56.98,2841919
2014-03-05,3113546,2841919,2488373,2876261,57.555,3113546
2014-03-06,5178833,3113546,2841919,2488373,58.14,5178833
2014-03-07,3247154,5178833,3113546,2841919,57.52,3247154
2014-03-10,2563418,3247154,5178833,3113546,57.6,2563418
2014-03-11,3421731,2563418,3247154,5178833,56.5,3421731
2014-03-12,1652324,3421731,2563418,3247154,56.01,1652324
2014-03-13,2318832,1652324,3421731,2563418,55.77,2318832
2014-03-14,1745218,2318832,1652324,3421731,55.23,1745218
2014-03-17,1437471,1745218,2318832,1652324,55.48,1437471
2014-03-18,1294681,1437471,1745218,2318832,55.84,1294681
2014-03-19,1804350,1294681,1437471,1745218,56.18,1804350
2014-03-20,1808447,1804350,1294681,1437471,56.16,1808447
2014-03-21,2762931,1808447,1804350,1294681,55.96,2762931
2014-03-24,1985703,2762931,1808447,1804350,54.66,1985703
2014-03-25,1727269,1985703,2762931,1808447,54.98,1727269
2014-03-26,2560731,1727269,1985703,2762931,55.16,2560731
2014-03-27,2972614,2560731,1727269,1985703,54.22,2972614
2014-03-28,2006941,2972614,2560731,1727269,54.42,2006941
2014-03-31,2190772,2006941,2972614,2560731,54.57,2190772
2014-04-01,2090720,2190772,2006941,2972614,55.835,2090720
2014-04-02,1919493,2090720,2190772,2006941,56.2,1919493
2014-04-03,1603010,1919493,2090720,2190772,56.27,1603010
2014-04-04,2307668,1603010,1919493,2090720,55.55,2307668
2014-04-07,2584538,2307668,1603010,1919493,53.94,2584538
2014-04-08,1842491,2584538,2307668,1603010,53.82,1842491
2014-04-09,2017519,1842491,2584538,2307668,54.375,2017519
2014-04-10,1966409,2017519,1842491,2584538,53.9,1966409
2014-04-11,2591968,1966409,2017519,1842491,52.65,2591968
2014-04-14,2840577,2591968,1966409,2017519,52.3075,2840577
2014-04-15,2172515,2840577,2591968,1966409,51.96,2172515
2014-04-16,1243513,2172515,2840577,2591968,53.25,1243513
2014-04-17,2061997,1243513,2172515,2840577,53.61,2061997
2014-04-21,1185867,2061997,1243513,2172515,54.33,1185867
2014-04-22,1475541,1185867,2061997,1243513,54.53,1475541
2014-04-23,894232,1475541,1185867,2061997,54.571,894232
2014-04-24,1806441,894232,1475541,1185867,54.56,1806441
2014-04-25,1580495,1806441,894232,1475541,54.07,1580495
2014-04-28,3009046,1580495,1806441,894232,52.86,3009046
2014-04-29,3359741,3009046,1580495,1806441,51.97,3359741
2014-04-30,1678627,3359741,3009046,1580495,53.02,1678627
2014-05-01,1472407,1678627,3359741,3009046,53.66,1472407
2014-05-02,2080946,1472407,1678627,3359741,54.09,2080946
2014-05-05,2087256,2080946,1472407,1678627,53.888,2087256
2014-05-06,2224227,2087256,2080946,1472407,54.46,2224227
2014-05-07,2219204,2224227,2087256,2080946,54.27,2219204
2014-05-08,2209139,2219204,2224227,2087256,54.69,2209139
2014-05-09,1287905,2209139,2219204,2224227,54.81,1287905
2014-05-12,2042132,1287905,2209139,2219204,55.47,2042132
2014-05-13,1465527,2042132,1287905,2209139,56.4,1465527
2014-05-14,2591684,1465527,2042132,1287905,55.7,2591684
2014-05-15,5740663,2591684,1465527,2042132,53.75,5740663
2014-05-16,2405753,5740663,2591684,1465527,53.92,2405753
2014-05-19,2742131,2405753,5740663,2591684,54.7,2742131
2014-05-20,1840126,2742131,2405753,5740663,54.209,1840126
2014-05-21,1102300,1840126,2742131,2405753,54.44,1102300
2014-05-22,1686139,1102300,1840126,2742131,54.89,1686139
2014-05-23,3510829,1686139,1102300,1840126,55.175,3510829
2014-05-27,1190619,3510829,1686139,1102300,56.03,1190619
2014-05-28,1807185,1190619,3510829,1686139,56.31,1807185
2014-05-29,1558720,1807185,1190619,3510829,56.64,1558720
2014-05-30,2547039,1558720,1807185,1190619,56.24,2547039
2014-06-02,1274846,2547039,1558720,1807185,56.3,1274846
2014-06-03,1842298,1274846,2547039,1558720,56.68,1842298
2014-06-04,1145664,1842298,1274846,2547039,56.96,1145664
2014-06-05,1833063,1145664,1842298,1274846,57.41,1833063
2014-06-06,1285879,1833063,1145664,1842298,58.37,1285879
2014-06-09,1188782,1285879,1833063,1145664,58.7,1188782
2014-06-10,1267805,1188782,1285879,1833063,58.58,1267805
2014-06-11,1410610,1267805,1188782,1285879,58.31,1410610
2014-06-12,1677989,1410610,1267805,1188782,58.2,1677989
2014-06-13,1054865,1677989,1410610,1267805,58.18,1054865
2014-06-16,1174434,1054865,1677989,1410610,58.15,1174434
2014-06-17,1328510,1174434,1054865,1677989,58.1901,1328510
2014-06-18,1114749,1328510,1174434,1054865,58.53,1114749
2014-06-19,3149546,1114749,1328510,1174434,58.15,3149546
2014-06-20,2029378,3149546,1114749,1328510,57.84,2029378
2014-06-23,1435625,2029378,3149546,1114749,57.97,1435625
2014-06-24,1125825,1435625,2029378,3149546,57.58,1125825
2014-06-25,1060501,1125825,1435625,2029378,57.41,1060501
2014-06-26,1102367,1060501,1125825,1435625,57.4,1102367
2014-06-27,1519046,1102367,1060501,1125825,57.175,1519046
2014-06-30,1314906,1519046,1102367,1060501,57.18,1314906
2014-07-01,2010785,1314906,1519046,1102367,57.38,2010785
2014-07-02,1414957,2010785,1314906,1519046,57.78,1414957
2014-07-03,600744,1414957,2010785,1314906,58.021,600744
2014-07-07,949243,600744,1414957,2010785,57.85,949243
2014-07-08,1615912,949243,600744,1414957,56.92,1615912
2014-07-09,1278504,1615912,949243,600744,56.52,1278504
2014-07-10,1189340,1278504,1615912,949243,56.01,1189340
2014-07-11,1183288,1189340,1278504,1615912,56.15,1183288
2014-07-14,1487761,1183288,1189340,1278504,56.6175,1487761
2014-07-15,2094496,1487761,1183288,1189340,56.15,2094496
2014-07-16,1868521,2094496,1487761,1183288,56.83,1868521
2014-07-17,4404085,1868521,2094496,1487761,55.135,4404085
2014-07-18,1706174,4404085,1868521,2094496,55.29,1706174
2014-07-21,1983914,1706174,4404085,1868521,55.79,1983914
2014-07-22,2411722,1983914,1706174,4404085,56.95,2411722
2014-07-23,1453645,2411722,1983914,1706174,57.445,1453645
2014-07-24,2534358,1453645,2411722,1983914,56.71,2534358
2014-07-25,1719615,2534358,1453645,2411722,56.35,1719615
2014-07-28,1510223,1719615,2534358,1453645,55.89,1510223
2014-07-29,2003109,1510223,1719615,2534358,55.875,2003109
2014-07-30,1371335,2003109,1510223,1719615,56.02,1371335
2014-07-31,2708121,1371335,2003109,1510223,55.83,2708121
2014-08-01,957560,2708121,1371335,2003109,55.59,957560
2014-08-04,957560,957560,2708121,1371335,55.59,957560
2014-08-05,1733728,957560,957560,2708121,55.1,1733728
2014-08-06,1568834,1733728,957560,957560,54.9,1568834
2014-08-07,1628472,1568834,1733728,957560,54.98,1628472
2014-08-08,1766002,1628472,1568834,1733728,54.86,1766002
2014-08-11,1252725,1766002,1628472,1568834,55.06,1252725
2014-08-12,2642075,1252725,1766002,1628472,54.3,2642075
2014-08-13,1721261,2642075,1252725,1766002,54.189,1721261
2014-08-14,3478558,1721261,2642075,1252725,54.45,3478558
2014-08-15,5578794,3478558,1721261,2642075,57.35,5578794
2014-08-18,2761606,5578794,3478558,1721261,57.35,2761606
2014-08-19,1192963,2761606,5578794,3478558,58.16,1192963
2014-08-20,1846569,1192963,2761606,5578794,57.94,1846569
2014-08-21,1228385,1846569,1192963,2761606,57.97,1228385
2014-08-22,1439567,1228385,1846569,1192963,57.48,1439567
2014-08-25,967137,1439567,1228385,1846569,57.58,967137
2014-08-26,888727,967137,1439567,1228385,57.5377,888727
2014-08-27,1193004,888727,967137,1439567,57.29,1193004
2014-08-28,1395449,1193004,888727,967137,56.98,1395449
2014-08-29,1979934,1395449,1193004,888727,57.08,1979934
2014-09-02,2015566,1979934,1395449,1193004,57.23,2015566
2014-09-03,1478032,2015566,1979934,1395449,57.88,1478032
2014-09-04,790594,1478032,2015566,1979934,57.6,790594
2014-09-05,908184,790594,1478032,2015566,57.3,908184
2014-09-08,1345766,908184,790594,1478032,57.495,1345766
2014-09-09,1286053,1345766,908184,790594,57.45,1286053
2014-09-10,1477856,1286053,1345766,908184,57.175,1477856
2014-09-11,995855,1477856,1286053,1345766,57.41,995855
2014-09-12,2590395,995855,1477856,1286053,57.61,2590395
2014-09-15,1621086,2590395,995855,1477856,57.74,1621086
2014-09-16,1379832,1621086,2590395,995855,57.37,1379832
2014-09-17,2710468,1379832,1621086,2590395,57.92,2710468
2014-09-18,2867046,2710468,1379832,1621086,58.31,2867046
2014-09-19,2173992,2867046,2710468,1379832,58.1,2173992
2014-09-22,1686631,2173992,2867046,2710468,57.27,1686631
2014-09-23,1632282,1686631,2173992,2867046,56.91,1632282
2014-09-24,1650529,1632282,1686631,2173992,56.78,1650529
2014-09-25,1629584,1650529,1632282,1686631,56.89,1629584
2014-09-26,2218441,1629584,1650529,1632282,56.07,2218441
2014-09-29,1626565,2218441,1629584,1650529,55.92,1626565
2014-09-30,2120557,1626565,2218441,1629584,56.82,2120557
2014-10-01,2481276,2120557,1626565,2218441,56.18,2481276
2014-10-02,1708052,2481276,2120557,1626565,55.29,1708052
2014-10-03,1577280,1708052,2481276,2120557,56.16,1577280
2014-10-06,1157370,1577280,1708052,2481276,56.43,1157370
2014-10-07,1515558,1157370,1577280,1708052,55.0,1515558
2014-10-08,2124682,1515558,1157370,1577280,54.8,2124682
2014-10-09,2526263,2124682,1515558,1157370,55.03,2526263
2014-10-10,5133638,2526263,2124682,1515558,53.42,5133638
2014-10-13,2527277,5133638,2526263,2124682,52.73,2527277
2014-10-14,3972861,2527277,5133638,2526263,51.77,3972861
2014-10-15,4723905,3972861,2527277,5133638,49.8,4723905
2014-10-16,5362096,4723905,3972861,2527277,50.55,5362096
2014-10-17,3810818,5362096,4723905,3972861,52.02,3810818
2014-10-20,4942206,3810818,5362096,4723905,50.86,4942206
2014-10-21,2231876,4942206,3810818,5362096,52.86,2231876
2014-10-22,2161086,2231876,4942206,3810818,52.99,2161086
2014-10-23,1754719,2161086,2231876,4942206,53.59,1754719
2014-10-24,1508194,1754719,2161086,2231876,53.51,1508194
2014-10-27,1105293,1508194,1754719,2161086,53.6,1105293
2014-10-28,1714329,1105293,1508194,1754719,53.88,1714329
2014-10-29,1484268,1714329,1105293,1508194,54.13,1484268
2014-10-30,2504261,1484268,1714329,1105293,53.75,2504261
2014-10-31,2087828,2504261,1484268,1714329,54.85,2087828
2014-11-03,4559916,2087828,2504261,1484268,39.49,4559916
2014-11-04,5765189,4559916,2087828,2504261,39.84,5765189
2014-11-05,2341387,5765189,4559916,2087828,39.98,2341387
2014-11-06,2968264,2341387,5765189,4559916,40.26,2968264
2014-11-07,2458734,2968264,2341387,5765189,40.86,2458734
2014-11-10,2583931,2458734,2968264,2341387,40.88,2583931
2014-11-11,2163823,2583931,2458734,2968264,41.34,2163823
2014-11-12,2504261,2163823,2583931,2458734,41.02,2504261
2014-11-13,1805461,2504261,2163823,2583931,41.26,1805461
2014-11-14,1331282,1805461,2504261,2163823,41.29,1331282
2014-11-17,2697164,1331282,1805461,2504261,41.21,2697164
2014-11-18,5891377,2697164,1331282,1805461,40.05,5891377
2014-11-19,4012147,5891377,2697164,1331282,40.7,4012147
2014-11-20,2303826,4012147,5891377,2697164,40.56,2303826
2014-11-21,5306170,2303826,4012147,5891377,41.7,5306170
2014-11-24,2122424,5306170,2303826,4012147,41.99,2122424
2014-11-25,2713879,2122424,5306170,2303826,42.31,2713879
2014-11-26,1752695,2713879,2122424,5306170,42.53,1752695
2014-11-28,1091780,1752695,2713879,2122424,42.59,1091780
2014-12-01,4411159,1091780,1752695,2713879,41.58,4411159
2014-12-02,2014436,4411159,1091780,1752695,41.55,2014436
2014-12-03,2250275,2014436,4411159,1091780,41.82,2250275
2014-12-04,1346823,2250275,2014436,4411159,42.02,1346823
2014-12-05,1019549,1346823,2250275,2014436,42.08,1019549
2014-12-08,1425753,1019549,1346823,2250275,41.415,1425753
2014-12-09,1803210,1425753,1019549,1346823,40.98,1803210
2014-12-10,2654911,1803210,1425753,1019549,40.31,2654911
2014-12-11,1640864,2654911,1803210,1425753,40.49,1640864
2014-12-12,2335765,1640864,2654911,1803210,39.71,2335765
2014-12-15,4510349,2335765,1640864,2654911,38.65,4510349
2014-12-16,3849394,4510349,2335765,1640864,38.1,3849394
2014-12-17,3508188,3849394,4510349,2335765,38.09,3508188
2014-12-18,3104066,3508188,3849394,4510349,40.11,3104066
2014-12-19,3736336,3104066,3508188,3849394,40.86,3736336
2014-12-22,1590221,3736336,3104066,3508188,41.38,1590221
2014-12-23,1872341,1590221,3736336,3104066,41.36,1872341
2014-12-24,1426901,1872341,1590221,3736336,40.96,1426901
2014-12-26,588034,1426901,1872341,1590221,41.29,588034
2014-12-29,976423,588034,1426901,1872341,41.312,976423
2014-12-30,1323452,976423,588034,1426901,41.14,1323452
2014-12-31,1423993,1323452,976423,588034,40.9,1423993
2015-01-02,1530798,1423993,1323452,976423,40.37,1530798
2015-01-05,2042240,1530798,1423993,1323452,39.7,2042240
2015-01-06,2084562,2042240,1530798,1423993,39.02,2084562
2015-01-07,3359660,2084562,2042240,1530798,39.29,3359660
2015-01-08,2116341,3359660,2084562,2042240,40.18,2116341
2015-01-09,1644939,2116341,3359660,2084562,40.29,1644939
2015-01-12,2771191,1644939,2116341,3359660,39.95,2771191
2015-01-13,2013474,2771191,1644939,2116341,39.33,2013474
2015-01-14,5134006,2013474,2771191,1644939,38.21,5134006
2015-01-15,2630296,5134006,2013474,2771191,37.99,2630296
2015-01-16,3003980,2630296,5134006,2013474,37.76,3003980
2015-01-20,5033605,3003980,2630296,5134006,37.76,5033605
2015-01-21,2721609,5033605,3003980,2630296,37.68,2721609
2015-01-22,4856573,2721609,5033605,3003980,38.12,4856573
2015-01-23,1519250,4856573,2721609,5033605,38.76,1519250
2015-01-26,1511214,1519250,4856573,2721609,38.47,1511214
2015-01-27,1703508,1511214,1519250,4856573,38.58,1703508
2015-01-28,2033523,1703508,1511214,1519250,37.96,2033523
2015-01-29,2329983,2033523,1703508,1511214,37.69,2329983
2015-01-30,3054313,2329983,2033523,1703508,37.71,3054313
2015-02-02,2508493,3054313,2329983,2033523,37.71,2508493
2015-02-03,2950375,2508493,3054313,2329983,38.92,2950375
2015-02-04,2567439,2950375,2508493,3054313,38.82,2567439
2015-02-05,1826367,2567439,2950375,2508493,39.22,1826367
2015-02-06,2697212,1826367,2567439,2950375,39.225,2697212
2015-02-09,3586102,2697212,1826367,2567439,38.95,3586102
2015-02-10,1408747,3586102,2697212,1826367,38.78,1408747
2015-02-11,3337005,1408747,3586102,2697212,39.2326,3337005
2015-02-12,1317705,3337005,1408747,3586102,39.53,1317705
2015-02-13,2211931,1317705,3337005,1408747,39.91,2211931
2015-02-17,2875788,2211931,1317705,3337005,39.76,2875788
2015-02-18,9007218,2875788,2211931,1317705,40.91,9007218
2015-02-19,3737331,9007218,2875788,2211931,41.04,3737331
2015-02-20,2971880,3737331,9007218,2875788,40.88,2971880
2015-02-23,1967913,2971880,3737331,9007218,41.49,1967913
2015-02-24,1922102,1967913,2971880,3737331,41.6,1922102
2015-02-25,2343479,1922102,1967913,2971880,42.09,2343479
2015-02-26,1505418,2343479,1922102,1967913,42.0,1505418
2015-02-27,1676351,1505418,2343479,1922102,42.045,1676351
2015-03-02,1847082,1676351,1505418,2343479,42.34,1847082
2015-03-03,1635437,1847082,1676351,1505418,42.14,1635437
2015-03-04,1305992,1635437,1847082,1676351,41.73,1305992
2015-03-05,1376468,1305992,1635437,1847082,41.84,1376468
2015-03-06,1528564,1376468,1305992,1635437,41.49,1528564
2015-03-09,1492378,1528564,1376468,1305992,41.435,1492378
2015-03-10,1961299,1492378,1528564,1376468,40.63,1961299
2015-03-11,2064355,1961299,1492378,1528564,40.67,2064355
2015-03-12,2719895,2064355,1961299,1492378,40.97,2719895
2015-03-13,4704560,2719895,2064355,1961299,40.515,4704560
2015-03-16,2551437,4704560,2719895,2064355,41.11,2551437
2015-03-17,1504881,2551437,4704560,2719895,41.06,1504881
2015-03-18,1295556,1504881,2551437,4704560,41.17,1295556
2015-03-19,1085684,1295556,1504881,2551437,41.82,1085684
2015-03-20,2315472,1085684,1295556,1504881,42.2,2315472
2015-03-23,1835393,2315472,1085684,1295556,42.0,1835393
2015-03-24,3625952,1835393,2315472,1085684,41.01,3625952
2015-03-25,2776181,3625952,1835393,2315472,40.79,2776181
2015-03-26,1573740,2776181,3625952,1835393,40.3703,1573740
2015-03-27,1932749,1573740,2776181,3625952,40.58,1932749
2015-03-30,2064181,1932749,1573740,2776181,41.32,2064181
2015-03-31,1659179,2064181,1932749,1573740,41.102,1659179
2015-04-01,2170331,1659179,2064181,1932749,40.72,2170331
2015-04-02,2135918,2170331,1659179,2064181,41.33,2135918
2015-04-06,2379808,2135918,2170331,1659179,41.51,2379808
2015-04-07,3072418,2379808,2135918,2170331,41.87,3072418
2015-04-08,2443178,3072418,2379808,2135918,42.025,2443178
2015-04-09,1332519,2443178,3072418,2379808,42.07,1332519
2015-04-10,3370597,1332519,2443178,3072418,42.57,3370597
2015-04-13,3708641,3370597,1332519,2443178,42.99,3708641
2015-04-14,1777705,3708641,3370597,1332519,42.58,1777705
2015-04-15,1445622,1777705,3708641,3370597,43.18,1445622
2015-04-16,1070232,1445622,1777705,3708641,43.06,1070232
2015-04-17,2333369,1070232,1445622,1777705,42.6,2333369
2015-04-20,1410574,2333369,1070232,1445622,43.15,1410574
2015-04-21,1719710,1410574,2333369,1070232,42.87,1719710
2015-04-22,2726140,1719710,1410574,2333369,42.37,2726140
2015-04-23,3973179,2726140,1719710,1410574,42.24,3973179
2015-04-24,2200155,3973179,2726140,1719710,42.42,2200155
2015-04-27,2298298,2200155,3973179,2726140,41.965,2298298
2015-04-28,1803453,2298298,2200155,3973179,41.57,1803453
2015-04-29,2160963,1803453,2298298,2200155,41.44,2160963
2015-04-30,1726312,2160963,1803453,2298298,41.11,1726312
2015-05-01,1880177,1726312,2160963,1803453,41.24,1880177
2015-05-04,1073820,1880177,1726312,2160963,41.7,1073820
2015-05-05,1254801,1073820,1880177,1726312,41.455,1254801
2015-05-06,934611,1254801,1073820,1880177,41.36,934611
2015-05-07,999682,934611,1254801,1073820,41.31,999682
2015-05-08,1034717,999682,934611,1254801,42.21,1034717
2015-05-11,975490,1034717,999682,934611,42.39,975490
2015-05-12,2617833,975490,1034717,999682,41.5,2617833
2015-05-13,1992774,2617833,975490,1034717,41.71,1992774
2015-05-14,2883667,1992774,2617833,975490,41.87,2883667
2015-05-15,2147413,2883667,1992774,2617833,41.99,2147413
2015-05-18,1966147,2147413,2883667,1992774,41.98,1966147
2015-05-19,5277345,1966147,2147413,2883667,41.5,5277345
2015-05-20,2652326,5277345,1966147,2147413,42.43,2652326
2015-05-21,2126257,2652326,5277345,1966147,42.2,2126257
2015-05-22,1484752,2126257,2652326,5277345,42.07,1484752
2015-05-26,1919645,1484752,2126257,2652326,41.985,1919645
2015-05-27,2507443,1919645,1484752,2126257,42.1,2507443
2015-05-28,3347403,2507443,1919645,1484752,41.35,3347403
2015-05-29,5022554,3347403,2507443,1919645,40.82,5022554
2015-06-01,2440065,5022554,3347403,2507443,40.85,2440065
2015-06-02,2947454,2440065,5022554,3347403,40.67,2947454
2015-06-03,2722286,2947454,2440065,5022554,40.94,2722286
2015-06-04,4091870,2722286,2947454,2440065,40.01,4091870
2015-06-05,1760467,4091870,2722286,2947454,40.2,1760467
2015-06-08,1353411,1760467,4091870,2722286,39.91,1353411
2015-06-09,1439015,1353411,1760467,4091870,39.8303,1439015
2015-06-10,1789330,1439015,1353411,1760467,40.27,1789330
2015-06-11,1576987,1789330,1439015,1353411,40.29,1576987
2015-06-12,2769551,1576987,1789330,1439015,39.735,2769551
2015-06-15,2361878,2769551,1576987,1789330,39.25,2361878
2015-06-16,1422563,2361878,2769551,1576987,39.38,1422563
2015-06-17,1519421,1422563,2361878,2769551,39.32,1519421
2015-06-18,1865267,1519421,1422563,2361878,39.72,1865267
2015-06-19,2658779,1865267,1519421,1422563,39.49,2658779
2015-06-22,3909250,2658779,1865267,1519421,39.73,3909250
2015-06-23,2053553,3909250,2658779,1865267,39.42,2053553
2015-06-24,6127695,2053553,3909250,2658779,39.025,6127695
2015-06-25,5265822,6127695,2053553,3909250,39.38,5265822
2015-06-26,3350458,5265822,6127695,2053553,39.775,3350458
2015-06-29,2516360,3350458,5265822,6127695,38.74,2516360
2015-06-30,3037436,2516360,3350458,5265822,38.48,3037436
2015-07-01,4486572,3037436,2516360,3350458,38.75,4486572
2015-07-02,2160799,4486572,3037436,2516360,39.15,2160799
2015-07-06,2509428,2160799,4486572,3037436,39.08,2509428
2015-07-07,2927761,2509428,2160799,4486572,39.1359,2927761
2015-07-08,3390976,2927761,2509428,2160799,38.71,3390976
2015-07-09,2237945,3390976,2927761,2509428,38.91,2237945
2015-07-10,2107093,2237945,3390976,2927761,39.155,2107093
2015-07-13,1579730,2107093,2237945,3390976,39.54,1579730
2015-07-14,2801301,1579730,2107093,2237945,39.89,2801301
2015-07-15,2247745,2801301,1579730,2107093,40.02,2247745
2015-07-16,1826485,2247745,2801301,1579730,40.12,1826485
2015-07-17,2412373,1826485,2247745,2801301,39.84,2412373
2015-07-20,1155252,2412373,1826485,2247745,39.95,1155252
2015-07-21,1160904,1155252,2412373,1826485,39.54,1160904
2015-07-22,2949376,1160904,1155252,2412373,39.29,2949376
2015-07-23,1708801,2949376,1160904,1155252,40.01,1708801
2015-07-24,1844946,1708801,2949376,1160904,39.22,1844946
2015-07-27,5261424,1844946,1708801,2949376,38.61,5261424
2015-07-28,2768225,5261424,1844946,1708801,39.5,2768225
2015-07-29,2014066,2768225,5261424,1844946,40.24,2014066
2015-07-30,2440415,2014066,2768225,5261424,40.07,2440415
2015-07-31,2247715,2440415,2014066,2768225,40.78,2247715
2015-08-03,2104591,2247715,2440415,2014066,40.58,2104591
2015-08-04,1448062,2104591,2247715,2440415,40.55,1448062
2015-08-05,949479,1448062,2104591,2247715,40.69,949479
2015-08-06,1932226,949479,1448062,2104591,39.91,1932226
2015-08-07,1513076,1932226,949479,1448062,39.63,1513076
2015-08-10,1554542,1513076,1932226,949479,40.16,1554542
2015-08-11,1575708,1554542,1513076,1932226,39.3,1575708
2015-08-12,3440282,1575708,1554542,1513076,38.27,3440282
2015-08-13,2848895,3440282,1575708,1554542,38.46,2848895
2015-08-14,2632739,2848895,3440282,1575708,38.32,2632739
2015-08-17,3302058,2632739,2848895,3440282,38.12,3302058
2015-08-18,6416891,3302058,2632739,2848895,39.0,6416891
2015-08-19,2730429,6416891,3302058,2632739,38.3,2730429
2015-08-20,2145028,2730429,6416891,3302058,37.5,2145028
2015-08-21,3828206,2145028,2730429,6416891,36.175,3828206
2015-08-24,4114990,3828206,2145028,2730429,33.57,4114990
2015-08-25,3802732,4114990,3828206,2145028,34.3,3802732
2015-08-26,3233814,3802732,4114990,3828206,34.47,3233814
2015-08-27,2406297,3233814,3802732,4114990,35.89,2406297
2015-08-28,1783861,2406297,3233814,3802732,36.15,1783861
2015-08-31,2554666,1783861,2406297,3233814,35.95,2554666
2015-09-01,2954093,2554666,1783861,2406297,34.57,2954093
2015-09-02,2119191,2954093,2554666,1783861,34.88,2119191
2015-09-03,2140822,2119191,2954093,2554666,35.525,2140822
2015-09-04,2819027,2140822,2119191,2954093,34.9,2819027
2015-09-08,1787408,2819027,2140822,2119191,35.51,1787408
2015-09-09,1885293,1787408,2819027,2140822,35.44,1885293
2015-09-10,1628726,1885293,1787408,2819027,35.44,1628726
2015-09-11,1443721,1628726,1885293,1787408,35.44,1443721
2015-09-14,2223319,1443721,1628726,1885293,35.32,2223319
2015-09-15,1752721,2223319,1443721,1628726,35.51,1752721
2015-09-16,2130117,1752721,2223319,1443721,36.06,2130117
2015-09-17,1819067,2130117,1752721,2223319,36.29,1819067
2015-09-18,3352296,1819067,2130117,1752721,35.585,3352296
2015-09-21,2640363,3352296,1819067,2130117,35.41,2640363
2015-09-22,2283337,2640363,3352296,1819067,34.94,2283337
2015-09-23,1962552,2283337,2640363,3352296,34.81,1962552
2015-09-24,2028940,1962552,2283337,2640363,34.15,2028940
2015-09-25,2730672,2028940,1962552,2283337,34.1,2730672
2015-09-28,2615440,2730672,2028940,1962552,33.32,2615440
2015-09-29,2252364,2615440,2730672,2028940,33.245,2252364
2015-09-30,2545749,2252364,2615440,2730672,33.67,2545749
2015-10-01,3011460,2545749,2252364,2615440,33.48,3011460
2015-10-02,3519448,3011460,2545749,2252364,33.115,3519448
2015-10-05,1675429,3519448,3011460,2545749,34.84,1675429
2015-10-06,1833679,1675429,3519448,3011460,34.53,1833679
2015-10-07,3089575,1833679,1675429,3519448,35.1,3089575
2015-10-08,2598314,3089575,1833679,1675429,35.34,2598314
2015-10-09,3232938,2598314,3089575,1833679,35.88,3232938
2015-10-12,1349866,3232938,2598314,3089575,35.86,1349866
2015-10-13,2383212,1349866,3232938,2598314,35.53,2383212
2015-10-14,1647407,2383212,1349866,3232938,34.97,1647407
2015-10-15,1432995,1647407,2383212,1349866,34.79,1432995
2015-10-16,1754319,1432995,1647407,2383212,35.37,1754319
2015-10-19,3685845,1754319,1432995,1647407,35.59,3685845
2015-10-20,2635777,3685845,1754319,1432995,36.03,2635777
2015-10-21,2886412,2635777,3685845,1754319,35.8,2886412
2015-10-22,3696278,2886412,2635777,3685845,36.0,3696278
2015-10-23,2732645,3696278,2886412,2635777,36.18,2732645
2015-10-26,1948411,2732645,3696278,2886412,36.686,1948411
2015-10-27,2557172,1948411,2732645,3696278,36.465,2557172
2015-10-28,1780126,2557172,1948411,2732645,36.77,1780126
2015-10-29,1352267,1780126,2557172,1948411,37.28,1352267
2015-10-30,2194619,1352267,1780126,2557172,37.68,2194619
2015-11-02,1810869,2194619,1352267,1780126,37.8,1810869
2015-11-03,1485779,1810869,2194619,1352267,38.16,1485779
2015-11-04,1569620,1485779,1810869,2194619,38.0,1569620
2015-11-05,1419963,1569620,1485779,1810869,37.93,1419963
2015-11-06,1964478,1419963,1569620,1485779,37.98,1964478
2015-11-09,3109588,1964478,1419963,1569620,37.48,3109588
2015-11-10,4339800,3109588,1964478,1419963,37.69,4339800
2015-11-11,1969168,4339800,3109588,1964478,37.65,1969168
2015-11-12,3096336,1969168,4339800,3109588,37.24,3096336
2015-11-13,3335092,3096336,1969168,4339800,36.63,3335092
2015-11-16,2490208,3335092,3096336,1969168,36.6,2490208
2015-11-17,7679493,2490208,3335092,3096336,36.5,7679493
2015-11-18,6589609,7679493,2490208,3335092,38.36,6589609
2015-11-19,7275136,6589609,7679493,2490208,38.31,7275136
2015-11-20,5447723,7275136,6589609,7679493,38.52,5447723
2015-11-23,6474141,5447723,7275136,6589609,39.14,6474141
2015-11-24,5669066,6474141,5447723,7275136,39.73,5669066
2015-11-25,3797067,5669066,6474141,5447723,40.47,3797067
2015-11-27,1935738,3797067,5669066,6474141,41.16,1935738
2015-11-30,3208114,1935738,3797067,5669066,41.61,3208114
2015-12-01,7989220,3208114,1935738,3797067,41.04,7989220
2015-12-02,4713210,7989220,3208114,1935738,40.37,4713210
2015-12-03,3314529,4713210,7989220,3208114,39.95,3314529
2015-12-04,2519309,3314529,4713210,7989220,40.13,2519309
2015-12-07,2004492,2519309,3314529,4713210,40.54,2004492
2015-12-08,4331832,2004492,2519309,3314529,40.42,4331832
2015-12-09,4133291,4331832,2004492,2519309,40.9125,4133291
2015-12-10,3709240,4133291,4331832,2004492,40.65,3709240
2015-12-11,2634362,3709240,4133291,4331832,40.055,2634362
2015-12-14,2310538,2634362,3709240,4133291,39.9,2310538
2015-12-15,2195375,2310538,2634362,3709240,40.56,2195375
2015-12-16,2582642,2195375,2310538,2634362,40.67,2582642
2015-12-17,2218837,2582642,2195375,2310538,40.77,2218837
2015-12-18,3364796,2218837,2582642,2195375,40.08,3364796
2015-12-21,1735159,3364796,2218837,2582642,40.44,1735159
2015-12-22,1643172,1735159,3364796,2218837,40.715,1643172
2015-12-23,1510716,1643172,1735159,3364796,41.39,1510716
2015-12-24,874549,1510716,1643172,1735159,41.67,874549
2015-12-28,1458242,874549,1510716,1643172,41.52,1458242
2015-12-29,1757360,1458242,874549,1510716,41.9201,1757360
2015-12-30,834358,1757360,1458242,874549,42.01,834358
2015-12-31,1450968,834358,1757360,1458242,41.715,1450968
2016-01-04,3287335,1450968,834358,1757360,40.34,3287335
2016-01-05,2587246,3287335,1450968,834358,40.34,2587246
2016-01-06,2103619,2587246,3287335,1450968,40.05,2103619
2016-01-07,3504314,2103619,2587246,3287335,38.81,3504314
2016-01-08,3736768,3504314,2103619,2587246,38.465,3736768
2016-01-11,2818611,3736768,3504314,2103619,37.41,2818611
2016-01-12,1989379,2818611,3736768,3504314,37.6462,1989379
2016-01-13,4206638,1989379,2818611,3736768,36.715,4206638
2016-01-14,2893372,4206638,1989379,2818611,36.55,2893372
2016-01-15,2994386,2893372,4206638,1989379,36.55,2994386
2016-01-19,2506559,2994386,2893372,4206638,36.79,2506559
2016-01-20,2469088,2506559,2994386,2893372,36.13,2469088
2016-01-21,2298372,2469088,2506559,2994386,36.81,2298372
2016-01-22,1834467,2298372,2469088,2506559,37.58,1834467
2016-01-25,1831240,1834467,2298372,2469088,37.4,1831240
2016-01-26,1755032,1831240,1834467,2298372,37.36,1755032
2016-01-27,1479446,1755032,1831240,1834467,36.81,1479446
2016-01-28,3479452,1479446,1755032,1831240,36.01,3479452
2016-01-29,2959863,3479452,1479446,1755032,36.31,2959863
2016-02-01,2666567,2959863,3479452,1479446,37.0,2666567
2016-02-02,1742325,2666567,2959863,3479452,36.95,1742325
2016-02-03,2128426,1742325,2666567,2959863,36.29,2128426
2016-02-04,2833492,2128426,1742325,2666567,36.97,2833492
2016-02-05,4424609,2833492,2128426,1742325,35.83,4424609
2016-02-08,3888601,4424609,2833492,2128426,34.39,3888601
2016-02-09,3464464,3888601,4424609,2833492,34.15,3464464
2016-02-10,3169951,3464464,3888601,4424609,35.53,3169951
2016-02-11,3224004,3169951,3464464,3888601,34.935,3224004
2016-02-12,3923627,3224004,3169951,3464464,35.52,3923627
2016-02-16,2903649,3923627,3224004,3169951,36.4,2903649
2016-02-17,5382312,2903649,3923627,3224004,34.75,5382312
2016-02-18,2231481,5382312,2903649,3923627,37.09,2231481
2016-02-19,2339426,2231481,5382312,2903649,36.85,2339426
2016-02-22,1792962,2339426,2231481,5382312,37.78,1792962
2016-02-23,1282290,1792962,2339426,2231481,36.95,1282290
2016-02-24,1454952,1282290,1792962,2339426,36.47,1454952
2016-02-25,1453515,1454952,1282290,1792962,36.96,1453515
2016-02-26,944266,1453515,1454952,1282290,37.44,944266
2016-02-29,2187500,944266,1453515,1454952,37.33,2187500
2016-03-01,2760200,2187500,944266,1453515,37.61,2760200
2016-03-02,3612508,2760200,2187500,944266,38.41,3612508
2016-03-03,946823,3612508,2760200,2187500,38.74,946823
2016-03-04,1124968,946823,3612508,2760200,39.03,1124968
2016-03-07,1221574,1124968,946823,3612508,38.96,1221574
2016-03-08,1801486,1221574,1124968,946823,38.01,1801486
2016-03-09,1614633,1801486,1221574,1124968,37.96,1614633
2016-03-10,1614998,1614633,1801486,1221574,37.62,1614998
2016-03-11,1517348,1614998,1614633,1801486,38.32,1517348
2016-03-14,929638,1517348,1614998,1614633,38.41,929638
2016-03-15,1059439,929638,1517348,1614998,38.08,1059439
2016-03-16,1956125,1059439,929638,1517348,38.02,1956125
2016-03-17,1895669,1956125,1059439,929638,38.59,1895669
2016-03-18,2504361,1895669,1956125,1059439,39.27,2504361
2016-03-21,2172615,2504361,1895669,1956125,39.64,2172615
2016-03-22,1552312,2172615,2504361,1895669,39.445,1552312
2016-03-23,1554822,1552312,2172615,2504361,39.37,1554822
2016-03-24,993627,1554822,1552312,2172615,38.89,993627
2016-03-28,1272724,993627,1554822,1552312,39.14,1272724
2016-03-29,1091198,1272724,993627,1554822,39.11,1091198
2016-03-30,783495,1091198,1272724,993627,39.89,783495
2016-03-31,3143468,783495,1091198,1272724,39.66,3143468
2016-04-01,2857844,3143468,783495,1091198,39.5,2857844
2016-04-04,2958061,2857844,3143468,783495,39.8,2958061
2016-04-05,1900659,2958061,2857844,3143468,39.19,1900659
2016-04-06,1566612,1900659,2958061,2857844,39.17,1566612
2016-04-07,1373839,1566612,1900659,2958061,39.25,1373839
2016-04-08,1106293,1373839,1566612,1900659,39.4,1106293
2016-04-11,1049336,1106293,1373839,1566612,39.35,1049336
2016-04-12,992495,1049336,1106293,1373839,39.34,992495
2016-04-13,2495340,992495,1049336,1106293,39.5,2495340
2016-04-14,1347753,2495340,992495,1049336,40.53,1347753
2016-04-15,1442264,1347753,2495340,992495,40.625,1442264
2016-04-18,1536678,1442264,1347753,2495340,40.61,1536678
2016-04-19,1640774,1536678,1442264,1347753,41.13,1640774
2016-04-20,1243893,1640774,1536678,1442264,41.3,1243893
2016-04-21,1670389,1243893,1640774,1536678,41.42,1670389
2016-04-22,1396272,1670389,1243893,1640774,41.55,1396272
2016-04-25,1500449,1396272,1670389,1243893,41.53,1500449
2016-04-26,1868970,1500449,1396272,1670389,41.26,1868970
2016-04-27,1189462,1868970,1500449,1396272,41.04,1189462
2016-04-28,1549792,1189462,1868970,1500449,41.06,1549792
2016-04-29,2028332,1549792,1189462,1868970,40.26,2028332
2016-05-02,1285318,2028332,1549792,1189462,41.13,1285318
2016-05-03,1333991,1285318,2028332,1549792,40.91,1333991
2016-05-04,1602991,1333991,1285318,2028332,40.39,1602991
2016-05-05,1083956,1602991,1333991,1285318,40.51,1083956
2016-05-06,1403483,1083956,1602991,1333991,40.72,1403483
2016-05-09,1741539,1403483,1083956,1602991,41.29,1741539
2016-05-10,2094305,1741539,1403483,1083956,41.35,2094305
2016-05-11,3328961,2094305,1741539,1403483,42.12,3328961
2016-05-12,2504924,3328961,2094305,1741539,42.42,2504924
2016-05-13,2430565,2504924,3328961,2094305,42.39,2430565
2016-05-16,3979321,2430565,2504924,3328961,42.5,3979321
2016-05-17,7130371,3979321,2430565,2504924,43.63,7130371
2016-05-18,3476470,7130371,3979321,2430565,43.99,3476470
2016-05-19,3660160,3476470,7130371,3979321,43.975,3660160
2016-05-20,2567686,3660160,3476470,7130371,44.69,2567686
2016-05-23,1689755,2567686,3660160,3476470,44.53,1689755
2016-05-24,3236305,1689755,2567686,3660160,44.7,3236305
2016-05-25,2352424,3236305,1689755,2567686,45.12,2352424
2016-05-26,2569626,2352424,3236305,1689755,45.2,2569626
2016-05-27,1823120,2569626,2352424,3236305,45.37,1823120
2016-05-31,2256373,1823120,2569626,2352424,45.575,2256373
2016-06-01,1734386,2256373,1823120,2569626,45.45,1734386
2016-06-02,2209387,1734386,2256373,1823120,45.82,2209387
2016-06-03,2395816,2209387,1734386,2256373,45.19,2395816
2016-06-06,2359193,2395816,2209387,1734386,45.72,2359193
2016-06-07,1500872,2359193,2395816,2209387,45.6099,1500872
2016-06-08,1552146,1500872,2359193,2395816,45.71,1552146
2016-06-09,1204415,1552146,1500872,2359193,45.88,1204415
2016-06-10,1261698,1204415,1552146,1500872,45.19,1261698
2016-06-13,1272833,1261698,1204415,1552146,44.905,1272833
2016-06-14,1624087,1272833,1261698,1204415,44.56,1624087
2016-06-15,2029194,1624087,1272833,1261698,44.9,2029194
2016-06-16,1784741,2029194,1624087,1272833,44.585,1784741
2016-06-17,3434813,1784741,2029194,1624087,44.87,3434813
2016-06-20,3161329,3434813,1784741,2029194,45.57,3161329
2016-06-21,2112964,3161329,3434813,1784741,45.76,2112964
2016-06-22,2412064,2112964,3161329,3434813,45.945,2412064
2016-06-23,1487938,2412064,2112964,3161329,46.39,1487938
2016-06-24,5263644,1487938,2412064,2112964,43.92,5263644
2016-06-27,4328364,5263644,1487938,2412064,41.98,4328364
2016-06-28,4300845,4328364,5263644,1487938,42.155,4300845
2016-06-29,2402578,4300845,4328364,5263644,43.19,2402578
2016-06-30,2181066,2402578,4300845,4328364,43.59,2181066
2016-07-01,1591476,2181066,2402578,4300845,44.31,1591476
2016-07-05,1813468,1591476,2181066,2402578,43.63,1813468
2016-07-06,2312133,1813468,1591476,2181066,43.36,2312133
2016-07-07,1861536,2312133,1813468,1591476,44.18,1861536
2016-07-08,1838137,1861536,2312133,1813468,44.86,1838137
2016-07-11,1094683,1838137,1861536,2312133,45.35,1094683
2016-07-12,2237748,1094683,1838137,1861536,45.64,2237748
2016-07-13,1852475,2237748,1094683,1838137,46.325,1852475
2016-07-14,1192500,1852475,2237748,1094683,46.69,1192500
2016-07-15,1202638,1192500,1852475,2237748,46.55,1202638
2016-07-18,1362884,1202638,1192500,1852475,46.341,1362884
2016-07-19,2583860,1362884,1202638,1192500,46.49,2583860
2016-07-20,2124914,2583860,1362884,1202638,46.82,2124914
2016-07-21,1226365,2124914,2583860,1362884,46.465,1226365
2016-07-22,1512440,1226365,2124914,2583860,46.42,1512440
2016-07-25,1720649,1512440,1226365,2124914,45.92,1720649
2016-07-26,1792674,1720649,1512440,1226365,45.79,1792674
2016-07-27,1572573,1792674,1720649,1512440,46.73,1572573
2016-07-28,1945517,1572573,1792674,1720649,47.02,1945517
2016-07-29,1881372,1945517,1572573,1792674,47.36,1881372
2016-08-01,1604639,1881372,1945517,1572573,47.62,1604639
2016-08-02,1595948,1604639,1881372,1945517,46.97,1595948
2016-08-03,1508868,1595948,1604639,1881372,46.9,1508868
2016-08-04,1700182,1508868,1595948,1604639,46.74,1700182
2016-08-05,1250805,1700182,1508868,1595948,47.1,1250805
2016-08-08,1311724,1250805,1700182,1508868,47.14,1311724
2016-08-09,1006170,1311724,1250805,1700182,47.11,1006170
2016-08-10,754137,1006170,1311724,1250805,47.21,754137
2016-08-11,1377024,754137,1006170,1311724,47.47,1377024
2016-08-12,1538976,1377024,754137,1006170,47.7,1538976
2016-08-15,2323589,1538976,1377024,754137,48.12,2323589
2016-08-16,3175994,2323589,1538976,1377024,48.117,3175994
2016-08-17,3154934,3175994,2323589,1538976,48.08,3154934
2016-08-18,4660295,3154934,3175994,2323589,46.09,4660295
2016-08-19,3340438,4660295,3154934,3175994,46.57,3340438
2016-08-22,1626833,3340438,4660295,3154934,47.38,1626833
2016-08-23,1645348,1626833,3340438,4660295,47.68,1645348
2016-08-24,2634707,1645348,1626833,3340438,46.63,2634707
2016-08-25,2160074,2634707,1645348,1626833,46.61,2160074
2016-08-26,1581245,2160074,2634707,1645348,47.07,1581245
2016-08-29,1332975,1581245,2160074,2634707,47.31,1332975
2016-08-30,2231203,1332975,1581245,2160074,47.08,2231203
2016-08-31,1676587,2231203,1332975,1581245,46.8075,1676587
2016-09-01,1257886,1676587,2231203,1332975,46.8075,1257886
2016-09-02,1424454,1257886,1676587,2231203,46.89,1424454
2016-09-06,1460928,1424454,1257886,1676587,46.72,1460928
2016-09-07,1542576,1460928,1424454,1257886,46.86,1542576
2016-09-08,884738,1542576,1460928,1424454,46.94,884738
2016-09-09,2507018,884738,1542576,1460928,44.87,2507018
2016-09-12,1835434,2507018,884738,1542576,44.47,1835434
2016-09-13,3461832,1835434,2507018,884738,44.61,3461832
2016-09-14,1604806,3461832,1835434,2507018,44.6,1604806
2016-09-15,1733971,1604806,3461832,1835434,44.81,1733971
2016-09-16,2592850,1733971,1604806,3461832,44.74,2592850
2016-09-19,1927900,2592850,1733971,1604806,44.86,1927900
2016-09-20,2333122,1927900,2592850,1733971,45.15,2333122
2016-09-21,1612736,2333122,1927900,2592850,45.41,1612736
2016-09-22,1307074,1612736,2333122,1927900,46.29,1307074
2016-09-23,1957032,1307074,1612736,2333122,46.31,1957032
2016-09-26,2639060,1957032,1307074,1612736,46.16,2639060
2016-09-27,1587143,2639060,1957032,1307074,46.23,1587143
2016-09-28,1502533,1587143,2639060,1957032,46.52,1502533
2016-09-29,1938218,1502533,1587143,2639060,46.14,1938218
2016-09-30,1754316,1938218,1502533,1587143,46.3,1754316
2016-10-03,1539625,1754316,1938218,1502533,46.82,1539625
2016-10-04,1763985,1539625,1754316,1938218,46.67,1763985
2016-10-05,1432268,1763985,1539625,1754316,46.9275,1432268
2016-10-06,1772801,1432268,1763985,1539625,46.88,1772801
2016-10-07,1663127,1772801,1432268,1763985,46.99,1663127
2016-10-10,1544958,1663127,1772801,1432268,47.55,1544958
2016-10-11,2912537,1544958,1663127,1772801,45.42,2912537
2016-10-12,1736076,2912537,1544958,1663127,45.42,1736076
2016-10-13,1336023,1736076,2912537,1544958,44.755,1336023
2016-10-14,997137,1336023,1736076,2912537,45.08,997137
2016-10-17,1160321,997137,1336023,1736076,44.9999,1160321
2016-10-18,1949108,1160321,997137,1336023,45.27,1949108
2016-10-19,1769090,1949108,1160321,997137,45.34,1769090
2016-10-20,1493608,1769090,1949108,1160321,45.65,1493608
2016-10-21,1011340,1493608,1769090,1949108,45.29,1011340
2016-10-24,1666388,1011340,1493608,1769090,45.64,1666388
2016-10-25,3949609,1666388,1011340,1493608,43.17,3949609
2016-10-26,2146178,3949609,1666388,1011340,43.24,2146178
2016-10-27,2393625,2146178,3949609,1666388,43.35,2393625
2016-10-28,1471348,2393625,2146178,3949609,43.11,1471348
2016-10-31,1556762,1471348,2393625,2146178,43.18,1556762
2016-11-01,2133116,1556762,1471348,2393625,43.14,2133116
2016-11-02,2240428,2133116,1556762,1471348,43.24,2240428
2016-11-03,2510054,2240428,2133116,1556762,43.18,2510054
2016-11-04,2220908,2510054,2240428,2133116,43.69,2220908
2016-11-07,1723957,2220908,2510054,2240428,44.95,1723957
2016-11-08,2136740,1723957,2220908,2510054,45.32,2136740
2016-11-09,3501243,2136740,1723957,2220908,44.49,3501243
2016-11-10,2558722,3501243,2136740,1723957,46.34,2558722
2016-11-11,2219255,2558722,3501243,2136740,46.21,2219255
2016-11-14,3443200,2219255,2558722,3501243,45.18,3443200
2016-11-15,4710170,3443200,2219255,2558722,44.95,4710170
2016-11-16,4026754,4710170,3443200,2219255,46.15,4026754
2016-11-17,2070609,4026754,4710170,3443200,45.55,2070609
2016-11-18,3148538,2070609,4026754,4710170,45.01,3148538
2016-11-21,2540067,3148538,2070609,4026754,44.65,2540067
2016-11-22,2831226,2540067,3148538,2070609,43.77,2831226
2016-11-23,1926275,2831226,2540067,3148538,43.97,1926275
2016-11-25,877140,1926275,2831226,2540067,44.62,877140
2016-11-28,2241795,877140,1926275,2831226,43.58,2241795
2016-11-29,1952118,2241795,877140,1926275,43.52,1952118
2016-11-30,2238575,1952118,2241795,877140,43.94,2238575
2016-12-01,2823273,2238575,1952118,2241795,42.92,2823273
2016-12-02,2153515,2823273,2238575,1952118,43.27,2153515
2016-12-05,2495020,2153515,2823273,2238575,44.21,2495020
2016-12-06,1136658,2495020,2153515,2823273,44.2,1136658
2016-12-07,1815238,1136658,2495020,2153515,44.11,1815238
2016-12-08,1848936,1815238,1136658,2495020,44.77,1848936
2016-12-09,1937622,1848936,1815238,1136658,45.85,1937622
2016-12-12,1851517,1937622,1848936,1815238,46.11,1851517
2016-12-13,1734678,1851517,1937622,1848936,46.16,1734678
2016-12-14,2044052,1734678,1851517,1937622,46.0,2044052
2016-12-15,1338905,2044052,1734678,1851517,45.9201,1338905
2016-12-16,2103155,1338905,2044052,1734678,45.81,2103155
2016-12-19,1084164,2103155,1338905,2044052,45.36,1084164
2016-12-20,1552366,1084164,2103155,1338905,45.54,1552366
2016-12-21,1652288,1552366,1084164,2103155,45.86,1652288
2016-12-22,968296,1652288,1552366,1084164,45.8,968296
2016-12-23,727682,968296,1652288,1552366,45.93,727682
2016-12-27,1535489,727682,968296,1652288,46.32,1535489
2016-12-28,1177275,1535489,727682,968296,45.68,1177275
2016-12-29,891398,1177275,1535489,727682,45.57,891398
2016-12-30,1216100,891398,1177275,1535489,45.375,1216100
2017-01-03,1739726,1216100,891398,1177275,45.74,1739726
2017-01-04,1821264,1739726,1216100,891398,46.8162,1821264
2017-01-05,1503763,1821264,1739726,1216100,46.355,1503763
2017-01-06,2883483,1503763,1821264,1739726,46.56,2883483
2017-01-09,2575328,2883483,1503763,1821264,47.905,2575328
2017-01-10,1560549,2575328,2883483,1503763,47.82,1560549
2017-01-11,5624332,1560549,2575328,2883483,47.95,5624332
2017-01-12,3276952,5624332,1560549,2575328,47.98,3276952
2017-01-13,1568923,3276952,5624332,1560549,48.41,1568923
2017-01-17,1939449,1568923,3276952,5624332,48.175,1939449
2017-01-18,1523508,1939449,1568923,3276952,48.0,1523508
2017-01-19,1346142,1523508,1939449,1568923,47.51,1346142
2017-01-20,1701695,1346142,1523508,1939449,47.4139,1701695
2017-01-23,2013878,1701695,1346142,1523508,47.23,2013878
2017-01-24,2741915,2013878,1701695,1346142,47.05,2741915
2017-01-25,3073228,2741915,2013878,1701695,47.41,3073228
2017-01-26,1895562,3073228,2741915,2013878,47.915,1895562
2017-01-27,1527822,1895562,3073228,2741915,48.3,1527822
2017-01-30,2266487,1527822,1895562,3073228,47.385,2266487
2017-01-31,2552612,2266487,1527822,1895562,48.01,2552612
2017-02-01,2244604,2552612,2266487,1527822,48.68,2244604
2017-02-02,1352525,2244604,2552612,2266487,48.47,1352525
2017-02-03,1191855,1352525,2244604,2552612,49.06,1191855
2017-02-06,952095,1191855,1352525,2244604,48.96,952095
2017-02-07,2170720,952095,1191855,1352525,49.26,2170720
2017-02-08,2107079,2170720,952095,1191855,49.23,2107079
2017-02-09,2557747,2107079,2170720,952095,50.0,2557747
2017-02-10,2092479,2557747,2107079,2170720,50.02,2092479
2017-02-13,1568350,2092479,2557747,2107079,50.42,1568350
2017-02-14,3546878,1568350,2092479,2557747,50.09,3546878
2017-02-15,5724488,3546878,1568350,2092479,50.62,5724488
2017-02-16,2550439,5724488,3546878,1568350,50.56,2550439
2017-02-17,2195788,2550439,5724488,3546878,50.58,2195788
2017-02-21,2036993,2195788,2550439,5724488,51.17,2036993
2017-02-22,1632886,2036993,2195788,2550439,51.19,1632886
2017-02-23,1006867,1632886,2036993,2195788,51.2,1006867
2017-02-24,1612698,1006867,1632886,2036993,51.33,1612698
2017-02-27,1195138,1612698,1006867,1632886,51.46,1195138
2017-02-28,1417772,1195138,1612698,1006867,51.23,1417772
2017-03-01,2026600,1417772,1195138,1612698,51.62,2026600
2017-03-02,1706500,2026600,1417772,1195138,51.33,1706500
2017-03-03,1824423,1706500,2026600,1417772,51.15,1824423
2017-03-06,1884477,1824423,1706500,2026600,51.175,1884477
2017-03-07,2233561,1884477,1824423,1706500,50.86,2233561
2017-03-08,1517642,2233561,1884477,1824423,50.95,1517642
2017-03-09,1259407,1517642,2233561,1884477,51.13,1259407
2017-03-10,1860508,1259407,1517642,2233561,51.48,1860508
2017-03-13,1376191,1860508,1259407,1517642,51.99,1376191
2017-03-14,1203368,1376191,1860508,1259407,51.96,1203368
2017-03-15,4117983,1203368,1376191,1860508,53.02,4117983
2017-03-16,2676915,4117983,1203368,1376191,52.83,2676915
2017-03-17,1936902,2676915,4117983,1203368,52.92,1936902
2017-03-20,1221409,1936902,2676915,4117983,53.0,1221409
2017-03-21,1492698,1221409,1936902,2676915,52.48,1492698
2017-03-22,1257072,1492698,1221409,1936902,52.65,1257072
2017-03-23,1717929,1257072,1492698,1221409,52.72,1717929
2017-03-24,2015289,1717929,1257072,1492698,52.84,2015289
2017-03-27,1446568,2015289,1717929,1257072,52.42,1446568
2017-03-28,1312688,1446568,2015289,1717929,53.095,1312688
2017-03-29,1469882,1312688,1446568,2015289,52.78,1469882
2017-03-30,1627592,1469882,1312688,1446568,52.9,1627592
2017-03-31,1705625,1627592,1469882,1312688,52.81,1705625
2017-04-03,1550227,1705625,1627592,1469882,52.73,1550227
2017-04-04,2017094,1550227,1705625,1627592,52.48,2017094
2017-04-05,1778251,2017094,1550227,1705625,52.695,1778251
2017-04-06,1548170,1778251,2017094,1550227,52.26,1548170
2017-04-07,1243550,1548170,1778251,2017094,52.7,1243550
2017-04-10,1025248,1243550,1548170,1778251,52.68,1025248
2017-04-11,1520703,1025248,1243550,1548170,52.37,1520703
2017-04-12,1258152,1520703,1025248,1243550,52.47,1258152
2017-04-13,863990,1258152,1520703,1025248,52.31,863990
2017-04-17,1569436,863990,1258152,1520703,52.43,1569436
2017-04-18,1241164,1569436,863990,1258152,52.68,1241164
2017-04-19,2096351,1241164,1569436,863990,52.95,2096351
2017-04-20,1569985,2096351,1241164,1569436,52.79,1569985
2017-04-21,2189351,1569985,2096351,1241164,52.8399,2189351
2017-04-24,2257682,2189351,1569985,2096351,53.91,2257682
2017-04-25,2181857,2257682,2189351,1569985,54.51,2181857
2017-04-26,1834961,2181857,2257682,2189351,54.805,1834961
2017-04-27,1529024,1834961,2181857,2257682,54.83,1529024
2017-04-28,3078163,1529024,1834961,2181857,54.835,3078163
2017-05-01,1897018,3078163,1529024,1834961,55.36,1897018
2017-05-02,1693069,1897018,3078163,1529024,55.51,1693069
2017-05-03,1702565,1693069,1897018,3078163,55.61,1702565
2017-05-04,2615560,1702565,1693069,1897018,56.16,2615560
2017-05-05,1571536,2615560,1702565,1693069,56.59,1571536
2017-05-08,2189984,1571536,2615560,1702565,55.93,2189984
2017-05-09,1559975,2189984,1571536,2615560,56.29,1559975
2017-05-10,1566289,1559975,2189984,1571536,56.08,1566289
2017-05-11,1347633,1566289,1559975,2189984,55.8,1347633
2017-05-12,1578292,1347633,1566289,1559975,55.96,1578292
2017-05-15,1472226,1578292,1347633,1566289,56.01,1472226
2017-05-16,1032600,1472226,1578292,1347633,56.45,1032600
2017-05-17,1839737,1032600,1472226,1578292,55.67,1839737
2017-05-18,1934996,1839737,1032600,1472226,55.6,1934996
2017-05-19,1654441,1934996,1839737,1032600,55.86,1654441
2017-05-22,4264780,1654441,1934996,1839737,55.85,4264780
2017-05-23,7510578,4264780,1654441,1934996,58.0,7510578
2017-05-24,4105470,7510578,4264780,1654441,58.0725,4105470
2017-05-25,2772812,4105470,7510578,4264780,58.92,2772812
2017-05-26,1535237,2772812,4105470,7510578,59.041,1535237
2017-05-30,2576416,1535237,2772812,4105470,59.41,2576416
2017-05-31,2552411,2576416,1535237,2772812,59.45,2552411
2017-06-01,2100441,2552411,2576416,1535237,59.81,2100441
2017-06-02,1666245,2100441,2552411,2576416,60.76,1666245
2017-06-05,1473282,1666245,2100441,2552411,60.33,1473282
2017-06-06,1968022,1473282,1666245,2100441,60.1,1968022
2017-06-07,1617604,1968022,1473282,1666245,59.98,1617604
2017-06-08,3486602,1617604,1968022,1473282,59.71,3486602
2017-06-09,2352814,3486602,1617604,1968022,59.13,2352814
2017-06-12,2579658,2352814,3486602,1617604,57.92,2579658
2017-06-13,1527210,2579658,2352814,3486602,58.93,1527210
2017-06-14,1203468,1527210,2579658,2352814,59.05,1203468
2017-06-15,1092596,1203468,1527210,2579658,58.82,1092596
2017-06-16,2157514,1092596,1203468,1527210,59.235,2157514
2017-06-19,2383659,2157514,1092596,1203468,59.58,2383659
2017-06-20,1821710,2383659,2157514,1092596,60.295,1821710
2017-06-21,2247944,1821710,2383659,2157514,59.67,2247944
2017-06-22,3473861,2247944,1821710,2383659,59.61,3473861
2017-06-23,2879785,3473861,2247944,1821710,59.5001,2879785
2017-06-26,1535542,2879785,3473861,2247944,59.15,1535542
2017-06-27,1060391,1535542,2879785,3473861,58.84,1060391
2017-06-28,1191537,1060391,1535542,2879785,59.2,1191537
2017-06-29,1357538,1191537,1060391,1535542,58.49,1357538
2017-06-30,1593786,1357538,1191537,1060391,58.835,1593786
2017-07-03,1489574,1593786,1357538,1191537,59.13,1489574
2017-07-05,1638980,1489574,1593786,1357538,59.19,1638980
2017-07-06,2249516,1638980,1489574,1593786,59.07,2249516
2017-07-07,965439,2249516,1638980,1489574,59.33,965439
2017-07-10,1146033,965439,2249516,1638980,59.38,1146033
2017-07-11,2976519,1146033,965439,2249516,59.46,2976519
2017-07-12,1439395,2976519,1146033,965439,60.16,1439395
2017-07-13,2060109,1439395,2976519,1146033,60.67,2060109
2017-07-14,1286073,2060109,1439395,2976519,60.915,1286073
2017-07-17,1332751,1286073,2060109,1439395,61.4,1332751
2017-07-18,1520122,1332751,1286073,2060109,60.95,1520122
2017-07-19,1512177,1520122,1332751,1286073,61.17,1512177
2017-07-20,2009405,1512177,1520122,1332751,60.81,2009405
2017-07-21,1283236,2009405,1512177,1520122,60.76,1283236
2017-07-24,973808,1283236,2009405,1512177,61.25,973808
2017-07-25,1691988,973808,1283236,2009405,60.38,1691988
2017-07-26,2520698,1691988,973808,1283236,59.39,2520698
2017-07-27,1944962,2520698,1691988,973808,59.6,1944962
2017-07-28,1236434,1944962,2520698,1691988,59.61,1236434
2017-07-31,1043729,1236434,1944962,2520698,59.76,1043729
2017-08-01,1324251,1043729,1236434,1944962,59.805,1324251
2017-08-02,1121566,1324251,1043729,1236434,59.52,1121566
2017-08-03,983246,1121566,1324251,1043729,59.97,983246
2017-08-04,778762,983246,1121566,1324251,60.01,778762
2017-08-07,975738,778762,983246,1121566,60.005,975738
2017-08-08,1162440,975738,778762,983246,60.08,1162440
2017-08-09,1965048,1162440,975738,778762,59.38,1965048
2017-08-10,2471473,1965048,1162440,975738,58.22,2471473
2017-08-11,1511552,2471473,1965048,1162440,58.69,1511552
2017-08-14,2409765,1511552,2471473,1965048,59.55,2409765
2017-08-15,2933295,2409765,1511552,2471473,59.11,2933295
2017-08-16,6892023,2933295,2409765,1511552,60.76,6892023
2017-08-17,3501640,6892023,2933295,2409765,60.78,3501640
2017-08-18,2357872,3501640,6892023,2933295,60.28,2357872
2017-08-21,1486144,2357872,3501640,6892023,60.96,1486144
2017-08-22,1666369,1486144,2357872,3501640,61.85,1666369
2017-08-23,1445677,1666369,1486144,2357872,62.6,1445677
2017-08-24,1584503,1445677,1666369,1486144,62.35,1584503
2017-08-25,1352761,1584503,1445677,1666369,62.67,1352761
2017-08-28,1290434,1352761,1584503,1445677,62.97,1290434
2017-08-29,1206649,1290434,1352761,1584503,63.021,1206649
2017-08-30,1072530,1206649,1290434,1352761,63.39,1072530
2017-08-31,1930071,1072530,1206649,1290434,63.9,1930071
2017-09-01,1224667,1930071,1072530,1206649,64.21,1224667
2017-09-05,910613,1224667,1930071,1072530,63.81,910613
2017-09-06,974511,910613,1224667,1930071,64.05,974511
2017-09-07,1075757,974511,910613,1224667,64.49,1075757
2017-09-08,1588439,1075757,974511,910613,64.83,1588439
2017-09-11,1770025,1588439,1075757,974511,65.38,1770025
2017-09-12,1082149,1770025,1588439,1075757,65.89,1082149
2017-09-13,2042563,1082149,1770025,1588439,65.41,2042563
2017-09-14,1481022,2042563,1082149,1770025,65.16,1481022
2017-09-15,2295974,1481022,2042563,1082149,65.62,2295974
2017-09-18,1562007,2295974,1481022,2042563,65.7,1562007
2017-09-19,1238004,1562007,2295974,1481022,66.0,1238004
2017-09-20,1186007,1238004,1562007,2295974,65.77,1186007
2017-09-21,874785,1186007,1238004,1562007,65.63,874785
2017-09-22,1296244,874785,1186007,1238004,65.71,1296244
2017-09-25,1841833,1296244,874785,1186007,64.44,1841833
2017-09-26,1615338,1841833,1296244,874785,63.91,1615338
2017-09-27,1272526,1615338,1841833,1296244,64.05,1272526
2017-09-28,1126243,1272526,1615338,1841833,63.97,1126243
2017-09-29,1672816,1126243,1272526,1615338,63.72,1672816
2017-10-02,1693854,1672816,1126243,1272526,64.21,1693854
2017-10-03,1216981,1693854,1672816,1126243,65.06,1216981
2017-10-04,745628,1216981,1693854,1672816,65.15,745628
2017-10-05,1974081,745628,1216981,1693854,65.52,1974081
2017-10-06,1405100,1974081,745628,1216981,65.66,1405100
2017-10-09,1542307,1405100,1974081,745628,66.02,1542307
2017-10-10,1143075,1542307,1405100,1974081,66.22,1143075
2017-10-11,1794800,1143075,1542307,1405100,66.34,1794800
2017-10-12,1454994,1794800,1143075,1542307,66.54,1454994
2017-10-13,943164,1454994,1794800,1143075,66.89,943164
2017-10-16,1473459,943164,1454994,1794800,66.77,1473459
2017-10-17,1711833,1473459,943164,1454994,65.99,1711833
2017-10-18,1150468,1711833,1473459,943164,66.07,1150468
2017-10-19,1359119,1150468,1711833,1473459,66.06,1359119
2017-10-20,1506112,1359119,1150468,1711833,67.07,1506112
2017-10-23,1267570,1506112,1359119,1150468,66.93,1267570
2017-10-24,1975704,1267570,1506112,1359119,66.88,1975704
2017-10-25,1590537,1975704,1267570,1506112,67.03,1590537
2017-10-26,1418152,1590537,1975704,1267570,67.2,1418152
2017-10-27,1440996,1418152,1590537,1975704,67.41,1440996
2017-10-30,846605,1440996,1418152,1590537,67.1,846605
2017-10-31,1614432,846605,1440996,1418152,67.54,1614432
2017-11-01,1357998,1614432,846605,1440996,67.84,1357998
2017-11-02,1856865,1357998,1614432,846605,67.81,1856865
2017-11-03,1072288,1856865,1357998,1614432,68.01,1072288
2017-11-06,995731,1072288,1856865,1357998,67.87,995731
2017-11-07,956466,995731,1072288,1856865,68.04,956466
2017-11-08,977616,956466,995731,1072288,67.771,977616
2017-11-09,1665042,977616,956466,995731,66.91,1665042
2017-11-10,1439275,1665042,977616,956466,69.17,1439275
2017-11-13,1536388,1439275,1665042,977616,66.25,1536388
2017-11-14,2426247,1536388,1439275,1665042,66.89,2426247
2017-11-15,2042296,2426247,1536388,1439275,66.91,2042296
2017-11-16,2300408,2042296,2426247,1536388,67.45,2300408
2017-11-17,1823122,2300408,2042296,2426247,68.29,1823122
2017-11-20,4143453,1823122,2300408,2042296,68.95,4143453
2017-11-21,5330554,4143453,1823122,2300408,67.7,5330554
2017-11-22,3041728,5330554,4143453,1823122,68.3,3041728
2017-11-24,1015411,3041728,5330554,4143453,68.78,1015411
2017-11-27,1439275,1015411,3041728,5330554,69.17,1439275
2017-11-28,2473433,1439275,1015411,3041728,69.42,2473433
2017-11-29,1904175,2473433,1439275,1015411,68.45,1904175
2017-11-30,1922514,1904175,2473433,1439275,68.21,1922514
2017-12-01,2516564,1922514,1904175,2473433,67.23,2516564
2017-12-04,2899424,2516564,1922514,1904175,66.18,2899424
2017-12-05,2383974,2899424,2516564,1922514,65.73,2383974
2017-12-06,1690108,2383974,2899424,2516564,65.601,1690108
2017-12-07,2294513,1690108,2383974,2899424,65.77,2294513
2017-12-08,2195577,2294513,1690108,2383974,66.6523,2195577
2017-12-11,2438556,2195577,2294513,1690108,66.48,2438556
2017-12-12,2180984,2438556,2195577,2294513,66.5,2180984
2017-12-13,1684618,2180984,2438556,2195577,66.64,1684618
2017-12-14,1774564,1684618,2180984,2438556,66.37,1774564
2017-12-15,2871925,1774564,1684618,2180984,66.69,2871925
2017-12-18,2306264,2871925,1774564,1684618,67.48,2306264
2017-12-19,1469439,2306264,2871925,1774564,67.49,1469439
2017-12-20,1363529,1469439,2306264,2871925,67.16,1363529
2017-12-21,1502218,1363529,1469439,2306264,67.2679,1502218
2017-12-22,1221315,1502218,1363529,1469439,66.86,1221315
2017-12-26,532863,1221315,1502218,1363529,67.05,532863
2017-12-27,1038585,532863,1221315,1502218,67.15,1038585
2017-12-28,607022,1038585,532863,1221315,67.02,607022
2017-12-29,1064895,607022,1038585,532863,66.93,1064895
2018-01-02,1047830,1064895,607022,1038585,67.34,1047830
2018-01-03,1698899,1047830,1064895,607022,67.6,1698899
2018-01-04,2231534,1698899,1047830,1064895,68.78,2231534
2018-01-05,1632512,2231534,1698899,1047830,68.73,1632512
2018-01-08,1613911,1632512,2231534,1698899,69.545,1613911
2018-01-09,2666711,1613911,1632512,2231534,70.17,2666711
