date,volume_t-1,low_t-1,high_t-1,close_t-1,open_t-20,volume
2013-03-08,3256301,43.02,43.52,43.03,45.07,3256301
2013-03-11,5472837,41.73,43.01,42.81,45.17,5472837
2013-03-12,3767613,42.59,43.0,42.62,44.81,3767613
2013-03-13,2241086,42.4,43.05,43.0,44.81,2241086
2013-03-14,2840603,43.0,43.38,43.32,44.72,2840603
2013-03-15,2579690,42.88,43.22,43.01,43.48,2579690
2013-03-18,1847766,42.18,42.7,42.55,42.21,1847766
2013-03-19,6246443,41.59,42.82,42.0,42.84,6246443
2013-03-20,3240314,42.22,42.785,42.7,42.14,3240314
2013-03-21,4409084,41.63,42.76,41.65,41.83,4409084
2013-03-22,5425027,40.91,41.79,41.25,42.09,5425027
2013-03-25,2797510,40.79,41.654,41.13,40.62,2797510
2013-03-26,2513554,41.32,41.82,41.82,40.99,2513554
2013-03-27,3369968,41.21,42.19,42.09,41.78,3369968
2013-03-28,2147900,41.4995,42.08,41.97,41.18,2147900
2013-04-01,2541331,40.79,41.9771,40.93,41.75,2541331
2013-04-02,2354390,40.59,41.36,40.66,42.35,2354390
2013-04-03,5278950,40.32,40.99,40.52,43.0,5278950
2013-04-04,3918841,40.54,41.47,41.41,43.3,3918841
2013-04-05,4959134,40.67,41.85,41.54,43.5,4959134
2013-04-08,2395400,41.17,41.7425,41.66,42.99,2395400
2013-04-09,1659420,41.53,42.13,41.65,42.8,1659420
2013-04-10,2169261,41.665,42.37,42.26,42.56,2169261
2013-04-11,5626492,42.3301,43.93,43.86,43.03,5626492
2013-04-12,6083564,43.43,44.785,44.75,43.1,6083564
2013-04-15,7750724,42.945,44.54,43.04,42.46,7750724
2013-04-16,4505330,42.84,43.75,43.39,42.68,4505330
2013-04-17,4492937,41.93,43.11,42.19,42.25,4492937
2013-04-18,3976804,41.4798,42.25,41.83,42.45,3976804
2013-04-19,3075803,41.65,42.22,42.0,41.79,3075803
2013-04-22,2340457,41.34,42.25,41.85,41.49,2340457
2013-04-23,3522419,42.13,42.8425,42.61,41.4,3522419
2013-04-24,3020692,42.37,43.035,42.85,41.4,3020692
2013-04-25,2119838,42.66,43.25,42.73,42.08,2119838
2013-04-26,5283798,40.69,42.57,41.3,41.83,5283798
2013-04-29,2541961,41.05,41.68,41.46,41.12,2541961
2013-04-30,3451449,40.95,41.66,41.44,40.63,3451449
2013-05-01,2726213,41.26,41.74,41.31,40.54,2726213
2013-05-02,3437642,41.236,41.72,41.48,40.73,3437642
2013-05-03,4741565,41.54,42.55,41.55,41.44,4741565
2013-05-06,2819360,41.39,42.12,42.0,41.73,2819360
2013-05-07,3524022,41.9,42.41,42.4,41.73,3524022
2013-05-08,2119765,42.3,42.95,42.94,42.35,2119765
2013-05-09,3159293,42.63,43.195,43.16,43.54,3159293
2013-05-10,4662252,43.04,43.85,43.63,44.5,4662252
2013-05-13,4260335,42.72,43.56,43.04,43.46,4260335
2013-05-14,6075845,42.882,44.06,43.97,43.08,6075845
2013-05-15,10289000,44.89,46.49,45.68,41.77,10289000
2013-05-16,4890962,44.97,45.84,44.99,41.89,4890962
2013-05-17,3247851,44.99,45.83,45.56,42.03,3247851
2013-05-20,5698804,45.39,47.45,46.34,42.21,5698804
2013-05-21,4020941,46.21,46.96,46.75,42.72,4020941
2013-05-22,5421887,46.07,47.473,46.24,43.05,5421887
2013-05-23,3777408,45.195,45.93,45.74,42.44,3777408
2013-05-24,2225361,45.25,45.69,45.59,41.64,2225361
2013-05-28,4793962,46.09,46.94,46.43,41.2,4793962
2013-05-29,3621114,45.4,46.35,46.05,41.42,3621114
2013-05-30,3090824,46.01,47.05,46.05,41.49,3090824
2013-05-31,4609273,45.43,46.47,45.45,41.93,4609273
2013-06-03,3677473,45.04,45.84,45.51,41.44,3677473
2013-06-04,3364296,45.38,46.45,45.42,42.18,3364296
2013-06-05,2495073,44.5,45.38,44.53,42.4,2495073
2013-06-06,3781151,44.21,45.01,45.01,42.97,3781151
2013-06-07,2781171,44.94,45.92,45.15,43.12,2781171
2013-06-10,2730800,44.485,45.35,44.73,43.43,2730800
2013-06-11,3914328,44.0,44.63,44.4,42.98,3914328
2013-06-12,2730633,43.795,44.828,43.92,44.9,2730633
2013-06-13,2594941,43.66,44.56,44.49,45.43,2594941
2013-06-14,1677669,43.85,44.57,44.0,45.02,1677669
2013-06-17,2000122,44.185,44.869,44.38,45.48,2000122
2013-06-18,2522376,44.2701,44.81,44.8,46.3,2522376
2013-06-19,5805826,43.5,44.8796,43.52,46.72,5805826
2013-06-20,6307980,41.85,43.11,42.32,45.7,6307980
2013-06-21,3656145,42.37,43.23,42.98,45.36,3656145
2013-06-24,2871453,42.07,42.75,42.31,46.09,2871453
2013-06-25,2939595,42.01,42.82,42.48,45.98,2939595
2013-06-26,3693707,42.28,43.29,42.34,46.21,3693707
2013-06-27,3447018,42.52,43.29,43.08,45.91,3447018
2013-06-28,5556673,42.73,43.305,42.76,45.65,5556673
2013-07-01,4283821,42.91,43.77,43.59,46.175,4283821
2013-07-02,2986405,42.95,43.89,43.09,45.32,2986405
2013-07-03,1940832,42.72,43.46,43.17,44.5,1940832
2013-07-05,2100873,43.4,44.295,44.23,45.16,2100873
2013-07-08,2572391,44.12,44.67,44.36,45.35,2572391
2013-07-09,3476214,44.34,44.96,44.6,44.22,3476214
2013-07-10,3277684,44.51,45.65,45.31,44.78,3277684
2013-07-11,2131803,45.43,45.98,45.72,43.87,2131803
2013-07-12,1978819,45.5838,45.95,45.75,44.34,1978819
2013-07-15,2433181,45.68,46.275,46.11,44.38,2433181
2013-07-16,2026749,45.775,46.47,45.91,44.38,2026749
2013-07-17,1196543,45.57,46.1,45.61,44.74,1196543
2013-07-18,1999719,45.55,46.05,45.9,43.11,1999719
2013-07-19,1179308,45.69,46.275,46.2,42.6,1179308
2013-07-22,1836733,46.1,46.85,46.8,42.44,1836733
2013-07-23,2934199,46.31,46.84,46.47,42.01,2934199
2013-07-24,1831121,46.495,46.81,46.76,43.1,1831121
2013-07-25,1420233,46.39,46.9,46.66,42.56,1420233
2013-07-26,3694988,45.4322,46.56,45.6,43.0,3694988
2013-07-29,1962142,44.98,45.7,45.34,43.05,1962142
2013-07-30,2791858,44.82,45.6,44.85,43.5,2791858
2013-07-31,2807402,44.66,45.3,44.73,42.82,2807402
2013-08-01,2745041,45.32,46.2,46.04,43.46,2745041
2013-08-02,2387817,45.9901,46.51,46.38,44.38,2387817
2013-08-05,1875418,45.8,46.4,45.94,44.6,1875418
2013-08-06,2280909,45.61,46.215,46.08,44.64,2280909
2013-08-07,1702122,45.62,46.46,46.28,45.69,1702122
2013-08-08,1702407,45.64,46.55,45.85,45.78,1702407
2013-08-09,1958449,45.81,46.46,46.22,45.7,1958449
2013-08-12,1247241,45.72,46.51,46.45,46.09,1247241
2013-08-13,2078213,46.24,46.98,46.92,45.95,2078213
2013-08-14,1989871,46.37,47.0,46.51,45.66,1989871
2013-08-15,6708341,46.85,48.17,46.96,45.83,6708341
2013-08-16,3624694,46.52,47.22,46.79,46.23,3624694
2013-08-19,1727559,46.42,46.94,46.44,46.31,1727559
2013-08-20,2294328,46.17,47.2699,47.03,46.67,2294328
2013-08-21,1949054,46.64,47.24,46.89,46.62,1949054
2013-08-22,3147986,46.8,48.33,47.97,46.31,3147986
2013-08-23,1702511,47.54,48.0,47.68,45.59,1702511
2013-08-26,2012701,47.39,48.205,47.6,45.55,2012701
2013-08-27,2138064,46.8,47.39,46.97,45.04,2138064
2013-08-28,1590425,46.51,46.97,46.74,45.51,1590425
2013-08-29,1900662,46.42,47.03,46.8,46.06,1900662
2013-08-30,1358573,46.37,46.98,46.64,46.26,1358573
2013-09-03,1565632,46.615,47.51,46.93,45.93,1565632
2013-09-04,2522043,46.74,47.96,47.87,45.88,2522043
2013-09-05,1313188,47.58,48.09,47.68,46.5,1313188
2013-09-06,1332857,47.13,47.79,47.43,45.85,1332857
2013-09-09,1668867,47.29,48.0485,47.95,45.89,1668867
2013-09-10,1821283,48.04,48.67,48.55,46.45,1821283
2013-09-11,1783424,48.22,49.02,48.96,46.77,1783424
2013-09-12,1468485,48.49,48.94,48.62,47.59,1468485
2013-09-13,2141143,48.23,48.62,48.46,46.81,2141143
2013-09-16,1861513,48.58,49.18,48.74,46.63,1861513
2013-09-17,1578387,48.62,49.32,48.87,46.43,1578387
2013-09-18,2044234,48.29,49.35,49.32,46.93,2044234
2013-09-19,18146408,50.749,53.47,50.98,46.89,18146408
2013-09-20,10692052,50.98,52.39,52.15,47.96,10692052
2013-09-23,2716907,51.38,52.24,51.67,47.64,2716907
2013-09-24,2185721,51.2,51.92,51.6,47.08,2185721
2013-09-25,2865074,51.44,52.13,51.83,46.88,2865074
2013-09-26,2680307,51.46,52.12,52.09,46.63,2680307
2013-09-27,2110103,51.4,52.1,51.63,46.89,2110103
2013-09-30,2650001,50.75,51.615,51.25,47.04,2650001
2013-10-01,2997047,50.7,52.08,51.9,46.93,2997047
2013-10-02,2020794,51.15,51.71,51.57,47.82,2020794
2013-10-03,1878510,50.91,51.57,51.06,47.71,1878510
2013-10-04,1867889,51.07,51.86,51.78,47.59,1867889
2013-10-07,1382107,51.07,51.59,51.13,48.04,1382107
2013-10-08,2415258,49.89,51.33,50.13,48.6,2415258
2013-10-09,2430595,49.39,50.38,49.95,48.9,2430595
2013-10-10,2426300,50.29,51.2,50.99,48.6,2426300
2013-10-11,1500903,50.66,51.67,51.46,49.06,1500903
2013-10-14,2110504,50.51,51.43,51.36,48.73,2110504
2013-10-15,1961896,50.6,51.19,50.88,48.77,1961896
2013-10-16,2450818,50.94,51.99,51.56,52.92,2450818
2013-10-17,3548418,51.13,52.7,52.65,51.035,3548418
2013-10-18,2880870,52.63,53.24,52.99,51.91,2880870
2013-10-21,2556379,51.9,53.14,51.99,51.61,2556379
2013-10-22,4280543,50.84,52.2,51.02,51.59,4280543
2013-10-23,2348591,50.3,50.88,50.65,51.96,2348591
2013-10-24,1785894,50.67,51.22,51.12,51.84,1785894
2013-10-25,2398266,51.09,51.91,51.87,51.02,2398266
2013-10-28,1778672,51.12,51.98,51.49,50.7,1778672
2013-10-29,1193955,51.23,51.9,51.7,51.59,1193955
2013-10-30,1360046,50.86,51.82,51.15,51.56,1360046
2013-10-31,1895510,50.45,51.33,50.76,51.17,1895510
2013-11-01,1931035,50.84,51.58,51.1,51.34,1931035
2013-11-04,1409928,50.95,51.46,51.21,51.18,1409928
2013-11-05,1578131,50.854,51.36,51.21,50.23,1578131
2013-11-06,1432940,50.8,51.32,51.04,50.29,1432940
2013-11-07,3548823,49.84,51.195,50.05,50.88,3548823
2013-11-08,1860654,50.01,50.94,50.78,51.2,1860654
2013-11-11,1984482,50.518,51.41,51.3,51.08,1984482
2013-11-12,2357218,50.76,51.4,51.2,51.22,2357218
2013-11-13,2110086,50.66,51.3,51.2,51.25,2110086
2013-11-14,2825818,50.36,51.2,50.54,52.93,2825818
2013-11-15,11014343,53.6902,55.74,54.93,53.04,11014343
2013-11-18,4131521,53.67,54.98,54.05,52.1,4131521
2013-11-19,2473023,53.55,54.19,53.82,50.76,2473023
2013-11-20,2321500,53.465,54.255,53.53,50.67,2321500
2013-11-21,2417644,53.7,54.55,54.1,51.34,2417644
2013-11-22,1910762,53.75,54.3399,53.85,51.79,1910762
2013-11-25,1750170,53.02,54.13,53.11,51.52,1750170
2013-11-26,3196344,53.23,53.93,53.65,51.76,3196344
2013-11-27,1189764,53.64,54.0,53.81,51.15,1189764
2013-11-29,870409,53.46,53.97,53.57,50.92,870409
2013-12-02,1459197,53.11,53.67,53.21,51.39,1459197
2013-12-03,2478051,52.56,53.17,52.93,51.18,2478051
2013-12-04,2415795,52.72,53.83,53.58,51.19,2415795
2013-12-05,1810391,53.115,53.8,53.5,51.08,1810391
2013-12-06,3053347,53.76,54.93,54.83,50.14,3053347
2013-12-09,2118503,54.74,55.43,55.06,50.63,2118503
2013-12-10,2326895,54.63,55.46,55.34,51.2,2326895
2013-12-11,2349926,54.68,55.69,54.84,50.89,2349926
2013-12-12,2714297,54.3,55.52,55.26,51.2,2714297
2013-12-13,2022610,54.9,55.9,55.16,54.03,2022610
2013-12-16,1685454,55.07,55.79,55.24,54.45,1685454
2013-12-17,3209227,55.81,57.29,56.37,53.67,3209227
2013-12-18,4136283,56.37,57.94,57.89,53.83,4136283
2013-12-19,1893211,57.07,57.83,57.38,53.8,1893211
2013-12-20,2954031,56.91,57.67,56.96,54.1,2954031
2013-12-23,1578464,57.12,57.655,57.54,54.11,1578464
2013-12-24,779696,57.17,57.61,57.23,53.26,779696
2013-12-26,714431,57.24,57.71,57.46,53.78,714431
2013-12-27,653055,57.12,57.42,57.17,53.85,653055
2013-12-30,1127980,56.92,57.46,57.32,53.47,1127980
2013-12-31,941447,57.08,57.55,57.19,52.92,941447
2014-01-02,1916160,56.15,57.1,56.21,52.84,1916160
2014-01-03,1866651,56.26,57.345,56.92,53.35,1866651
2014-01-06,1777472,56.56,57.7,56.64,53.76,1777472
2014-01-07,1463208,56.93,57.63,57.45,54.8,1463208
2014-01-08,2659468,57.17,58.54,58.39,54.91,2659468
2014-01-09,1757647,57.87,58.68,58.41,55.35,1757647
2014-01-10,1623330,58.14,59.01,58.93,54.63,1623330
2014-01-13,2946738,58.6,59.1,58.93,55.36,2946738
2014-01-14,2562236,59.02,59.95,59.88,55.25,2562236
2014-01-15,2335194,59.585,60.365,60.34,55.96,2335194
2014-01-16,1835957,60.04,60.5,60.5,56.5,1835957
2014-01-17,1699534,60.33,60.83,60.71,57.57,1699534
2014-01-21,3008458,59.86,60.88,60.85,57.47,3008458
2014-01-22,2769350,60.71,61.22,60.93,57.45,2769350
2014-01-23,3063559,59.405,60.51,59.47,57.5,3063559
2014-01-24,2656341,57.71,59.46,57.87,57.24,2656341
2014-01-27,4669012,56.98,58.37,58.3,57.23,4669012
2014-01-28,2536290,57.91,58.88,58.1,57.05,2536290
2014-01-29,2163031,57.41,58.2174,57.65,57.45,2163031
2014-01-30,3743153,58.42,60.11,59.51,57.1,3743153
2014-01-31,3529054,58.05,59.15,58.15,56.39,3529054
2014-02-03,2929252,56.075,58.48,56.15,57.4,2929252
2014-02-04,2911877,56.09,57.88,57.81,56.95,2911877
2014-02-05,2283870,56.96,57.7,57.43,57.33,2283870
2014-02-06,1609451,57.46,58.35,58.29,58.4,1609451
2014-02-07,1975290,58.13,59.465,59.42,58.51,1975290
2014-02-10,1760468,58.29,59.44,59.01,58.77,1760468
2014-02-11,2148202,58.88,60.0,59.73,59.16,2148202
2014-02-12,2347270,59.67,60.46,59.89,59.82,2347270
2014-02-13,3097011,59.37,60.38,60.08,60.24,3097011
2014-02-14,17862776,54.87,57.77,55.25,60.83,17862776
2014-02-18,6553839,54.96,56.04,55.15,60.69,6553839
2014-02-19,4838795,54.9,56.65,55.94,60.82,4838795
2014-02-20,4629755,56.045,57.535,57.29,60.48,4629755
2014-02-21,2407171,56.32,57.4,56.34,59.22,2407171
2014-02-24,2392783,56.4,56.98,56.75,57.9,2392783
2014-02-25,3375173,56.75,57.57,56.89,58.5,3375173
2014-02-26,2400946,56.75,57.62,57.1,57.67,2400946
2014-02-27,3123781,56.19,57.28,56.36,58.42,3123781
2014-02-28,2876261,56.4,57.11,56.93,58.61,2876261
2014-03-03,2488373,55.785,57.12,56.71,58.15,2488373
2014-03-04,2841919,56.98,58.0,57.78,56.32,2841919
2014-03-05,3113546,57.555,58.0,57.8,57.58,3113546
2014-03-06,5178833,58.14,59.32,58.77,57.51,5178833
2014-03-07,3247154,57.52,59.2,58.42,58.46,3247154
2014-03-10,2563418,57.6,58.34,58.15,59.27,2563418
2014-03-11,3421731,56.5,58.3,56.86,59.0,3421731
2014-03-12,1652324,56.01,57.08,57.06,60.0,1652324
2014-03-13,2318832,55.77,57.4,55.85,59.45,2318832
2014-03-14,1745218,55.23,55.98,55.44,57.15,1745218
2014-03-17,1437471,55.48,56.41,55.8,55.38,1437471
2014-03-18,1294681,55.84,56.81,56.79,55.01,1294681
2014-03-19,1804350,56.18,57.15,56.63,56.14,1804350
2014-03-20,1808447,56.16,56.93,56.7,57.25,1808447
2014-03-21,2762931,55.96,57.78,56.09,56.45,2762931
2014-03-24,1985703,54.66,56.23,55.26,56.8,1985703
2014-03-25,1727269,54.98,56.21,55.16,56.98,1727269
2014-03-26,2560731,55.16,55.99,55.17,57.02,2560731
2014-03-27,2972614,54.22,55.6,54.69,56.45,2972614
2014-03-28,2006941,54.42,55.25,54.69,56.12,2006941
2014-03-31,2190772,54.57,56.05,55.92,57.22,2190772
2014-04-01,2090720,55.835,56.62,56.36,57.71,2090720
2014-04-02,1919493,56.2,56.7,56.67,58.39,1919493
2014-04-03,1603010,56.27,57.14,56.6,59.06,1603010
2014-04-04,2307668,55.55,57.24,55.57,58.29,2307668
2014-04-07,2584538,53.94,55.66,54.35,58.23,2584538
2014-04-08,1842491,53.82,55.0,54.66,56.52,1842491
2014-04-09,2017519,54.375,55.61,55.57,57.16,2017519
2014-04-10,1966409,53.9,55.637,54.05,55.61,1966409
2014-04-11,2591968,52.65,54.05,52.77,55.68,2591968
2014-04-14,2840577,52.3075,53.249,52.65,55.97,2840577
2014-04-15,2172515,51.96,53.36,53.11,56.72,2172515
2014-04-16,1243513,53.25,53.77,53.68,56.54,1243513
2014-04-17,2061997,53.61,54.89,54.65,57.18,2061997
2014-04-21,1185867,54.33,54.8,54.69,56.08,1185867
2014-04-22,1475541,54.53,55.6,54.97,55.5,1475541
2014-04-23,894232,54.571,55.2,55.01,55.4,894232
2014-04-24,1806441,54.56,55.52,55.28,55.6,1806441
2014-04-25,1580495,54.07,55.25,54.39,54.85,1580495
2014-04-28,3009046,52.86,54.93,53.73,54.97,3009046
2014-04-29,3359741,51.97,53.55,53.3,56.2,3359741
2014-04-30,1678627,53.02,54.07,54.04,56.42,1678627
2014-05-01,1472407,53.66,54.87,54.47,56.77,1472407
2014-05-02,2080946,54.09,54.99,54.54,57.1,2080946
2014-05-05,2087256,53.888,55.345,55.33,55.56,2087256
2014-05-06,2224227,54.46,55.45,55.01,54.21,2224227
2014-05-07,2219204,54.27,55.13,55.03,55.44,2219204
2014-05-08,2209139,54.69,56.14,55.3,55.57,2209139
2014-05-09,1287905,54.81,55.63,55.39,53.69,1287905
2014-05-12,2042132,55.47,56.62,56.41,53.19,2042132
2014-05-13,1465527,56.4,56.98,56.83,52.84,1465527
2014-05-14,2591684,55.7,56.79,55.85,53.55,2591684
2014-05-15,5740663,53.75,56.15,54.49,53.74,5740663
2014-05-16,2405753,53.92,55.13,55.03,54.61,2405753
2014-05-19,2742131,54.7,55.226,54.97,54.7,2742131
2014-05-20,1840126,54.209,54.96,54.31,54.85,1840126
2014-05-21,1102300,54.44,55.14,54.99,55.23,1102300
2014-05-22,1686139,54.89,55.71,55.54,55.25,1686139
2014-05-23,3510829,55.175,56.22,56.18,54.85,3510829
2014-05-27,1190619,56.03,56.5,56.28,53.29,1190619
2014-05-28,1807185,56.31,57.23,57.11,53.43,1807185
2014-05-29,1558720,56.64,57.38,56.96,53.94,1558720
2014-05-30,2547039,56.24,57.11,56.94,54.5,2547039
2014-06-02,1274846,56.3,56.99,56.89,54.31,1274846
2014-06-03,1842298,56.68,57.49,57.22,55.08,1842298
2014-06-04,1145664,56.96,57.48,57.45,55.13,1145664
2014-06-05,1833063,57.41,58.75,58.6,55.03,1833063
2014-06-06,1285879,58.37,59.28,59.01,55.26,1285879
2014-06-09,1188782,58.7,59.58,59.28,55.58,1188782
2014-06-10,1267805,58.58,59.25,58.89,56.63,1267805
2014-06-11,1410610,58.31,59.13,58.91,56.78,1410610
2014-06-12,1677989,58.2,59.0,58.4,54.6,1677989
2014-06-13,1054865,58.18,58.87,58.5,54.39,1054865
2014-06-16,1174434,58.15,58.86,58.32,54.9,1174434
2014-06-17,1328510,58.1901,59.2,58.87,54.87,1328510
2014-06-18,1114749,58.53,59.32,59.27,54.58,1114749
2014-06-19,3149546,58.15,59.54,58.62,55.0,3149546
2014-06-20,2029378,57.84,59.055,58.77,55.65,2029378
2014-06-23,1435625,57.97,58.86,58.11,56.31,1435625
2014-06-24,1125825,57.58,58.49,57.65,56.41,1125825
2014-06-25,1060501,57.41,58.1,57.97,57.18,1060501
2014-06-26,1102367,57.4,58.06,57.82,56.87,1102367
2014-06-27,1519046,57.175,58.14,57.5,56.96,1519046
2014-06-30,1314906,57.18,57.76,57.44,56.73,1314906
2014-07-01,2010785,57.38,58.44,58.25,57.02,2010785
2014-07-02,1414957,57.78,58.59,58.05,57.45,1414957
2014-07-03,600744,58.021,58.54,58.46,58.58,600744
2014-07-07,949243,57.85,58.25,58.12,59.0,949243
2014-07-08,1615912,56.92,57.925,57.15,59.16,1615912
2014-07-09,1278504,56.52,57.08,56.9,58.33,1278504
2014-07-10,1189340,56.01,56.63,56.49,58.9,1189340
2014-07-11,1183288,56.15,56.74,56.6,58.53,1183288
2014-07-14,1487761,56.6175,57.07,56.82,58.57,1487761
2014-07-15,2094496,56.15,56.88,56.66,58.27,2094496
2014-07-16,1868521,56.83,57.1,56.96,58.86,1868521
2014-07-17,4404085,55.135,56.5,55.15,59.2,4404085
2014-07-18,1706174,55.29,56.25,56.15,57.84,1706174
2014-07-21,1983914,55.79,56.945,56.71,58.71,1983914
2014-07-22,2411722,56.95,58.17,57.72,58.03,2411722
2014-07-23,1453645,57.445,58.31,57.47,57.61,1453645
2014-07-24,2534358,56.71,57.74,56.84,57.99,2534358
2014-07-25,1719615,56.35,56.735,56.53,57.52,1719615
2014-07-28,1510223,55.89,56.53,56.29,57.5,1510223
2014-07-29,2003109,55.875,56.36,56.03,57.74,2003109
2014-07-30,1371335,56.02,56.805,56.78,58.13,1371335
2014-07-31,2708121,55.83,56.58,56.09,58.19,2708121
2014-08-01,957560,55.59,56.4,56.26,58.2,957560
2014-08-04,957560,55.59,56.4,56.26,57.84,957560
2014-08-05,1733728,55.1,56.11,55.24,57.05,1733728
2014-08-06,1568834,54.9,55.72,55.59,56.41,1568834
2014-08-07,1628472,54.98,56.0,55.05,56.33,1628472
2014-08-08,1766002,54.86,55.32,55.24,56.92,1766002
2014-08-11,1252725,55.06,55.65,55.2,56.7,1252725
2014-08-12,2642075,54.3,55.07,54.34,56.88,2642075
2014-08-13,1721261,54.189,54.97,54.78,56.47,1721261
2014-08-14,3478558,54.45,55.63,55.62,55.42,3478558
2014-08-15,5578794,57.35,59.06,57.58,55.86,5578794
2014-08-18,2761606,57.35,58.62,58.52,57.0,2761606
2014-08-19,1192963,58.16,58.75,58.56,58.11,1192963
2014-08-20,1846569,57.94,58.41,58.33,57.6,1846569
2014-08-21,1228385,57.97,58.48,57.99,56.52,1228385
2014-08-22,1439567,57.48,58.04,57.64,56.49,1439567
2014-08-25,967137,57.58,58.15,57.74,56.29,967137
2014-08-26,888727,57.5377,57.9,57.85,56.22,888727
2014-08-27,1193004,57.29,58.0,57.38,56.22,1193004
2014-08-28,1395449,56.98,57.53,57.15,56.19,1395449
2014-08-29,1979934,57.08,57.5,57.16,56.19,1979934
2014-09-02,2015566,57.23,58.1,58.07,55.9,2015566
2014-09-03,1478032,57.88,58.46,58.06,55.23,1478032
2014-09-04,790594,57.6,58.49,57.69,55.98,790594
2014-09-05,908184,57.3,58.05,57.92,55.31,908184
2014-09-08,1345766,57.495,57.96,57.65,55.44,1345766
2014-09-09,1286053,57.45,57.8,57.45,54.99,1286053
2014-09-10,1477856,57.175,57.83,57.69,54.48,1477856
2014-09-11,995855,57.41,57.72,57.59,54.78,995855
2014-09-12,2590395,57.61,58.63,58.6,58.95,2590395
2014-09-15,1621086,57.74,58.5,57.92,57.75,1621086
2014-09-16,1379832,57.37,58.11,57.91,58.52,1379832
2014-09-17,2710468,57.92,58.99,58.89,58.32,2710468
2014-09-18,2867046,58.31,59.4,58.4,58.36,2867046
2014-09-19,2173992,58.1,58.98,58.25,57.9,2173992
2014-09-22,1686631,57.27,58.19,57.55,57.88,1686631
2014-09-23,1632282,56.91,57.48,56.98,57.75,1632282
2014-09-24,1650529,56.78,58.04,57.96,58.0,1650529
2014-09-25,1629584,56.89,57.99,56.89,57.14,1629584
2014-09-26,2218441,56.07,56.94,56.5,57.33,2218441
2014-09-29,1626565,55.92,57.179,57.15,57.23,1626565
2014-09-30,2120557,56.82,57.4,56.98,58.21,2120557
2014-10-01,2481276,56.18,56.93,56.2,58.12,2481276
2014-10-02,1708052,55.29,56.24,55.83,57.58,1708052
2014-10-03,1577280,56.16,57.01,56.91,57.72,1577280
2014-10-06,1157370,56.43,57.16,56.57,57.69,1157370
2014-10-07,1515558,55.0,56.33,55.0,57.6,1515558
2014-10-08,2124682,54.8,56.52,56.46,57.52,2124682
2014-10-09,2526263,55.03,56.28,55.03,57.61,2526263
2014-10-10,5133638,53.42,55.02,53.64,58.5,5133638
2014-10-13,2527277,52.73,54.23,52.79,57.82,2527277
2014-10-14,3972861,51.77,53.39,51.79,58.0,3972861
2014-10-15,4723905,49.8,51.88,51.79,59.2,4723905
2014-10-16,5362096,50.55,52.12,51.71,58.82,5362096
2014-10-17,3810818,52.02,53.41,52.27,58.13,3810818
2014-10-20,4942206,50.86,52.38,52.35,57.25,4942206
2014-10-21,2231876,52.86,54.03,54.0,56.88,2231876
2014-10-22,2161086,52.99,53.86,53.05,57.86,2161086
2014-10-23,1754719,53.59,54.21,53.71,56.79,1754719
2014-10-24,1508194,53.51,54.11,54.05,56.04,1508194
2014-10-27,1105293,53.6,54.11,53.99,57.21,1105293
2014-10-28,1714329,53.88,54.67,54.66,56.85,1714329
2014-10-29,1484268,54.13,54.68,54.5,56.13,1484268
2014-10-30,2504261,53.75,54.38,54.32,56.23,2504261
2014-10-31,2087828,54.85,55.41,55.28,57.06,2087828
2014-11-03,4559916,39.49,41.24,40.84,56.25,4559916
2014-11-04,5765189,39.84,40.83,40.18,55.06,5765189
2014-11-05,2341387,39.98,40.67,40.13,56.28,2341387
2014-11-06,2968264,40.26,41.405,41.37,54.91,2968264
2014-11-07,2458734,40.86,41.48,40.93,53.73,2458734
2014-11-10,2583931,40.88,41.55,41.53,53.04,2583931
2014-11-11,2163823,41.34,42.11,41.66,50.87,2163823
2014-11-12,2504261,41.02,41.54,41.45,50.78,2504261
2014-11-13,1805461,41.26,41.74,41.45,52.17,1805461
2014-11-14,1331282,41.29,41.65,41.57,52.07,1331282
2014-11-17,2697164,41.21,41.7,41.24,52.86,2697164
2014-11-18,5891377,40.05,41.16,40.8,53.77,5891377
2014-11-19,4012147,40.7,41.33,40.8,53.59,4012147
2014-11-20,2303826,40.56,41.427,41.26,53.7,2303826
2014-11-21,5306170,41.7,42.38,42.25,53.94,5306170
2014-11-24,2122424,41.99,42.5,42.25,54.12,2122424
2014-11-25,2713879,42.31,42.87,42.71,54.59,2713879
2014-11-26,1752695,42.53,42.865,42.74,53.91,1752695
2014-11-28,1091780,42.59,42.985,42.74,55.21,1091780
2014-12-01,4411159,41.58,42.73,41.59,39.9,4411159
2014-12-02,2014436,41.55,42.1,41.98,40.26,2014436
2014-12-03,2250275,41.82,42.37,42.23,40.61,2250275
2014-12-04,1346823,42.02,42.68,42.27,40.39,1346823
2014-12-05,1019549,42.08,42.49,42.3,41.39,1019549
2014-12-08,1425753,41.415,42.51,41.51,40.98,1425753
2014-12-09,1803210,40.98,41.43,41.4,41.52,1803210
2014-12-10,2654911,40.31,41.36,40.34,41.3,2654911
2014-12-11,1640864,40.49,41.18,40.62,41.55,1640864
2014-12-12,2335765,39.71,40.62,39.72,41.36,2335765
2014-12-15,4510349,38.65,40.17,38.68,41.57,4510349
2014-12-16,3849394,38.1,39.48,38.47,40.25,3849394
2014-12-17,3508188,38.09,39.99,39.76,40.82,3508188
2014-12-18,3104066,40.11,40.8,40.7,40.56,3104066
2014-12-19,3736336,40.86,41.43,41.38,41.75,3736336
2014-12-22,1590221,41.38,41.88,41.88,42.44,1590221
2014-12-23,1872341,41.36,42.01,41.37,42.33,1872341
2014-12-24,1426901,40.96,41.525,41.13,42.68,1426901
2014-12-26,588034,41.29,41.57,41.38,42.74,588034
2014-12-29,976423,41.312,41.57,41.33,42.69,976423
2014-12-30,1323452,41.14,41.59,41.37,41.6,1323452
2014-12-31,1423993,40.9,41.79,40.94,41.98,1423993
2015-01-02,1530798,40.37,41.31,40.56,42.15,1530798
2015-01-05,2042240,39.7,40.46,39.8,42.23,2042240
2015-01-06,2084562,39.02,40.02,39.18,42.23,2084562
2015-01-07,3359660,39.29,39.81,39.7,40.99,3359660
2015-01-08,2116341,40.18,40.98,40.89,41.36,2116341
2015-01-09,1644939,40.29,41.0,40.59,40.5,1644939
2015-01-12,2771191,39.95,40.72,40.11,40.2,2771191
2015-01-13,2013474,39.33,40.7,39.55,40.07,2013474
2015-01-14,5134006,38.21,39.1,39.06,38.3,5134006
2015-01-15,2630296,37.99,39.408,38.01,38.34,2630296
2015-01-16,3003980,37.76,38.46,38.25,40.48,3003980
2015-01-20,5033605,37.76,38.66,37.93,40.9,5033605
2015-01-21,2721609,37.68,38.41,38.16,41.38,2721609
2015-01-22,4856573,38.12,39.86,39.65,41.98,4856573
2015-01-23,1519250,38.76,39.6,38.81,41.42,1519250
2015-01-26,1511214,38.47,39.17,39.15,41.34,1511214
2015-01-27,1703508,38.58,39.25,38.75,41.36,1703508
2015-01-28,2033523,37.96,39.05,38.0,41.21,2033523
2015-01-29,2329983,37.69,38.47,38.46,41.39,2329983
2015-01-30,3054313,37.71,38.32,37.77,41.18,3054313
2015-02-02,2508493,37.71,38.76,38.69,40.32,2508493
2015-02-03,2950375,38.92,39.63,39.62,39.81,2950375
2015-02-04,2567439,38.82,39.46,39.11,39.52,2567439
2015-02-05,1826367,39.22,39.82,39.53,40.24,1826367
2015-02-06,2697212,39.225,39.81,39.34,41.0,2697212
2015-02-09,3586102,38.95,39.43,39.04,40.61,3586102
2015-02-10,1408747,38.78,39.76,39.67,40.47,1408747
2015-02-11,3337005,39.2326,39.81,39.33,39.03,3337005
2015-02-12,1317705,39.53,40.06,40.02,39.33,1317705
2015-02-13,2211931,39.91,40.31,40.15,37.83,2211931
2015-02-17,2875788,39.76,40.53,40.52,38.43,2875788
2015-02-18,9007218,40.91,42.2,41.54,37.75,9007218
2015-02-19,3737331,41.04,41.57,41.15,38.51,3737331
2015-02-20,2971880,40.88,42.11,41.95,39.6,2971880
2015-02-23,1967913,41.49,41.96,41.73,38.79,1967913
2015-02-24,1922102,41.6,42.105,42.06,38.7,1922102
2015-02-25,2343479,42.09,42.49,42.2,39.01,2343479
2015-02-26,1505418,42.0,42.38,42.36,38.0,1505418
2015-02-27,1676351,42.045,42.36,42.21,38.01,1676351
2015-03-02,1847082,42.34,42.74,42.7,37.9,1847082
2015-03-03,1635437,42.14,42.57,42.26,39.04,1635437
2015-03-04,1305992,41.73,42.16,42.0,39.33,1305992
2015-03-05,1376468,41.84,42.24,42.22,39.22,1376468
2015-03-06,1528564,41.49,42.05,41.53,39.54,1528564
2015-03-09,1492378,41.435,41.89,41.74,39.23,1492378
2015-03-10,1961299,40.63,41.27,40.63,39.31,1961299
2015-03-11,2064355,40.67,41.125,40.85,39.64,2064355
2015-03-12,2719895,40.97,41.24,41.1,39.58,2719895
2015-03-13,4704560,40.515,41.4562,40.87,39.97,4704560
2015-03-16,2551437,41.11,41.83,41.81,40.01,2551437
2015-03-17,1504881,41.06,41.69,41.58,41.12,1504881
2015-03-18,1295556,41.17,42.38,42.12,41.4,1295556
2015-03-19,1085684,41.82,42.25,42.21,41.09,1085684
2015-03-20,2315472,42.2,42.53,42.21,41.89,2315472
2015-03-23,1835393,42.0,42.44,42.2,41.62,1835393
2015-03-24,3625952,41.01,42.13,41.09,42.34,3625952
2015-03-25,2776181,40.79,41.695,40.81,42.23,2776181
2015-03-26,1573740,40.3703,40.97,40.7,42.3,1573740
2015-03-27,1932749,40.58,41.18,41.11,42.34,1932749
2015-03-30,2064181,41.32,41.86,41.72,42.45,2064181
2015-03-31,1659179,41.102,41.78,41.55,41.95,1659179
2015-04-01,2170331,40.72,41.52,41.39,41.99,2170331
2015-04-02,2135918,41.33,42.13,42.05,41.95,2135918
2015-04-06,2379808,41.51,42.2,41.93,41.54,2379808
2015-04-07,3072418,41.87,42.52,42.44,41.22,3072418
2015-04-08,2443178,42.025,42.59,42.26,40.79,2443178
2015-04-09,1332519,42.07,42.59,42.49,40.99,1332519
2015-04-10,3370597,42.57,43.56,43.55,40.96,3370597
2015-04-13,3708641,42.99,43.59,43.04,41.16,3708641
2015-04-14,1777705,42.58,43.2,43.07,41.52,1777705
2015-04-15,1445622,43.18,43.56,43.38,41.45,1445622
2015-04-16,1070232,43.06,43.36,43.13,42.05,1070232
2015-04-17,2333369,42.6,43.05,42.98,42.39,2333369
2015-04-20,1410574,43.15,43.44,43.19,42.12,1410574
2015-04-21,1719710,42.87,43.5,42.89,42.13,1719710
2015-04-22,2726140,42.37,42.84,42.71,41.17,2726140
2015-04-23,3973179,42.24,42.86,42.62,40.68,3973179
2015-04-24,2200155,42.42,42.81,42.49,40.6,2200155
2015-04-27,2298298,41.965,42.77,41.98,41.52,2298298
2015-04-28,1803453,41.57,42.31,42.18,41.28,1803453
2015-04-29,2160963,41.44,42.2,41.96,41.46,2160963
2015-04-30,1726312,41.11,41.94,41.37,41.47,1726312
2015-05-01,1880177,41.24,41.93,41.83,41.68,1880177
2015-05-04,1073820,41.7,42.08,41.94,41.94,1073820
2015-05-05,1254801,41.455,41.85,41.59,42.43,1254801
2015-05-06,934611,41.36,41.86,41.59,42.16,934611
2015-05-07,999682,41.31,41.85,41.8,42.8,999682
2015-05-08,1034717,42.21,42.53,42.5,43.59,1034717
2015-05-11,975490,42.39,42.83,42.62,42.96,975490
2015-05-12,2617833,41.5,42.5,41.91,43.28,2617833
2015-05-13,1992774,41.71,42.39,41.81,43.14,1992774
2015-05-14,2883667,41.87,42.2251,42.05,42.74,2883667
2015-05-15,2147413,41.99,42.26,42.04,43.33,2147413
2015-05-18,1966147,41.98,42.7,42.63,43.42,1966147
2015-05-19,5277345,41.5,42.83,42.37,42.72,5277345
2015-05-20,2652326,42.43,42.8378,42.61,42.42,2652326
2015-05-21,2126257,42.2,42.73,42.32,42.71,2126257
2015-05-22,1484752,42.07,42.67,42.5,42.74,1484752
2015-05-26,1919645,41.985,42.63,42.06,41.87,1919645
2015-05-27,2507443,42.1,42.93,42.61,42.04,2507443
2015-05-28,3347403,41.35,42.71,41.75,41.83,3347403
2015-05-29,5022554,40.82,41.83,41.19,41.41,5022554
2015-06-01,2440065,40.85,41.43,40.92,41.88,2440065
2015-06-02,2947454,40.67,41.14,41.11,41.72,2947454
2015-06-03,2722286,40.94,41.36,41.1,41.86,2722286
2015-06-04,4091870,40.01,41.08,40.54,41.59,4091870
2015-06-05,1760467,40.2,40.67,40.31,42.23,1760467
2015-06-08,1353411,39.91,40.35,39.95,42.39,1353411
2015-06-09,1439015,39.8303,40.33,40.12,42.36,1439015
2015-06-10,1789330,40.27,40.59,40.52,42.05,1789330
2015-06-11,1576987,40.29,40.6,40.53,42.18,1576987
2015-06-12,2769551,39.735,40.49,39.84,42.14,2769551
2015-06-15,2361878,39.25,39.63,39.52,42.05,2361878
2015-06-16,1422563,39.38,39.81,39.79,41.57,1422563
2015-06-17,1519421,39.32,39.8,39.6,42.5,1519421
2015-06-18,1865267,39.72,40.055,39.9,42.57,1865267
2015-06-19,2658779,39.49,39.94,39.49,42.27,2658779
2015-06-22,3909250,39.73,40.01,39.81,42.48,3909250
2015-06-23,2053553,39.42,39.95,39.6,42.27,2053553
2015-06-24,6127695,39.025,40.45,40.19,42.45,6127695
2015-06-25,5265822,39.38,40.52,40.05,41.79,5265822
2015-06-26,3350458,39.775,40.17,40.02,41.43,3350458
2015-06-29,2516360,38.74,39.8,38.74,40.94,2516360
2015-06-30,3037436,38.48,39.19,38.58,41.31,3037436
2015-07-01,4486572,38.75,39.295,39.26,40.89,4486572
2015-07-02,2160799,39.15,39.64,39.58,40.54,2160799
2015-07-06,2509428,39.08,39.66,39.36,40.26,2509428
2015-07-07,2927761,39.1359,39.79,39.79,39.93,2927761
2015-07-08,3390976,38.71,39.48,38.75,40.4,3390976
2015-07-09,2237945,38.91,39.33,38.92,40.57,2237945
2015-07-10,2107093,39.155,39.44,39.4,40.33,2107093
2015-07-13,1579730,39.54,40.0,39.96,39.63,1579730
2015-07-14,2801301,39.89,40.66,40.49,39.59,2801301
2015-07-15,2247745,40.02,40.52,40.13,39.76,2247745
2015-07-16,1826485,40.12,40.44,40.34,39.8,1826485
2015-07-17,2412373,39.84,40.33,39.95,39.8,2412373
2015-07-20,1155252,39.95,40.13,40.06,39.81,1155252
2015-07-21,1160904,39.54,40.01,39.57,39.89,1160904
2015-07-22,2949376,39.29,40.42,40.33,39.47,2949376
2015-07-23,1708801,40.01,40.37,40.25,39.8,1708801
2015-07-24,1844946,39.22,40.17,39.31,40.0,1844946
2015-07-27,5261424,38.61,39.65,39.61,39.6,5261424
2015-07-28,2768225,39.5,40.47,40.45,39.08,2768225
2015-07-29,2014066,40.24,40.73,40.4,38.89,2014066
2015-07-30,2440415,40.07,41.05,40.97,39.36,2440415
2015-07-31,2247715,40.78,41.14,40.95,39.11,2247715
2015-08-03,2104591,40.58,41.13,41.0,39.53,2104591
2015-08-04,1448062,40.55,41.35,40.62,39.48,1448062
2015-08-05,949479,40.69,41.19,40.72,39.27,949479
2015-08-06,1932226,39.91,40.96,40.12,39.29,1932226
2015-08-07,1513076,39.63,40.2099,39.99,39.72,1513076
2015-08-10,1554542,40.16,40.64,40.47,40.05,1554542
2015-08-11,1575708,39.3,40.19,39.42,40.42,1575708
2015-08-12,3440282,38.27,39.11,38.89,40.36,3440282
2015-08-13,2848895,38.46,38.94,38.56,40.2,2848895
2015-08-14,2632739,38.32,38.73,38.65,40.06,2632739
2015-08-17,3302058,38.12,39.015,38.82,39.97,3302058
2015-08-18,6416891,39.0,40.35,39.02,39.29,6416891
2015-08-19,2730429,38.3,38.805,38.4,40.37,2730429
2015-08-20,2145028,37.5,38.31,37.51,40.11,2145028
2015-08-21,3828206,36.175,37.495,36.23,39.04,3828206
2015-08-24,4114990,33.57,36.01,34.68,40.0,4114990
2015-08-25,3802732,34.3,36.17,34.36,40.5,3802732
2015-08-26,3233814,34.47,35.7,35.62,40.26,3233814
2015-08-27,2406297,35.89,36.67,36.64,41.05,2406297
2015-08-28,1783861,36.15,36.66,36.51,40.92,1783861
2015-08-31,2554666,35.95,36.5525,36.31,40.94,2554666
2015-09-01,2954093,34.57,35.58,34.75,40.94,2954093
2015-09-02,2119191,34.88,35.53,35.53,40.95,2119191
2015-09-03,2140822,35.525,36.12,35.75,40.14,2140822
2015-09-04,2819027,34.9,35.51,35.06,40.24,2819027
2015-09-08,1787408,35.51,36.25,36.21,40.19,1787408
2015-09-09,1885293,35.44,36.8,35.54,39.05,1885293
2015-09-10,1628726,35.44,36.04,35.86,38.94,1628726
2015-09-11,1443721,35.44,35.96,35.96,38.62,1443721
2015-09-14,2223319,35.32,36.09,35.55,38.36,2223319
2015-09-15,1752721,35.51,36.295,36.15,39.11,1752721
2015-09-16,2130117,36.06,36.865,36.52,38.69,2130117
2015-09-17,1819067,36.29,36.99,36.4,38.01,1819067
2015-09-18,3352296,35.585,36.22,35.74,37.13,3352296
2015-09-21,2640363,35.41,36.07,35.69,33.87,2640363
2015-09-22,2283337,34.94,35.33,35.05,35.68,2283337
2015-09-23,1962552,34.81,35.24,34.95,35.36,1962552
2015-09-24,2028940,34.15,34.64,34.55,36.17,2028940
2015-09-25,2730672,34.1,35.02,34.45,36.45,2730672
2015-09-28,2615440,33.32,34.27,33.37,36.44,2615440
2015-09-29,2252364,33.245,34.06,33.74,35.3,2252364
2015-09-30,2545749,33.67,34.43,34.33,35.41,2545749
2015-10-01,3011460,33.48,34.48,33.74,35.61,3011460
2015-10-02,3519448,33.115,34.68,34.67,35.04,3519448
2015-10-05,1675429,34.84,35.39,35.34,35.82,1675429
2015-10-06,1833679,34.53,35.21,34.9,36.5,1833679
2015-10-07,3089575,35.1,35.78,35.54,35.61,3089575
2015-10-08,2598314,35.34,36.07,36.01,35.66,2598314
2015-10-09,3232938,35.88,36.34,36.23,35.92,3232938
2015-10-12,1349866,35.86,36.1786,35.99,35.75,1349866
2015-10-13,2383212,35.53,36.24,35.63,36.15,2383212
2015-10-14,1647407,34.97,35.77,35.05,36.63,1647407
2015-10-15,1432995,34.79,35.68,35.58,35.86,1432995
2015-10-16,1754319,35.37,36.02,35.78,35.96,1754319
2015-10-19,3685845,35.59,36.23,36.23,35.19,3685845
2015-10-20,2635777,36.03,36.52,36.32,35.1,2635777
2015-10-21,2886412,35.8,36.6,35.9,34.56,2886412
2015-10-22,3696278,36.0,36.95,36.09,34.7,3696278
2015-10-23,2732645,36.18,37.27,37.11,34.13,2732645
2015-10-26,1948411,36.686,37.11,36.83,33.36,1948411
2015-10-27,2557172,36.465,37.06,37.05,34.08,2557172
2015-10-28,1780126,36.77,37.61,37.52,34.32,1780126
2015-10-29,1352267,37.28,37.77,37.7,33.18,1352267
2015-10-30,2194619,37.68,38.1,37.76,35.04,2194619
2015-11-02,1810869,37.8,38.62,38.59,35.13,1810869
2015-11-03,1485779,38.16,38.52,38.27,35.2,1485779
2015-11-04,1569620,38.0,38.48,38.34,35.39,1569620
2015-11-05,1419963,37.93,38.5,38.3,35.94,1419963
2015-11-06,1964478,37.98,38.44,38.14,36.08,1964478
2015-11-09,3109588,37.48,38.08,37.92,35.76,3109588
2015-11-10,4339800,37.69,38.175,37.98,35.64,4339800
2015-11-11,1969168,37.65,38.22,37.66,35.12,1969168
2015-11-12,3096336,37.24,37.77,37.49,35.69,3096336
2015-11-13,3335092,36.63,37.57,36.77,35.69,3335092
2015-11-16,2490208,36.6,37.49,37.33,36.11,2490208
2015-11-17,7679493,36.5,38.5,38.38,36.54,7679493
2015-11-18,6589609,38.36,39.36,39.34,36.03,6589609
2015-11-19,7275136,38.31,39.695,38.5,36.5,7275136
2015-11-20,5447723,38.52,39.355,39.28,36.98,5447723
2015-11-23,6474141,39.14,40.07,40.03,36.67,6474141
2015-11-24,5669066,39.73,40.72,40.67,37.06,5669066
2015-11-25,3797067,40.47,41.5,41.34,37.47,3797067
2015-11-27,1935738,41.16,42.2,41.97,37.72,1935738
2015-11-30,3208114,41.61,42.05,41.82,37.87,3208114
2015-12-01,7989220,41.04,42.31,41.06,38.31,7989220
2015-12-02,4713210,40.37,41.46,40.42,38.33,4713210
2015-12-03,3314529,39.95,40.74,40.15,38.27,3314529
2015-12-04,2519309,40.13,41.205,41.1,38.1,2519309
2015-12-07,2004492,40.54,41.1,40.7,38.04,2004492
2015-12-08,4331832,40.42,41.28,41.17,37.89,4331832
2015-12-09,4133291,40.9125,41.8,40.98,38.16,4133291
2015-12-10,3709240,40.65,41.66,41.25,37.36,3709240
2015-12-11,2634362,40.055,40.75,40.19,37.39,2634362
2015-12-14,2310538,39.9,40.54,40.25,36.75,2310538
2015-12-15,2195375,40.56,41.1,40.81,36.5,2195375
2015-12-16,2582642,40.67,41.57,41.43,38.43,2582642
2015-12-17,2218837,40.77,41.63,40.78,39.16,2218837
2015-12-18,3364796,40.08,40.7099,40.1,38.78,3364796
2015-12-21,1735159,40.44,41.12,40.83,39.29,1735159
2015-12-22,1643172,40.715,41.33,41.22,39.81,1643172
2015-12-23,1510716,41.39,41.86,41.77,40.59,1510716
2015-12-24,874549,41.67,42.26,42.14,41.32,874549
2015-12-28,1458242,41.52,42.08,41.78,41.97,1458242
2015-12-29,1757360,41.9201,42.48,42.36,42.16,1757360
2015-12-30,834358,42.01,42.38,42.17,41.07,834358
2015-12-31,1450968,41.715,42.35,41.81,40.64,1450968
2016-01-04,3287335,40.34,41.19,40.69,40.23,3287335
2016-01-05,2587246,40.34,40.95,40.55,40.92,2587246
2016-01-06,2103619,40.05,40.99,40.73,40.61,2103619
2016-01-07,3504314,38.81,40.15,39.0,41.25,3504314
2016-01-08,3736768,38.465,39.705,38.59,40.96,3736768
2016-01-11,2818611,37.41,38.9,37.94,40.75,2818611
2016-01-12,1989379,37.6462,38.58,38.19,40.22,1989379
2016-01-13,4206638,36.715,38.47,36.86,40.75,4206638
2016-01-14,2893372,36.55,37.8799,37.61,41.01,2893372
2016-01-15,2994386,36.55,37.56,37.11,41.55,2994386
2016-01-19,2506559,36.79,37.92,37.2,40.56,2506559
2016-01-20,2469088,36.13,37.61,37.26,40.51,2469088
2016-01-21,2298372,36.81,37.83,37.23,41.01,2298372
2016-01-22,1834467,37.58,38.18,37.98,41.62,1834467
2016-01-25,1831240,37.4,38.03,37.61,41.79,1831240
2016-01-26,1755032,37.36,37.96,37.51,42.02,1755032
2016-01-27,1479446,36.81,37.92,37.05,42.08,1479446
2016-01-28,3479452,36.01,37.27,36.11,42.36,3479452
2016-01-29,2959863,36.31,37.69,37.65,41.9,2959863
2016-02-01,2666567,37.0,37.945,37.69,41.06,2666567
2016-02-02,1742325,36.95,37.55,37.07,40.73,1742325
2016-02-03,2128426,36.29,37.36,37.19,40.24,2128426
2016-02-04,2833492,36.97,37.79,37.42,40.14,2833492
2016-02-05,4424609,35.83,37.31,36.04,39.22,4424609
2016-02-08,3888601,34.39,35.78,34.8,38.71,3888601
2016-02-09,3464464,34.15,35.77,35.37,38.43,3464464
2016-02-10,3169951,35.53,36.73,35.85,38.35,3169951
2016-02-11,3224004,34.935,35.61,35.33,36.94,3224004
2016-02-12,3923627,35.52,36.23,36.22,36.67,3923627
2016-02-16,2903649,36.4,37.17,37.08,37.64,2903649
2016-02-17,5382312,34.75,38.13,37.87,36.68,5382312
2016-02-18,2231481,37.09,37.96,37.19,37.35,2231481
2016-02-19,2339426,36.85,37.6,37.44,37.91,2339426
2016-02-22,1792962,37.78,38.19,38.03,37.4,1792962
2016-02-23,1282290,36.95,37.96,37.17,37.89,1282290
2016-02-24,1454952,36.47,37.5,37.48,37.39,1454952
2016-02-25,1453515,36.96,37.71,37.63,37.27,1453515
2016-02-26,944266,37.44,37.92,37.59,36.44,944266
2016-02-29,2187500,37.33,37.7,37.35,37.37,2187500
2016-03-01,2760200,37.61,38.66,38.59,37.18,2760200
2016-03-02,3612508,38.41,39.27,39.04,37.27,3612508
2016-03-03,946823,38.74,39.23,39.2,37.15,946823
2016-03-04,1124968,39.03,39.58,39.34,37.26,1124968
2016-03-07,1221574,38.96,39.68,39.43,35.61,1221574
2016-03-08,1801486,38.01,39.13,38.09,34.21,1801486
2016-03-09,1614633,37.96,38.4,38.13,35.63,1614633
2016-03-10,1614998,37.62,38.51,37.98,35.12,1614998
2016-03-11,1517348,38.32,39.272,39.23,35.84,1517348
2016-03-14,929638,38.41,39.17,39.02,36.72,929638
2016-03-15,1059439,38.08,38.71,38.29,35.22,1059439
2016-03-16,1956125,38.02,39.105,38.98,37.73,1956125
2016-03-17,1895669,38.59,39.44,39.29,36.98,1895669
2016-03-18,2504361,39.27,40.48,40.19,37.88,2504361
2016-03-21,2172615,39.64,40.14,39.65,37.64,2172615
2016-03-22,1552312,39.445,40.04,39.88,36.65,1552312
2016-03-23,1554822,39.37,39.99,39.47,37.62,1554822
2016-03-24,993627,38.89,39.45,39.43,37.75,993627
2016-03-28,1272724,39.14,39.75,39.52,37.59,1272724
2016-03-29,1091198,39.11,40.22,40.16,37.63,1091198
2016-03-30,783495,39.89,40.58,40.12,38.49,783495
2016-03-31,3143468,39.66,40.1,39.85,38.92,3143468
2016-04-01,2857844,39.5,40.38,40.31,39.14,2857844
2016-04-04,2958061,39.8,40.52,40.01,39.04,2958061
2016-04-05,1900659,39.19,39.89,39.26,38.97,1900659
2016-04-06,1566612,39.17,40.25,40.24,38.31,1566612
2016-04-07,1373839,39.25,40.1,39.47,38.17,1373839
2016-04-08,1106293,39.4,39.97,39.54,38.43,1106293
2016-04-11,1049336,39.35,40.0,39.41,38.98,1049336
2016-04-12,992495,39.34,39.825,39.75,38.59,992495
2016-04-13,2495340,39.5,41.0,40.69,38.09,2495340
2016-04-14,1347753,40.53,41.08,40.78,39.06,1347753
2016-04-15,1442264,40.625,40.95,40.91,39.33,1442264
2016-04-18,1536678,40.61,41.45,41.31,40.07,1536678
2016-04-19,1640774,41.13,41.74,41.4,39.56,1640774
2016-04-20,1243893,41.3,41.68,41.52,39.9,1243893
2016-04-21,1670389,41.42,41.995,41.93,39.16,1670389
2016-04-22,1396272,41.55,41.98,41.8,39.54,1396272
2016-04-25,1500449,41.53,41.86,41.63,39.35,1500449
2016-04-26,1868970,41.26,41.88,41.32,40.36,1868970
2016-04-27,1189462,41.04,41.75,41.58,40.01,1189462
2016-04-28,1549792,41.06,41.775,41.18,39.56,1549792
2016-04-29,2028332,40.26,41.04,40.92,40.32,2028332
2016-05-02,1285318,41.13,41.75,41.71,39.73,1285318
2016-05-03,1333991,40.91,41.49,41.24,39.29,1333991
2016-05-04,1602991,40.39,41.2,40.52,39.89,1602991
2016-05-05,1083956,40.51,41.03,40.96,39.69,1083956
2016-05-06,1403483,40.72,41.62,41.43,39.86,1403483
2016-05-09,1741539,41.29,41.78,41.33,39.47,1741539
2016-05-10,2094305,41.35,42.0,42.0,39.52,2094305
2016-05-11,3328961,42.12,43.2,42.46,40.86,3328961
2016-05-12,2504924,42.42,42.94,42.73,40.77,2504924
2016-05-13,2430565,42.39,42.93,42.62,40.72,2430565
2016-05-16,3979321,42.5,43.07,42.94,41.18,3979321
2016-05-17,7130371,43.63,45.34,44.41,41.42,7130371
2016-05-18,3476470,43.99,44.74,44.32,41.5,3476470
2016-05-19,3660160,43.975,44.82,44.56,41.98,3660160
2016-05-20,2567686,44.69,45.22,44.89,41.71,2567686
2016-05-23,1689755,44.53,44.96,44.57,41.82,1689755
2016-05-24,3236305,44.7,45.29,45.03,41.35,3236305
2016-05-25,2352424,45.12,45.61,45.42,41.25,2352424
2016-05-26,2569626,45.2,45.6,45.51,40.92,2569626
2016-05-27,1823120,45.37,45.85,45.82,41.2,1823120
2016-05-31,2256373,45.575,46.0,45.89,41.32,2256373
2016-06-01,1734386,45.45,46.095,45.95,40.81,1734386
2016-06-02,2209387,45.82,46.15,45.9,40.64,2209387
2016-06-03,2395816,45.19,45.85,45.72,40.86,2395816
2016-06-06,2359193,45.72,46.01,45.86,41.51,2359193
2016-06-07,1500872,45.6099,45.95,45.75,41.5,1500872
2016-06-08,1552146,45.71,46.18,46.15,42.19,1552146
2016-06-09,1204415,45.88,46.18,46.09,42.59,1204415
2016-06-10,1261698,45.19,45.78,45.36,42.55,1261698
2016-06-13,1272833,44.905,45.52,44.92,42.61,1272833
2016-06-14,1624087,44.56,44.945,44.91,44.96,1624087
2016-06-15,2029194,44.9,45.38,44.94,44.45,2029194
2016-06-16,1784741,44.585,45.425,45.37,44.07,1784741
2016-06-17,3434813,44.87,45.42,45.36,44.86,3434813
2016-06-20,3161329,45.57,46.35,46.14,44.89,3161329
2016-06-21,2112964,45.76,46.33,46.16,44.76,2112964
2016-06-22,2412064,45.945,46.47,46.03,45.12,2412064
2016-06-23,1487938,46.39,46.68,46.68,45.58,1487938
2016-06-24,5263644,43.92,45.065,44.12,45.55,5263644
2016-06-27,4328364,41.98,43.71,42.26,45.79,4328364
2016-06-28,4300845,42.155,43.11,43.11,45.75,4300845
2016-06-29,2402578,43.19,43.98,43.76,45.91,2402578
2016-06-30,2181066,43.59,44.4,44.36,45.73,2181066
2016-07-01,1591476,44.31,44.8,44.6,45.72,1591476
2016-07-05,1813468,43.63,44.35,43.75,45.81,1813468
2016-07-06,2312133,43.36,44.55,44.47,45.75,2312133
2016-07-07,1861536,44.18,44.74,44.42,45.98,1861536
2016-07-08,1838137,44.86,45.55,45.48,45.73,1838137
2016-07-11,1094683,45.35,45.77,45.4,45.32,1094683
2016-07-12,2237748,45.64,46.66,46.53,44.7,2237748
2016-07-13,1852475,46.325,46.82,46.41,45.11,1852475
2016-07-14,1192500,46.69,46.98,46.8,44.72,1192500
2016-07-15,1202638,46.55,46.96,46.67,45.42,1202638
2016-07-18,1362884,46.341,46.875,46.8,45.57,1362884
2016-07-19,2583860,46.49,47.0,46.98,46.21,2583860
2016-07-20,2124914,46.82,47.18,47.01,46.15,2124914
2016-07-21,1226365,46.465,47.14,46.67,46.5,1226365
2016-07-22,1512440,46.42,46.79,46.58,44.56,1512440
2016-07-25,1720649,45.92,46.52,46.14,43.63,1720649
2016-07-26,1792674,45.79,46.95,46.95,42.67,1792674
2016-07-27,1572573,46.73,47.46,47.26,43.55,1572573
2016-07-28,1945517,47.02,47.75,47.51,43.68,1945517
2016-07-29,1881372,47.36,48.175,48.11,44.36,1881372
2016-08-01,1604639,47.62,48.11,47.87,44.31,1604639
2016-08-02,1595948,46.97,47.75,47.18,43.65,1595948
2016-08-03,1508868,46.9,47.18,47.09,44.47,1508868
2016-08-04,1700182,46.74,47.33,46.83,44.86,1700182
2016-08-05,1250805,47.1,47.54,47.49,45.61,1250805
2016-08-08,1311724,47.14,47.67,47.23,45.77,1311724
2016-08-09,1006170,47.11,47.625,47.45,46.64,1006170
2016-08-10,754137,47.21,47.58,47.51,46.86,754137
2016-08-11,1377024,47.47,48.19,48.13,46.96,1377024
2016-08-12,1538976,47.7,48.195,48.14,46.6,1538976
2016-08-15,2323589,48.12,48.62,48.44,46.67,2323589
2016-08-16,3175994,48.117,48.54,48.28,46.96,3175994
2016-08-17,3154934,48.08,48.63,48.43,46.98,3154934
2016-08-18,4660295,46.09,47.34,46.72,46.72,4660295
2016-08-19,3340438,46.57,47.79,47.62,46.49,3340438
2016-08-22,1626833,47.38,47.848,47.58,46.21,1626833
2016-08-23,1645348,47.68,48.085,47.82,47.0,1645348
2016-08-24,2634707,46.63,47.82,46.7,47.19,2634707
2016-08-25,2160074,46.61,47.42,47.26,47.49,2160074
2016-08-26,1581245,47.07,47.79,47.32,48.11,1581245
2016-08-29,1332975,47.31,47.89,47.62,47.71,1332975
2016-08-30,2231203,47.08,47.81,47.14,47.1,2231203
2016-08-31,1676587,46.8075,47.19,46.98,47.16,1676587
2016-09-01,1257886,46.8075,47.22,46.99,47.1,1257886
2016-09-02,1424454,46.89,47.39,47.0,47.57,1424454
2016-09-06,1460928,46.72,47.11,46.95,47.11,1460928
2016-09-07,1542576,46.86,47.17,47.11,47.51,1542576
2016-09-08,884738,46.94,47.16,47.02,47.62,884738
2016-09-09,2507018,44.87,46.53,44.88,47.97,2507018
2016-09-12,1835434,44.47,45.81,45.75,48.17,1835434
2016-09-13,3461832,44.61,45.42,44.9,48.27,3461832
2016-09-14,1604806,44.6,45.1,44.86,48.63,1604806
2016-09-15,1733971,44.81,45.68,45.44,46.88,1733971
2016-09-16,2592850,44.74,45.39,44.79,46.58,2592850
2016-09-19,1927900,44.86,45.48,44.95,47.63,1927900
2016-09-20,2333122,45.15,45.95,45.71,47.73,2333122
2016-09-21,1612736,45.41,46.25,46.04,47.74,1612736
2016-09-22,1307074,46.29,46.7,46.67,46.67,1307074
2016-09-23,1957032,46.31,46.87,46.61,47.41,1957032
2016-09-26,2639060,46.16,46.77,46.57,47.45,2639060
2016-09-27,1587143,46.23,46.71,46.7,47.66,1587143
2016-09-28,1502533,46.52,47.26,47.18,47.12,1502533
2016-09-29,1938218,46.14,47.27,46.41,47.03,1938218
2016-09-30,1754316,46.3,47.315,47.09,47.23,1754316
2016-10-03,1539625,46.82,47.23,47.14,46.9,1539625
2016-10-04,1763985,46.67,47.3,46.83,47.07,1763985
2016-10-05,1432268,46.9275,47.31,47.15,47.07,1432268
2016-10-06,1772801,46.88,47.43,47.3,46.51,1772801
2016-10-07,1663127,46.99,47.49,47.38,44.59,1663127
2016-10-10,1544958,47.55,48.15,47.69,45.36,1544958
2016-10-11,2912537,45.42,47.19,45.69,45.01,2912537
2016-10-12,1736076,45.42,45.815,45.47,44.86,1736076
2016-10-13,1336023,44.755,45.32,45.16,45.39,1336023
2016-10-14,997137,45.08,45.62,45.08,44.9,997137
2016-10-17,1160321,44.9999,45.47,45.15,45.33,1160321
2016-10-18,1949108,45.27,45.83,45.44,45.98,1949108
2016-10-19,1769090,45.34,46.15,46.02,46.38,1769090
2016-10-20,1493608,45.65,46.215,46.05,46.43,1493608
2016-10-21,1011340,45.29,45.67,45.57,46.46,1011340
2016-10-24,1666388,45.64,45.95,45.85,46.53,1666388
2016-10-25,3949609,43.17,45.59,43.51,46.9,3949609
2016-10-26,2146178,43.24,43.82,43.37,47.05,2146178
2016-10-27,2393625,43.35,44.19,43.38,46.5,2393625
2016-10-28,1471348,43.11,43.87,43.22,46.82,1471348
2016-10-31,1556762,43.18,43.7,43.57,47.07,1556762
2016-11-01,2133116,43.14,44.11,43.49,47.04,2133116
2016-11-02,2240428,43.24,43.73,43.26,47.01,2240428
2016-11-03,2510054,43.18,44.0,43.66,47.33,2510054
2016-11-04,2220908,43.69,44.915,44.32,47.58,2220908
2016-11-07,1723957,44.95,45.76,45.71,47.19,1723957
2016-11-08,2136740,45.32,45.9599,45.62,45.78,2136740
2016-11-09,3501243,44.49,46.09,45.94,44.84,3501243
2016-11-10,2558722,46.34,47.38,47.03,45.38,2558722
2016-11-11,2219255,46.21,46.87,46.37,45.08,2219255
2016-11-14,3443200,45.18,46.73,45.33,45.7,3443200
2016-11-15,4710170,44.95,46.0,45.4,45.41,4710170
2016-11-16,4026754,46.15,47.8,46.18,46.0,4026754
2016-11-17,2070609,45.55,46.16,45.94,45.67,2070609
2016-11-18,3148538,45.01,46.2,45.04,45.88,3148538
2016-11-21,2540067,44.65,45.24,44.97,45.26,2540067
2016-11-22,2831226,43.77,45.16,44.46,43.42,2831226
2016-11-23,1926275,43.97,44.78,44.65,43.97,1926275
2016-11-25,877140,44.62,45.005,44.89,43.38,877140
2016-11-28,2241795,43.58,44.69,43.6,43.33,2241795
2016-11-29,1952118,43.52,44.63,44.48,43.73,1952118
2016-11-30,2238575,43.94,44.9,43.98,43.47,2238575
2016-12-01,2823273,42.92,44.1,43.21,43.33,2823273
2016-12-02,2153515,43.27,44.09,44.03,43.69,2153515
2016-12-05,2495020,44.21,44.69,44.53,44.99,2495020
2016-12-06,1136658,44.2,44.9,44.84,45.48,1136658
2016-12-07,1815238,44.11,44.99,44.99,45.41,1815238
2016-12-08,1848936,44.77,45.83,45.8,46.6,1848936
2016-12-09,1937622,45.85,46.32,46.3,46.77,1937622
2016-12-12,1851517,46.11,46.75,46.14,46.66,1851517
2016-12-13,1734678,46.16,46.61,46.39,45.33,1734678
2016-12-14,2044052,46.0,46.79,46.14,46.3,2044052
2016-12-15,1338905,45.9201,46.77,46.56,46.16,1338905
2016-12-16,2103155,45.81,46.92,45.91,45.91,2103155
2016-12-19,1084164,45.36,46.22,45.43,45.22,1084164
2016-12-20,1552366,45.54,46.31,46.21,44.94,1552366
2016-12-21,1652288,45.86,46.36,46.04,44.18,1652288
2016-12-22,968296,45.8,46.13,45.97,44.74,968296
2016-12-23,727682,45.93,46.23,46.2,44.52,727682
2016-12-27,1535489,46.32,46.655,46.51,43.6,1535489
2016-12-28,1177275,45.68,46.7,45.72,44.79,1177275
2016-12-29,891398,45.57,46.0,45.64,44.08,891398
2016-12-30,1216100,45.375,45.82,45.56,43.27,1216100
2017-01-03,1739726,45.74,46.75,46.49,44.21,1739726
2017-01-04,1821264,46.8162,47.38,47.1,44.58,1821264
2017-01-05,1503763,46.355,47.07,46.54,44.56,1503763
2017-01-06,2883483,46.56,48.07,47.99,44.99,2883483
2017-01-09,2575328,47.905,48.555,48.14,45.91,2575328
2017-01-10,1560549,47.82,48.54,48.1,46.18,1560549
2017-01-11,5624332,47.95,49.48,49.25,46.31,5624332
2017-01-12,3276952,47.98,48.9,48.52,46.43,3276952
2017-01-13,1568923,48.41,48.85,48.69,46.08,1568923
2017-01-17,1939449,48.175,48.715,48.32,46.61,1939449
2017-01-18,1523508,48.0,48.73,48.25,45.89,1523508
2017-01-19,1346142,47.51,48.09,47.64,45.75,1346142
2017-01-20,1701695,47.4139,47.93,47.62,46.21,1701695
2017-01-23,2013878,47.23,47.83,47.39,45.93,2013878
2017-01-24,2741915,47.05,48.21,47.35,46.08,2741915
2017-01-25,3073228,47.41,48.42,48.41,46.37,3073228
2017-01-26,1895562,47.915,48.43,48.17,46.51,1895562
2017-01-27,1527822,48.3,48.825,48.65,45.68,1527822
2017-01-30,2266487,47.385,48.55,47.67,45.76,2266487
2017-01-31,2552612,48.01,49.145,48.97,45.93,2552612
2017-02-01,2244604,48.68,49.81,49.26,46.93,2244604
2017-02-02,1352525,48.47,49.0,48.9,47.05,1352525
2017-02-03,1191855,49.06,49.47,49.38,46.63,1191855
2017-02-06,952095,48.96,49.38,49.27,48.01,952095
2017-02-07,2170720,49.26,49.78,49.64,48.34,2170720
2017-02-08,2107079,49.23,50.03,49.93,48.03,2107079
2017-02-09,2557747,50.0,50.8,50.47,48.9,2557747
2017-02-10,2092479,50.02,50.59,50.36,48.6,2092479
2017-02-13,1568350,50.42,50.89,50.52,48.37,1568350
2017-02-14,3546878,50.09,50.68,50.39,48.67,3546878
2017-02-15,5724488,50.62,51.84,51.62,48.04,5724488
2017-02-16,2550439,50.56,51.68,50.84,47.83,2550439
2017-02-17,2195788,50.58,51.64,51.63,47.6,2195788
2017-02-21,2036993,51.17,51.8,51.35,47.77,2036993
2017-02-22,1632886,51.19,51.723,51.34,47.6,1632886
2017-02-23,1006867,51.2,51.6,51.47,48.42,1006867
2017-02-24,1612698,51.33,51.83,51.74,48.32,1612698
2017-02-27,1195138,51.46,51.94,51.66,48.48,1195138
2017-02-28,1417772,51.23,51.65,51.3,48.04,1417772
2017-03-01,2026600,51.62,52.26,52.04,48.93,2026600
2017-03-02,1706500,51.33,52.08,51.38,48.88,1706500
2017-03-03,1824423,51.15,52.04,51.98,49.09,1824423
2017-03-06,1884477,51.175,51.82,51.25,49.13,1884477
2017-03-07,2233561,50.86,51.445,51.21,49.42,2233561
2017-03-08,1517642,50.95,51.565,51.41,49.37,1517642
2017-03-09,1259407,51.13,51.58,51.43,50.1,1259407
2017-03-10,1860508,51.48,52.355,52.15,50.51,1860508
2017-03-13,1376191,51.99,52.46,52.45,50.63,1376191
2017-03-14,1203368,51.96,52.26,52.21,50.24,1203368
2017-03-15,4117983,53.02,54.82,54.1,51.14,4117983
2017-03-16,2676915,52.83,54.05,53.05,51.68,2676915
2017-03-17,1936902,52.92,53.53,53.31,50.65,1936902
2017-03-20,1221409,53.0,53.63,53.15,51.66,1221409
2017-03-21,1492698,52.48,53.7335,52.66,51.31,1492698
2017-03-22,1257072,52.65,53.47,53.13,51.44,1257072
2017-03-23,1717929,52.72,53.78,53.18,51.38,1717929
2017-03-24,2015289,52.84,54.05,53.08,51.74,2015289
2017-03-27,1446568,52.42,53.34,53.24,51.52,1446568
2017-03-28,1312688,53.095,53.61,53.44,51.62,1312688
2017-03-29,1469882,52.78,53.42,53.12,52.04,1469882
2017-03-30,1627592,52.9,53.425,53.32,51.38,1627592
2017-03-31,1705625,52.81,53.23,52.87,51.64,1705625
2017-04-03,1550227,52.73,53.21,53.2,51.06,1550227
2017-04-04,2017094,52.48,53.24,52.62,51.26,2017094
2017-04-05,1778251,52.695,53.22,52.71,51.42,1778251
2017-04-06,1548170,52.26,53.23,53.15,51.69,1548170
2017-04-07,1243550,52.7,53.07,52.84,52.14,1243550
2017-04-10,1025248,52.68,53.26,52.72,52.24,1025248
2017-04-11,1520703,52.37,52.9,52.83,53.31,1520703
2017-04-12,1258152,52.47,53.03,52.55,53.43,1258152
2017-04-13,863990,52.31,52.74,52.33,53.06,863990
2017-04-17,1569436,52.43,53.705,53.46,53.33,1569436
2017-04-18,1241164,52.68,53.6,53.03,53.28,1241164
2017-04-19,2096351,52.95,53.42,53.07,52.79,2096351
2017-04-20,1569985,52.79,53.4,53.13,53.04,1569985
2017-04-21,2189351,52.8399,53.39,53.27,54.05,2189351
2017-04-24,2257682,53.91,54.525,54.44,52.6,2257682
2017-04-25,2181857,54.51,55.19,54.81,53.29,2181857
2017-04-26,1834961,54.805,55.33,54.83,53.26,1834961
2017-04-27,1529024,54.83,55.505,55.43,53.06,1529024
2017-04-28,3078163,54.835,55.35,55.05,53.07,3078163
2017-05-01,1897018,55.36,55.99,55.8,52.9,1897018
2017-05-02,1693069,55.51,55.97,55.93,53.2,1693069
2017-05-03,1702565,55.61,56.2575,56.16,52.72,1702565
2017-05-04,2615560,56.16,56.75,56.7,52.7,2615560
2017-05-05,1571536,56.59,56.96,56.64,53.07,1571536
2017-05-08,2189984,55.93,56.82,56.32,52.9,2189984
2017-05-09,1559975,56.29,56.89,56.87,52.7,1559975
2017-05-10,1566289,56.08,56.94,56.27,52.85,1566289
2017-05-11,1347633,55.8,56.38,56.23,52.43,1347633
2017-05-12,1578292,55.96,56.4,56.16,52.63,1578292
2017-05-15,1472226,56.01,56.76,56.7,53.02,1472226
2017-05-16,1032600,56.45,58.38,56.83,53.35,1032600
2017-05-17,1839737,55.67,56.37,55.77,53.33,1839737
2017-05-18,1934996,55.6,56.27,55.85,53.26,1934996
2017-05-19,1654441,55.86,56.32,56.13,53.93,1654441
2017-05-22,4264780,55.85,56.52,56.08,54.75,4264780
2017-05-23,7510578,58.0,59.98,58.66,55.0,7510578
2017-05-24,4105470,58.0725,59.34,59.23,54.93,4105470
2017-05-25,2772812,58.92,59.7,59.3,55.31,2772812
2017-05-26,1535237,59.041,59.72,59.51,55.5,1535237
2017-05-30,2576416,59.41,60.48,60.37,55.85,2576416
2017-05-31,2552411,59.45,60.81,60.34,55.68,2552411
2017-06-01,2100441,59.81,60.77,60.73,56.2,2100441
2017-06-02,1666245,60.76,61.15,60.81,56.85,1666245
2017-06-05,1473282,60.33,60.84,60.4,56.65,1473282
2017-06-06,1968022,60.1,60.545,60.1,56.42,1968022
2017-06-07,1617604,59.98,60.765,60.63,56.85,1617604
2017-06-08,3486602,59.71,60.725,60.15,56.13,3486602
2017-06-09,2352814,59.13,60.45,59.21,56.16,2352814
2017-06-12,2579658,57.92,59.41,58.99,56.07,2579658
2017-06-13,1527210,58.93,59.64,59.28,58.38,1527210
2017-06-14,1203468,59.05,59.78,59.38,56.31,1203468
2017-06-15,1092596,58.82,59.29,59.21,55.9,1092596
2017-06-16,2157514,59.235,59.79,59.51,56.09,2157514
2017-06-19,2383659,59.58,60.67,60.55,56.52,2383659
2017-06-20,1821710,60.295,60.92,60.33,59.8,1821710
2017-06-21,2247944,59.67,60.53,59.79,58.5,2247944
2017-06-22,3473861,59.61,60.8,60.61,59.53,3473861
2017-06-23,2879785,59.5001,60.59,59.77,59.23,2879785
2017-06-26,1535542,59.15,59.95,59.24,59.54,1535542
2017-06-27,1060391,58.84,59.57,58.88,59.45,1060391
2017-06-28,1191537,59.2,59.7,59.4,60.01,1191537
2017-06-29,1357538,58.49,59.63,58.8,60.8,1357538
2017-06-30,1593786,58.835,59.57,59.31,60.8,1593786
2017-07-03,1489574,59.13,59.98,59.13,60.14,1489574
2017-07-05,1638980,59.19,60.05,59.77,60.26,1638980
2017-07-06,2249516,59.07,59.77,59.22,60.62,2249516
2017-07-07,965439,59.33,60.07,59.63,60.31,965439
2017-07-10,1146033,59.38,60.045,59.86,59.14,1146033
2017-07-11,2976519,59.46,60.16,59.8,59.07,2976519
2017-07-12,1439395,60.16,60.99,60.73,59.54,1439395
2017-07-13,2060109,60.67,61.31,61.19,59.22,2060109
2017-07-14,1286073,60.915,61.655,61.52,59.37,1286073
2017-07-17,1332751,61.4,61.84,61.55,59.58,1332751
2017-07-18,1520122,60.95,61.54,61.21,60.55,1520122
2017-07-19,1512177,61.17,61.64,61.38,60.31,1512177
2017-07-20,2009405,60.81,61.55,60.98,59.94,2009405
2017-07-21,1283236,60.76,61.6,61.37,60.59,1283236
2017-07-24,973808,61.25,61.58,61.5,59.79,973808
2017-07-25,1691988,60.38,61.66,60.54,59.13,1691988
2017-07-26,2520698,59.39,60.81,59.72,59.27,2520698
2017-07-27,1944962,59.6,60.24,59.91,59.35,1944962
2017-07-28,1236434,59.61,60.23,60.08,59.0,1236434
2017-07-31,1043729,59.76,60.62,59.79,59.59,1043729
2017-08-01,1324251,59.805,60.2899,59.94,59.19,1324251
2017-08-02,1121566,59.52,60.33,60.2,59.46,1121566
2017-08-03,983246,59.97,60.44,60.37,59.53,983246
2017-08-04,778762,60.01,60.74,60.13,59.48,778762
2017-08-07,975738,60.005,60.89,60.87,59.99,975738
2017-08-08,1162440,60.08,60.98,60.14,60.33,1162440
2017-08-09,1965048,59.38,60.23,59.68,61.25,1965048
2017-08-10,2471473,58.22,59.5,58.57,61.28,2471473
2017-08-11,1511552,58.69,59.7,59.33,61.6,1511552
2017-08-14,2409765,59.55,60.04,59.62,61.43,2409765
2017-08-15,2933295,59.11,59.88,59.38,61.32,2933295
2017-08-16,6892023,60.76,62.42,62.14,61.45,6892023
2017-08-17,3501640,60.78,62.07,60.86,60.83,3501640
2017-08-18,2357872,60.28,61.72,61.25,61.38,2357872
2017-08-21,1486144,60.96,62.0,61.74,61.57,1486144
2017-08-22,1666369,61.85,63.02,62.96,60.58,1666369
2017-08-23,1445677,62.6,63.365,62.77,59.82,1445677
2017-08-24,1584503,62.35,63.15,62.68,59.91,1584503
2017-08-25,1352761,62.67,63.14,62.9,60.32,1352761
2017-08-28,1290434,62.97,63.575,63.46,60.04,1290434
2017-08-29,1206649,63.021,63.63,63.49,60.0,1206649
2017-08-30,1072530,63.39,63.93,63.9,60.15,1072530
2017-08-31,1930071,63.9,64.83,64.72,60.52,1930071
2017-09-01,1224667,64.21,65.18,64.38,60.16,1224667
2017-09-05,910613,63.81,64.48,64.29,60.67,910613
2017-09-06,974511,64.05,64.81,64.71,60.07,974511
2017-09-07,1075757,64.49,65.245,65.14,59.35,1075757
2017-09-08,1588439,64.83,65.68,65.02,58.7,1588439
2017-09-11,1770025,65.38,66.27,66.11,59.8,1770025
2017-09-12,1082149,65.89,66.42,66.14,59.7,1082149
2017-09-13,2042563,65.41,66.22,65.44,62.15,2042563
2017-09-14,1481022,65.16,65.87,65.68,62.0,1481022
2017-09-15,2295974,65.62,66.13,65.96,60.76,2295974
2017-09-18,1562007,65.7,66.3,66.08,61.09,1562007
2017-09-19,1238004,66.0,66.45,66.17,61.87,1238004
2017-09-20,1186007,65.77,66.36,66.09,62.72,1186007
2017-09-21,874785,65.63,66.14,65.92,62.87,874785
2017-09-22,1296244,65.71,66.27,65.78,63.06,1296244
2017-09-25,1841833,64.44,65.9,64.73,63.1,1841833
2017-09-26,1615338,63.91,64.9,64.11,63.04,1615338
2017-09-27,1272526,64.05,64.66,64.39,63.4,1272526
2017-09-28,1126243,63.97,64.62,63.98,64.0,1126243
2017-09-29,1672816,63.72,64.275,64.2,64.9,1672816
2017-10-02,1693854,64.21,65.07,64.87,64.02,1693854
2017-10-03,1216981,65.06,65.78,65.15,64.56,1216981
2017-10-04,745628,65.15,65.87,65.83,64.85,745628
2017-10-05,1974081,65.52,65.99,65.7,65.15,1974081
2017-10-06,1405100,65.66,66.38,66.36,65.5,1405100
2017-10-09,1542307,66.02,66.77,66.56,66.27,1542307
2017-10-10,1143075,66.22,66.86,66.6,65.91,1143075
2017-10-11,1794800,66.34,66.97,66.62,65.31,1794800
2017-10-12,1454994,66.54,67.6,67.54,65.68,1454994
2017-10-13,943164,66.89,67.82,66.99,66.09,943164
2017-10-16,1473459,66.77,67.37,66.91,66.25,1473459
2017-10-17,1711833,65.99,66.68,66.12,66.31,1711833
2017-10-18,1150468,66.07,66.585,66.44,65.88,1150468
2017-10-19,1359119,66.06,66.975,66.88,65.85,1359119
2017-10-20,1506112,67.07,67.53,67.25,65.8,1506112
2017-10-23,1267570,66.93,67.68,67.02,64.65,1267570
2017-10-24,1975704,66.88,67.55,67.32,64.27,1975704
2017-10-25,1590537,67.03,68.52,67.39,64.25,1590537
2017-10-26,1418152,67.2,67.83,67.71,64.0,1418152
2017-10-27,1440996,67.41,68.01,67.97,64.29,1440996
2017-10-30,846605,67.1,67.93,67.49,65.06,846605
2017-10-31,1614432,67.54,68.17,68.03,65.15,1614432
2017-11-01,1357998,67.84,68.44,68.02,65.85,1357998
2017-11-02,1856865,67.81,68.38,68.13,65.68,1856865
2017-11-03,1072288,68.01,68.67,68.37,66.49,1072288
2017-11-06,995731,67.87,68.45,68.22,66.68,995731
2017-11-07,956466,68.04,68.64,68.25,66.68,956466
2017-11-08,977616,67.771,68.33,68.11,66.65,977616
2017-11-09,1665042,66.91,67.98,67.47,67.63,1665042
2017-11-10,1439275,69.17,69.49,69.31,67.2,1439275
2017-11-13,1536388,66.25,67.39,67.13,66.68,1536388
2017-11-14,2426247,66.89,67.8,67.46,66.38,2426247
2017-11-15,2042296,66.91,67.56,67.31,66.44,2042296
2017-11-16,2300408,67.45,68.95,68.74,67.19,2300408
2017-11-17,1823122,68.29,69.09,68.79,67.45,1823122
2017-11-20,4143453,68.95,70.23,69.96,67.31,4143453
2017-11-21,5330554,67.7,70.81,69.91,67.9,5330554
2017-11-22,3041728,68.3,69.37,68.69,67.53,3041728
2017-11-24,1015411,68.78,69.39,69.36,67.81,1015411
2017-11-27,1439275,69.17,69.49,69.31,67.8,1439275
2017-11-28,2473433,69.42,70.93,70.59,67.74,2473433
2017-11-29,1904175,68.45,70.84,68.69,68.2,1904175
2017-11-30,1922514,68.21,69.59,69.24,68.08,1922514
2017-12-01,2516564,67.23,70.0,68.69,68.09,2516564
2017-12-04,2899424,66.18,69.17,66.24,68.27,2899424
2017-12-05,2383974,65.73,67.0,65.83,68.32,2383974
2017-12-06,1690108,65.601,66.25,65.89,68.1,1690108
2017-12-07,2294513,65.77,66.8811,66.71,67.92,2294513
2017-12-08,2195577,66.6523,67.5468,67.38,69.22,2195577
2017-12-11,2438556,66.48,67.75,67.0,66.45,2438556
2017-12-12,2180984,66.5,67.16,67.06,66.98,2180984
2017-12-13,1684618,66.64,67.66,66.68,67.29,1684618
2017-12-14,1774564,66.37,67.09,66.51,67.5,1774564
2017-12-15,2871925,66.69,67.86,67.61,68.53,2871925
2017-12-18,2306264,67.48,68.51,67.66,69.28,2306264
2017-12-19,1469439,67.49,68.05,67.75,70.05,1469439
2017-12-20,1363529,67.16,68.14,67.4,69.14,1363529
2017-12-21,1502218,67.2679,67.87,67.52,68.84,1502218
2017-12-22,1221315,66.86,67.5399,67.35,69.22,1221315
2017-12-26,532863,67.05,67.45,67.25,69.56,532863
2017-12-27,1038585,67.15,67.46,67.3,70.5,1038585
2017-12-28,607022,67.02,67.48,67.45,68.97,607022
2017-12-29,1064895,66.93,67.58,66.97,69.19,1064895
2018-01-02,1047830,67.34,67.89,67.6,68.94,1047830
2018-01-03,1698899,67.6,69.49,69.32,66.2,1698899
2018-01-04,2231534,68.78,69.82,68.8,65.88,2231534
2018-01-05,1632512,68.73,70.1,69.9,65.91,1632512
2018-01-08,1613911,69.545,70.33,70.05,66.94,1613911
2018-01-09,2666711,70.17,72.33,71.77,67.43,2666711
