date,volume_t-16,volume_t-17,volume
2013-03-08,3826245,2052338,3256301
2013-03-11,14657315,3826245,5472837
2013-03-12,4116141,14657315,3767613
2013-03-13,3873183,4116141,2241086
2013-03-14,3415149,3873183,2840603
2013-03-15,3354862,3415149,2579690
2013-03-18,3622460,3354862,1847766
2013-03-19,6185811,3622460,6246443
2013-03-20,3564385,6185811,3240314
2013-03-21,3464202,3564385,4409084
2013-03-22,3089323,3464202,5425027
2013-03-25,2435306,3089323,2797510
2013-03-26,3289188,2435306,2513554
2013-03-27,2996908,3289188,3369968
2013-03-28,2414186,2996908,2147900
2013-04-01,3256301,2414186,2541331
2013-04-02,5472837,3256301,2354390
2013-04-03,3767613,5472837,5278950
2013-04-04,2241086,3767613,3918841
2013-04-05,2840603,2241086,4959134
2013-04-08,2579690,2840603,2395400
2013-04-09,1847766,2579690,1659420
2013-04-10,6246443,1847766,2169261
2013-04-11,3240314,6246443,5626492
2013-04-12,4409084,3240314,6083564
2013-04-15,5425027,4409084,7750724
2013-04-16,2797510,5425027,4505330
2013-04-17,2513554,2797510,4492937
2013-04-18,3369968,2513554,3976804
2013-04-19,2147900,3369968,3075803
2013-04-22,2541331,2147900,2340457
2013-04-23,2354390,2541331,3522419
2013-04-24,5278950,2354390,3020692
2013-04-25,3918841,5278950,2119838
2013-04-26,4959134,3918841,5283798
2013-04-29,2395400,4959134,2541961
2013-04-30,1659420,2395400,3451449
2013-05-01,2169261,1659420,2726213
2013-05-02,5626492,2169261,3437642
2013-05-03,6083564,5626492,4741565
2013-05-06,7750724,6083564,2819360
2013-05-07,4505330,7750724,3524022
2013-05-08,4492937,4505330,2119765
2013-05-09,3976804,4492937,3159293
2013-05-10,3075803,3976804,4662252
2013-05-13,2340457,3075803,4260335
2013-05-14,3522419,2340457,6075845
2013-05-15,3020692,3522419,10289000
2013-05-16,2119838,3020692,4890962
2013-05-17,5283798,2119838,3247851
2013-05-20,2541961,5283798,5698804
2013-05-21,3451449,2541961,4020941
2013-05-22,2726213,3451449,5421887
2013-05-23,3437642,2726213,3777408
2013-05-24,4741565,3437642,2225361
2013-05-28,2819360,4741565,4793962
2013-05-29,3524022,2819360,3621114
2013-05-30,2119765,3524022,3090824
2013-05-31,3159293,2119765,4609273
2013-06-03,4662252,3159293,3677473
2013-06-04,4260335,4662252,3364296
2013-06-05,6075845,4260335,2495073
2013-06-06,10289000,6075845,3781151
2013-06-07,4890962,10289000,2781171
2013-06-10,3247851,4890962,2730800
2013-06-11,5698804,3247851,3914328
2013-06-12,4020941,5698804,2730633
2013-06-13,5421887,4020941,2594941
2013-06-14,3777408,5421887,1677669
2013-06-17,2225361,3777408,2000122
2013-06-18,4793962,2225361,2522376
2013-06-19,3621114,4793962,5805826
2013-06-20,3090824,3621114,6307980
2013-06-21,4609273,3090824,3656145
2013-06-24,3677473,4609273,2871453
2013-06-25,3364296,3677473,2939595
2013-06-26,2495073,3364296,3693707
2013-06-27,3781151,2495073,3447018
2013-06-28,2781171,3781151,5556673
2013-07-01,2730800,2781171,4283821
2013-07-02,3914328,2730800,2986405
2013-07-03,2730633,3914328,1940832
2013-07-05,2594941,2730633,2100873
2013-07-08,1677669,2594941,2572391
2013-07-09,2000122,1677669,3476214
2013-07-10,2522376,2000122,3277684
2013-07-11,5805826,2522376,2131803
2013-07-12,6307980,5805826,1978819
2013-07-15,3656145,6307980,2433181
2013-07-16,2871453,3656145,2026749
2013-07-17,2939595,2871453,1196543
2013-07-18,3693707,2939595,1999719
2013-07-19,3447018,3693707,1179308
2013-07-22,5556673,3447018,1836733
2013-07-23,4283821,5556673,2934199
2013-07-24,2986405,4283821,1831121
2013-07-25,1940832,2986405,1420233
2013-07-26,2100873,1940832,3694988
2013-07-29,2572391,2100873,1962142
2013-07-30,3476214,2572391,2791858
2013-07-31,3277684,3476214,2807402
2013-08-01,2131803,3277684,2745041
2013-08-02,1978819,2131803,2387817
2013-08-05,2433181,1978819,1875418
2013-08-06,2026749,2433181,2280909
2013-08-07,1196543,2026749,1702122
2013-08-08,1999719,1196543,1702407
2013-08-09,1179308,1999719,1958449
2013-08-12,1836733,1179308,1247241
2013-08-13,2934199,1836733,2078213
2013-08-14,1831121,2934199,1989871
2013-08-15,1420233,1831121,6708341
2013-08-16,3694988,1420233,3624694
2013-08-19,1962142,3694988,1727559
2013-08-20,2791858,1962142,2294328
2013-08-21,2807402,2791858,1949054
2013-08-22,2745041,2807402,3147986
2013-08-23,2387817,2745041,1702511
2013-08-26,1875418,2387817,2012701
2013-08-27,2280909,1875418,2138064
2013-08-28,1702122,2280909,1590425
2013-08-29,1702407,1702122,1900662
2013-08-30,1958449,1702407,1358573
2013-09-03,1247241,1958449,1565632
2013-09-04,2078213,1247241,2522043
2013-09-05,1989871,2078213,1313188
2013-09-06,6708341,1989871,1332857
2013-09-09,3624694,6708341,1668867
2013-09-10,1727559,3624694,1821283
2013-09-11,2294328,1727559,1783424
2013-09-12,1949054,2294328,1468485
2013-09-13,3147986,1949054,2141143
2013-09-16,1702511,3147986,1861513
2013-09-17,2012701,1702511,1578387
2013-09-18,2138064,2012701,2044234
2013-09-19,1590425,2138064,18146408
2013-09-20,1900662,1590425,10692052
2013-09-23,1358573,1900662,2716907
2013-09-24,1565632,1358573,2185721
2013-09-25,2522043,1565632,2865074
2013-09-26,1313188,2522043,2680307
2013-09-27,1332857,1313188,2110103
2013-09-30,1668867,1332857,2650001
2013-10-01,1821283,1668867,2997047
2013-10-02,1783424,1821283,2020794
2013-10-03,1468485,1783424,1878510
2013-10-04,2141143,1468485,1867889
2013-10-07,1861513,2141143,1382107
2013-10-08,1578387,1861513,2415258
2013-10-09,2044234,1578387,2430595
2013-10-10,18146408,2044234,2426300
2013-10-11,10692052,18146408,1500903
2013-10-14,2716907,10692052,2110504
2013-10-15,2185721,2716907,1961896
2013-10-16,2865074,2185721,2450818
2013-10-17,2680307,2865074,3548418
2013-10-18,2110103,2680307,2880870
2013-10-21,2650001,2110103,2556379
2013-10-22,2997047,2650001,4280543
2013-10-23,2020794,2997047,2348591
2013-10-24,1878510,2020794,1785894
2013-10-25,1867889,1878510,2398266
2013-10-28,1382107,1867889,1778672
2013-10-29,2415258,1382107,1193955
2013-10-30,2430595,2415258,1360046
2013-10-31,2426300,2430595,1895510
2013-11-01,1500903,2426300,1931035
2013-11-04,2110504,1500903,1409928
2013-11-05,1961896,2110504,1578131
2013-11-06,2450818,1961896,1432940
2013-11-07,3548418,2450818,3548823
2013-11-08,2880870,3548418,1860654
2013-11-11,2556379,2880870,1984482
2013-11-12,4280543,2556379,2357218
2013-11-13,2348591,4280543,2110086
2013-11-14,1785894,2348591,2825818
2013-11-15,2398266,1785894,11014343
2013-11-18,1778672,2398266,4131521
2013-11-19,1193955,1778672,2473023
2013-11-20,1360046,1193955,2321500
2013-11-21,1895510,1360046,2417644
2013-11-22,1931035,1895510,1910762
2013-11-25,1409928,1931035,1750170
2013-11-26,1578131,1409928,3196344
2013-11-27,1432940,1578131,1189764
2013-11-29,3548823,1432940,870409
2013-12-02,1860654,3548823,1459197
2013-12-03,1984482,1860654,2478051
2013-12-04,2357218,1984482,2415795
2013-12-05,2110086,2357218,1810391
2013-12-06,2825818,2110086,3053347
2013-12-09,11014343,2825818,2118503
2013-12-10,4131521,11014343,2326895
2013-12-11,2473023,4131521,2349926
2013-12-12,2321500,2473023,2714297
2013-12-13,2417644,2321500,2022610
2013-12-16,1910762,2417644,1685454
2013-12-17,1750170,1910762,3209227
2013-12-18,3196344,1750170,4136283
2013-12-19,1189764,3196344,1893211
2013-12-20,870409,1189764,2954031
2013-12-23,1459197,870409,1578464
2013-12-24,2478051,1459197,779696
2013-12-26,2415795,2478051,714431
2013-12-27,1810391,2415795,653055
2013-12-30,3053347,1810391,1127980
2013-12-31,2118503,3053347,941447
2014-01-02,2326895,2118503,1916160
2014-01-03,2349926,2326895,1866651
2014-01-06,2714297,2349926,1777472
2014-01-07,2022610,2714297,1463208
2014-01-08,1685454,2022610,2659468
2014-01-09,3209227,1685454,1757647
2014-01-10,4136283,3209227,1623330
2014-01-13,1893211,4136283,2946738
2014-01-14,2954031,1893211,2562236
2014-01-15,1578464,2954031,2335194
2014-01-16,779696,1578464,1835957
2014-01-17,714431,779696,1699534
2014-01-21,653055,714431,3008458
2014-01-22,1127980,653055,2769350
2014-01-23,941447,1127980,3063559
2014-01-24,1916160,941447,2656341
2014-01-27,1866651,1916160,4669012
2014-01-28,1777472,1866651,2536290
2014-01-29,1463208,1777472,2163031
2014-01-30,2659468,1463208,3743153
2014-01-31,1757647,2659468,3529054
2014-02-03,1623330,1757647,2929252
2014-02-04,2946738,1623330,2911877
2014-02-05,2562236,2946738,2283870
2014-02-06,2335194,2562236,1609451
2014-02-07,1835957,2335194,1975290
2014-02-10,1699534,1835957,1760468
2014-02-11,3008458,1699534,2148202
2014-02-12,2769350,3008458,2347270
2014-02-13,3063559,2769350,3097011
2014-02-14,2656341,3063559,17862776
2014-02-18,4669012,2656341,6553839
2014-02-19,2536290,4669012,4838795
2014-02-20,2163031,2536290,4629755
2014-02-21,3743153,2163031,2407171
2014-02-24,3529054,3743153,2392783
2014-02-25,2929252,3529054,3375173
2014-02-26,2911877,2929252,2400946
2014-02-27,2283870,2911877,3123781
2014-02-28,1609451,2283870,2876261
2014-03-03,1975290,1609451,2488373
2014-03-04,1760468,1975290,2841919
2014-03-05,2148202,1760468,3113546
2014-03-06,2347270,2148202,5178833
2014-03-07,3097011,2347270,3247154
2014-03-10,17862776,3097011,2563418
2014-03-11,6553839,17862776,3421731
2014-03-12,4838795,6553839,1652324
2014-03-13,4629755,4838795,2318832
2014-03-14,2407171,4629755,1745218
2014-03-17,2392783,2407171,1437471
2014-03-18,3375173,2392783,1294681
2014-03-19,2400946,3375173,1804350
2014-03-20,3123781,2400946,1808447
2014-03-21,2876261,3123781,2762931
2014-03-24,2488373,2876261,1985703
2014-03-25,2841919,2488373,1727269
2014-03-26,3113546,2841919,2560731
2014-03-27,5178833,3113546,2972614
2014-03-28,3247154,5178833,2006941
2014-03-31,2563418,3247154,2190772
2014-04-01,3421731,2563418,2090720
2014-04-02,1652324,3421731,1919493
2014-04-03,2318832,1652324,1603010
2014-04-04,1745218,2318832,2307668
2014-04-07,1437471,1745218,2584538
2014-04-08,1294681,1437471,1842491
2014-04-09,1804350,1294681,2017519
2014-04-10,1808447,1804350,1966409
2014-04-11,2762931,1808447,2591968
2014-04-14,1985703,2762931,2840577
2014-04-15,1727269,1985703,2172515
2014-04-16,2560731,1727269,1243513
2014-04-17,2972614,2560731,2061997
2014-04-21,2006941,2972614,1185867
2014-04-22,2190772,2006941,1475541
2014-04-23,2090720,2190772,894232
2014-04-24,1919493,2090720,1806441
2014-04-25,1603010,1919493,1580495
2014-04-28,2307668,1603010,3009046
2014-04-29,2584538,2307668,3359741
2014-04-30,1842491,2584538,1678627
2014-05-01,2017519,1842491,1472407
2014-05-02,1966409,2017519,2080946
2014-05-05,2591968,1966409,2087256
2014-05-06,2840577,2591968,2224227
2014-05-07,2172515,2840577,2219204
2014-05-08,1243513,2172515,2209139
2014-05-09,2061997,1243513,1287905
2014-05-12,1185867,2061997,2042132
2014-05-13,1475541,1185867,1465527
2014-05-14,894232,1475541,2591684
2014-05-15,1806441,894232,5740663
2014-05-16,1580495,1806441,2405753
2014-05-19,3009046,1580495,2742131
2014-05-20,3359741,3009046,1840126
2014-05-21,1678627,3359741,1102300
2014-05-22,1472407,1678627,1686139
2014-05-23,2080946,1472407,3510829
2014-05-27,2087256,2080946,1190619
2014-05-28,2224227,2087256,1807185
2014-05-29,2219204,2224227,1558720
2014-05-30,2209139,2219204,2547039
2014-06-02,1287905,2209139,1274846
2014-06-03,2042132,1287905,1842298
2014-06-04,1465527,2042132,1145664
2014-06-05,2591684,1465527,1833063
2014-06-06,5740663,2591684,1285879
2014-06-09,2405753,5740663,1188782
2014-06-10,2742131,2405753,1267805
2014-06-11,1840126,2742131,1410610
2014-06-12,1102300,1840126,1677989
2014-06-13,1686139,1102300,1054865
2014-06-16,3510829,1686139,1174434
2014-06-17,1190619,3510829,1328510
2014-06-18,1807185,1190619,1114749
2014-06-19,1558720,1807185,3149546
2014-06-20,2547039,1558720,2029378
2014-06-23,1274846,2547039,1435625
2014-06-24,1842298,1274846,1125825
2014-06-25,1145664,1842298,1060501
2014-06-26,1833063,1145664,1102367
2014-06-27,1285879,1833063,1519046
2014-06-30,1188782,1285879,1314906
2014-07-01,1267805,1188782,2010785
2014-07-02,1410610,1267805,1414957
2014-07-03,1677989,1410610,600744
2014-07-07,1054865,1677989,949243
2014-07-08,1174434,1054865,1615912
2014-07-09,1328510,1174434,1278504
2014-07-10,1114749,1328510,1189340
2014-07-11,3149546,1114749,1183288
2014-07-14,2029378,3149546,1487761
2014-07-15,1435625,2029378,2094496
2014-07-16,1125825,1435625,1868521
2014-07-17,1060501,1125825,4404085
2014-07-18,1102367,1060501,1706174
2014-07-21,1519046,1102367,1983914
2014-07-22,1314906,1519046,2411722
2014-07-23,2010785,1314906,1453645
2014-07-24,1414957,2010785,2534358
2014-07-25,600744,1414957,1719615
2014-07-28,949243,600744,1510223
2014-07-29,1615912,949243,2003109
2014-07-30,1278504,1615912,1371335
2014-07-31,1189340,1278504,2708121
2014-08-01,1183288,1189340,957560
2014-08-04,1487761,1183288,957560
2014-08-05,2094496,1487761,1733728
2014-08-06,1868521,2094496,1568834
2014-08-07,4404085,1868521,1628472
2014-08-08,1706174,4404085,1766002
2014-08-11,1983914,1706174,1252725
2014-08-12,2411722,1983914,2642075
2014-08-13,1453645,2411722,1721261
2014-08-14,2534358,1453645,3478558
2014-08-15,1719615,2534358,5578794
2014-08-18,1510223,1719615,2761606
2014-08-19,2003109,1510223,1192963
2014-08-20,1371335,2003109,1846569
2014-08-21,2708121,1371335,1228385
2014-08-22,957560,2708121,1439567
2014-08-25,957560,957560,967137
2014-08-26,1733728,957560,888727
2014-08-27,1568834,1733728,1193004
2014-08-28,1628472,1568834,1395449
2014-08-29,1766002,1628472,1979934
2014-09-02,1252725,1766002,2015566
2014-09-03,2642075,1252725,1478032
2014-09-04,1721261,2642075,790594
2014-09-05,3478558,1721261,908184
2014-09-08,5578794,3478558,1345766
2014-09-09,2761606,5578794,1286053
2014-09-10,1192963,2761606,1477856
2014-09-11,1846569,1192963,995855
2014-09-12,1228385,1846569,2590395
2014-09-15,1439567,1228385,1621086
2014-09-16,967137,1439567,1379832
2014-09-17,888727,967137,2710468
2014-09-18,1193004,888727,2867046
2014-09-19,1395449,1193004,2173992
2014-09-22,1979934,1395449,1686631
2014-09-23,2015566,1979934,1632282
2014-09-24,1478032,2015566,1650529
2014-09-25,790594,1478032,1629584
2014-09-26,908184,790594,2218441
2014-09-29,1345766,908184,1626565
2014-09-30,1286053,1345766,2120557
2014-10-01,1477856,1286053,2481276
2014-10-02,995855,1477856,1708052
2014-10-03,2590395,995855,1577280
2014-10-06,1621086,2590395,1157370
2014-10-07,1379832,1621086,1515558
2014-10-08,2710468,1379832,2124682
2014-10-09,2867046,2710468,2526263
2014-10-10,2173992,2867046,5133638
2014-10-13,1686631,2173992,2527277
2014-10-14,1632282,1686631,3972861
2014-10-15,1650529,1632282,4723905
2014-10-16,1629584,1650529,5362096
2014-10-17,2218441,1629584,3810818
2014-10-20,1626565,2218441,4942206
2014-10-21,2120557,1626565,2231876
2014-10-22,2481276,2120557,2161086
2014-10-23,1708052,2481276,1754719
2014-10-24,1577280,1708052,1508194
2014-10-27,1157370,1577280,1105293
2014-10-28,1515558,1157370,1714329
2014-10-29,2124682,1515558,1484268
2014-10-30,2526263,2124682,2504261
2014-10-31,5133638,2526263,2087828
2014-11-03,2527277,5133638,4559916
2014-11-04,3972861,2527277,5765189
2014-11-05,4723905,3972861,2341387
2014-11-06,5362096,4723905,2968264
2014-11-07,3810818,5362096,2458734
2014-11-10,4942206,3810818,2583931
2014-11-11,2231876,4942206,2163823
2014-11-12,2161086,2231876,2504261
2014-11-13,1754719,2161086,1805461
2014-11-14,1508194,1754719,1331282
2014-11-17,1105293,1508194,2697164
2014-11-18,1714329,1105293,5891377
2014-11-19,1484268,1714329,4012147
2014-11-20,2504261,1484268,2303826
2014-11-21,2087828,2504261,5306170
2014-11-24,4559916,2087828,2122424
2014-11-25,5765189,4559916,2713879
2014-11-26,2341387,5765189,1752695
2014-11-28,2968264,2341387,1091780
2014-12-01,2458734,2968264,4411159
2014-12-02,2583931,2458734,2014436
2014-12-03,2163823,2583931,2250275
2014-12-04,2504261,2163823,1346823
2014-12-05,1805461,2504261,1019549
2014-12-08,1331282,1805461,1425753
2014-12-09,2697164,1331282,1803210
2014-12-10,5891377,2697164,2654911
2014-12-11,4012147,5891377,1640864
2014-12-12,2303826,4012147,2335765
2014-12-15,5306170,2303826,4510349
2014-12-16,2122424,5306170,3849394
2014-12-17,2713879,2122424,3508188
2014-12-18,1752695,2713879,3104066
2014-12-19,1091780,1752695,3736336
2014-12-22,4411159,1091780,1590221
2014-12-23,2014436,4411159,1872341
2014-12-24,2250275,2014436,1426901
2014-12-26,1346823,2250275,588034
2014-12-29,1019549,1346823,976423
2014-12-30,1425753,1019549,1323452
2014-12-31,1803210,1425753,1423993
2015-01-02,2654911,1803210,1530798
2015-01-05,1640864,2654911,2042240
2015-01-06,2335765,1640864,2084562
2015-01-07,4510349,2335765,3359660
2015-01-08,3849394,4510349,2116341
2015-01-09,3508188,3849394,1644939
2015-01-12,3104066,3508188,2771191
2015-01-13,3736336,3104066,2013474
2015-01-14,1590221,3736336,5134006
2015-01-15,1872341,1590221,2630296
2015-01-16,1426901,1872341,3003980
2015-01-20,588034,1426901,5033605
2015-01-21,976423,588034,2721609
2015-01-22,1323452,976423,4856573
2015-01-23,1423993,1323452,1519250
2015-01-26,1530798,1423993,1511214
2015-01-27,2042240,1530798,1703508
2015-01-28,2084562,2042240,2033523
2015-01-29,3359660,2084562,2329983
2015-01-30,2116341,3359660,3054313
2015-02-02,1644939,2116341,2508493
2015-02-03,2771191,1644939,2950375
2015-02-04,2013474,2771191,2567439
2015-02-05,5134006,2013474,1826367
2015-02-06,2630296,5134006,2697212
2015-02-09,3003980,2630296,3586102
2015-02-10,5033605,3003980,1408747
2015-02-11,2721609,5033605,3337005
2015-02-12,4856573,2721609,1317705
2015-02-13,1519250,4856573,2211931
2015-02-17,1511214,1519250,2875788
2015-02-18,1703508,1511214,9007218
2015-02-19,2033523,1703508,3737331
2015-02-20,2329983,2033523,2971880
2015-02-23,3054313,2329983,1967913
2015-02-24,2508493,3054313,1922102
2015-02-25,2950375,2508493,2343479
2015-02-26,2567439,2950375,1505418
2015-02-27,1826367,2567439,1676351
2015-03-02,2697212,1826367,1847082
2015-03-03,3586102,2697212,1635437
2015-03-04,1408747,3586102,1305992
2015-03-05,3337005,1408747,1376468
2015-03-06,1317705,3337005,1528564
2015-03-09,2211931,1317705,1492378
2015-03-10,2875788,2211931,1961299
2015-03-11,9007218,2875788,2064355
2015-03-12,3737331,9007218,2719895
2015-03-13,2971880,3737331,4704560
2015-03-16,1967913,2971880,2551437
2015-03-17,1922102,1967913,1504881
2015-03-18,2343479,1922102,1295556
2015-03-19,1505418,2343479,1085684
2015-03-20,1676351,1505418,2315472
2015-03-23,1847082,1676351,1835393
2015-03-24,1635437,1847082,3625952
2015-03-25,1305992,1635437,2776181
2015-03-26,1376468,1305992,1573740
2015-03-27,1528564,1376468,1932749
2015-03-30,1492378,1528564,2064181
2015-03-31,1961299,1492378,1659179
2015-04-01,2064355,1961299,2170331
2015-04-02,2719895,2064355,2135918
2015-04-06,4704560,2719895,2379808
2015-04-07,2551437,4704560,3072418
2015-04-08,1504881,2551437,2443178
2015-04-09,1295556,1504881,1332519
2015-04-10,1085684,1295556,3370597
2015-04-13,2315472,1085684,3708641
2015-04-14,1835393,2315472,1777705
2015-04-15,3625952,1835393,1445622
2015-04-16,2776181,3625952,1070232
2015-04-17,1573740,2776181,2333369
2015-04-20,1932749,1573740,1410574
2015-04-21,2064181,1932749,1719710
2015-04-22,1659179,2064181,2726140
2015-04-23,2170331,1659179,3973179
2015-04-24,2135918,2170331,2200155
2015-04-27,2379808,2135918,2298298
2015-04-28,3072418,2379808,1803453
2015-04-29,2443178,3072418,2160963
2015-04-30,1332519,2443178,1726312
2015-05-01,3370597,1332519,1880177
2015-05-04,3708641,3370597,1073820
2015-05-05,1777705,3708641,1254801
2015-05-06,1445622,1777705,934611
2015-05-07,1070232,1445622,999682
2015-05-08,2333369,1070232,1034717
2015-05-11,1410574,2333369,975490
2015-05-12,1719710,1410574,2617833
2015-05-13,2726140,1719710,1992774
2015-05-14,3973179,2726140,2883667
2015-05-15,2200155,3973179,2147413
2015-05-18,2298298,2200155,1966147
2015-05-19,1803453,2298298,5277345
2015-05-20,2160963,1803453,2652326
2015-05-21,1726312,2160963,2126257
2015-05-22,1880177,1726312,1484752
2015-05-26,1073820,1880177,1919645
2015-05-27,1254801,1073820,2507443
2015-05-28,934611,1254801,3347403
2015-05-29,999682,934611,5022554
2015-06-01,1034717,999682,2440065
2015-06-02,975490,1034717,2947454
2015-06-03,2617833,975490,2722286
2015-06-04,1992774,2617833,4091870
2015-06-05,2883667,1992774,1760467
2015-06-08,2147413,2883667,1353411
2015-06-09,1966147,2147413,1439015
2015-06-10,5277345,1966147,1789330
2015-06-11,2652326,5277345,1576987
2015-06-12,2126257,2652326,2769551
2015-06-15,1484752,2126257,2361878
2015-06-16,1919645,1484752,1422563
2015-06-17,2507443,1919645,1519421
2015-06-18,3347403,2507443,1865267
2015-06-19,5022554,3347403,2658779
2015-06-22,2440065,5022554,3909250
2015-06-23,2947454,2440065,2053553
2015-06-24,2722286,2947454,6127695
2015-06-25,4091870,2722286,5265822
2015-06-26,1760467,4091870,3350458
2015-06-29,1353411,1760467,2516360
2015-06-30,1439015,1353411,3037436
2015-07-01,1789330,1439015,4486572
2015-07-02,1576987,1789330,2160799
2015-07-06,2769551,1576987,2509428
2015-07-07,2361878,2769551,2927761
2015-07-08,1422563,2361878,3390976
2015-07-09,1519421,1422563,2237945
2015-07-10,1865267,1519421,2107093
2015-07-13,2658779,1865267,1579730
2015-07-14,3909250,2658779,2801301
2015-07-15,2053553,3909250,2247745
2015-07-16,6127695,2053553,1826485
2015-07-17,5265822,6127695,2412373
2015-07-20,3350458,5265822,1155252
2015-07-21,2516360,3350458,1160904
2015-07-22,3037436,2516360,2949376
2015-07-23,4486572,3037436,1708801
2015-07-24,2160799,4486572,1844946
2015-07-27,2509428,2160799,5261424
2015-07-28,2927761,2509428,2768225
2015-07-29,3390976,2927761,2014066
2015-07-30,2237945,3390976,2440415
2015-07-31,2107093,2237945,2247715
2015-08-03,1579730,2107093,2104591
2015-08-04,2801301,1579730,1448062
2015-08-05,2247745,2801301,949479
2015-08-06,1826485,2247745,1932226
2015-08-07,2412373,1826485,1513076
2015-08-10,1155252,2412373,1554542
2015-08-11,1160904,1155252,1575708
2015-08-12,2949376,1160904,3440282
2015-08-13,1708801,2949376,2848895
2015-08-14,1844946,1708801,2632739
2015-08-17,5261424,1844946,3302058
2015-08-18,2768225,5261424,6416891
2015-08-19,2014066,2768225,2730429
2015-08-20,2440415,2014066,2145028
2015-08-21,2247715,2440415,3828206
2015-08-24,2104591,2247715,4114990
2015-08-25,1448062,2104591,3802732
2015-08-26,949479,1448062,3233814
2015-08-27,1932226,949479,2406297
2015-08-28,1513076,1932226,1783861
2015-08-31,1554542,1513076,2554666
2015-09-01,1575708,1554542,2954093
2015-09-02,3440282,1575708,2119191
2015-09-03,2848895,3440282,2140822
2015-09-04,2632739,2848895,2819027
2015-09-08,3302058,2632739,1787408
2015-09-09,6416891,3302058,1885293
2015-09-10,2730429,6416891,1628726
2015-09-11,2145028,2730429,1443721
2015-09-14,3828206,2145028,2223319
2015-09-15,4114990,3828206,1752721
2015-09-16,3802732,4114990,2130117
2015-09-17,3233814,3802732,1819067
2015-09-18,2406297,3233814,3352296
2015-09-21,1783861,2406297,2640363
2015-09-22,2554666,1783861,2283337
2015-09-23,2954093,2554666,1962552
2015-09-24,2119191,2954093,2028940
2015-09-25,2140822,2119191,2730672
2015-09-28,2819027,2140822,2615440
2015-09-29,1787408,2819027,2252364
2015-09-30,1885293,1787408,2545749
2015-10-01,1628726,1885293,3011460
2015-10-02,1443721,1628726,3519448
2015-10-05,2223319,1443721,1675429
2015-10-06,1752721,2223319,1833679
2015-10-07,2130117,1752721,3089575
2015-10-08,1819067,2130117,2598314
2015-10-09,3352296,1819067,3232938
2015-10-12,2640363,3352296,1349866
2015-10-13,2283337,2640363,2383212
2015-10-14,1962552,2283337,1647407
2015-10-15,2028940,1962552,1432995
2015-10-16,2730672,2028940,1754319
2015-10-19,2615440,2730672,3685845
2015-10-20,2252364,2615440,2635777
2015-10-21,2545749,2252364,2886412
2015-10-22,3011460,2545749,3696278
2015-10-23,3519448,3011460,2732645
2015-10-26,1675429,3519448,1948411
2015-10-27,1833679,1675429,2557172
2015-10-28,3089575,1833679,1780126
2015-10-29,2598314,3089575,1352267
2015-10-30,3232938,2598314,2194619
2015-11-02,1349866,3232938,1810869
2015-11-03,2383212,1349866,1485779
2015-11-04,1647407,2383212,1569620
2015-11-05,1432995,1647407,1419963
2015-11-06,1754319,1432995,1964478
2015-11-09,3685845,1754319,3109588
2015-11-10,2635777,3685845,4339800
2015-11-11,2886412,2635777,1969168
2015-11-12,3696278,2886412,3096336
2015-11-13,2732645,3696278,3335092
2015-11-16,1948411,2732645,2490208
2015-11-17,2557172,1948411,7679493
2015-11-18,1780126,2557172,6589609
2015-11-19,1352267,1780126,7275136
2015-11-20,2194619,1352267,5447723
2015-11-23,1810869,2194619,6474141
2015-11-24,1485779,1810869,5669066
2015-11-25,1569620,1485779,3797067
2015-11-27,1419963,1569620,1935738
2015-11-30,1964478,1419963,3208114
2015-12-01,3109588,1964478,7989220
2015-12-02,4339800,3109588,4713210
2015-12-03,1969168,4339800,3314529
2015-12-04,3096336,1969168,2519309
2015-12-07,3335092,3096336,2004492
2015-12-08,2490208,3335092,4331832
2015-12-09,7679493,2490208,4133291
2015-12-10,6589609,7679493,3709240
2015-12-11,7275136,6589609,2634362
2015-12-14,5447723,7275136,2310538
2015-12-15,6474141,5447723,2195375
2015-12-16,5669066,6474141,2582642
2015-12-17,3797067,5669066,2218837
2015-12-18,1935738,3797067,3364796
2015-12-21,3208114,1935738,1735159
2015-12-22,7989220,3208114,1643172
2015-12-23,4713210,7989220,1510716
2015-12-24,3314529,4713210,874549
2015-12-28,2519309,3314529,1458242
2015-12-29,2004492,2519309,1757360
2015-12-30,4331832,2004492,834358
2015-12-31,4133291,4331832,1450968
2016-01-04,3709240,4133291,3287335
2016-01-05,2634362,3709240,2587246
2016-01-06,2310538,2634362,2103619
2016-01-07,2195375,2310538,3504314
2016-01-08,2582642,2195375,3736768
2016-01-11,2218837,2582642,2818611
2016-01-12,3364796,2218837,1989379
2016-01-13,1735159,3364796,4206638
2016-01-14,1643172,1735159,2893372
2016-01-15,1510716,1643172,2994386
2016-01-19,874549,1510716,2506559
2016-01-20,1458242,874549,2469088
2016-01-21,1757360,1458242,2298372
2016-01-22,834358,1757360,1834467
2016-01-25,1450968,834358,1831240
2016-01-26,3287335,1450968,1755032
2016-01-27,2587246,3287335,1479446
2016-01-28,2103619,2587246,3479452
2016-01-29,3504314,2103619,2959863
2016-02-01,3736768,3504314,2666567
2016-02-02,2818611,3736768,1742325
2016-02-03,1989379,2818611,2128426
2016-02-04,4206638,1989379,2833492
2016-02-05,2893372,4206638,4424609
2016-02-08,2994386,2893372,3888601
2016-02-09,2506559,2994386,3464464
2016-02-10,2469088,2506559,3169951
2016-02-11,2298372,2469088,3224004
2016-02-12,1834467,2298372,3923627
2016-02-16,1831240,1834467,2903649
2016-02-17,1755032,1831240,5382312
2016-02-18,1479446,1755032,2231481
2016-02-19,3479452,1479446,2339426
2016-02-22,2959863,3479452,1792962
2016-02-23,2666567,2959863,1282290
2016-02-24,1742325,2666567,1454952
2016-02-25,2128426,1742325,1453515
2016-02-26,2833492,2128426,944266
2016-02-29,4424609,2833492,2187500
2016-03-01,3888601,4424609,2760200
2016-03-02,3464464,3888601,3612508
2016-03-03,3169951,3464464,946823
2016-03-04,3224004,3169951,1124968
2016-03-07,3923627,3224004,1221574
2016-03-08,2903649,3923627,1801486
2016-03-09,5382312,2903649,1614633
2016-03-10,2231481,5382312,1614998
2016-03-11,2339426,2231481,1517348
2016-03-14,1792962,2339426,929638
2016-03-15,1282290,1792962,1059439
2016-03-16,1454952,1282290,1956125
2016-03-17,1453515,1454952,1895669
2016-03-18,944266,1453515,2504361
2016-03-21,2187500,944266,2172615
2016-03-22,2760200,2187500,1552312
2016-03-23,3612508,2760200,1554822
2016-03-24,946823,3612508,993627
2016-03-28,1124968,946823,1272724
2016-03-29,1221574,1124968,1091198
2016-03-30,1801486,1221574,783495
2016-03-31,1614633,1801486,3143468
2016-04-01,1614998,1614633,2857844
2016-04-04,1517348,1614998,2958061
2016-04-05,929638,1517348,1900659
2016-04-06,1059439,929638,1566612
2016-04-07,1956125,1059439,1373839
2016-04-08,1895669,1956125,1106293
2016-04-11,2504361,1895669,1049336
2016-04-12,2172615,2504361,992495
2016-04-13,1552312,2172615,2495340
2016-04-14,1554822,1552312,1347753
2016-04-15,993627,1554822,1442264
2016-04-18,1272724,993627,1536678
2016-04-19,1091198,1272724,1640774
2016-04-20,783495,1091198,1243893
2016-04-21,3143468,783495,1670389
2016-04-22,2857844,3143468,1396272
2016-04-25,2958061,2857844,1500449
2016-04-26,1900659,2958061,1868970
2016-04-27,1566612,1900659,1189462
2016-04-28,1373839,1566612,1549792
2016-04-29,1106293,1373839,2028332
2016-05-02,1049336,1106293,1285318
2016-05-03,992495,1049336,1333991
2016-05-04,2495340,992495,1602991
2016-05-05,1347753,2495340,1083956
2016-05-06,1442264,1347753,1403483
2016-05-09,1536678,1442264,1741539
2016-05-10,1640774,1536678,2094305
2016-05-11,1243893,1640774,3328961
2016-05-12,1670389,1243893,2504924
2016-05-13,1396272,1670389,2430565
2016-05-16,1500449,1396272,3979321
2016-05-17,1868970,1500449,7130371
2016-05-18,1189462,1868970,3476470
2016-05-19,1549792,1189462,3660160
2016-05-20,2028332,1549792,2567686
2016-05-23,1285318,2028332,1689755
2016-05-24,1333991,1285318,3236305
2016-05-25,1602991,1333991,2352424
2016-05-26,1083956,1602991,2569626
2016-05-27,1403483,1083956,1823120
2016-05-31,1741539,1403483,2256373
2016-06-01,2094305,1741539,1734386
2016-06-02,3328961,2094305,2209387
2016-06-03,2504924,3328961,2395816
2016-06-06,2430565,2504924,2359193
2016-06-07,3979321,2430565,1500872
2016-06-08,7130371,3979321,1552146
2016-06-09,3476470,7130371,1204415
2016-06-10,3660160,3476470,1261698
2016-06-13,2567686,3660160,1272833
2016-06-14,1689755,2567686,1624087
2016-06-15,3236305,1689755,2029194
2016-06-16,2352424,3236305,1784741
2016-06-17,2569626,2352424,3434813
2016-06-20,1823120,2569626,3161329
2016-06-21,2256373,1823120,2112964
2016-06-22,1734386,2256373,2412064
2016-06-23,2209387,1734386,1487938
2016-06-24,2395816,2209387,5263644
2016-06-27,2359193,2395816,4328364
2016-06-28,1500872,2359193,4300845
2016-06-29,1552146,1500872,2402578
2016-06-30,1204415,1552146,2181066
2016-07-01,1261698,1204415,1591476
2016-07-05,1272833,1261698,1813468
2016-07-06,1624087,1272833,2312133
2016-07-07,2029194,1624087,1861536
2016-07-08,1784741,2029194,1838137
2016-07-11,3434813,1784741,1094683
2016-07-12,3161329,3434813,2237748
2016-07-13,2112964,3161329,1852475
2016-07-14,2412064,2112964,1192500
2016-07-15,1487938,2412064,1202638
2016-07-18,5263644,1487938,1362884
2016-07-19,4328364,5263644,2583860
2016-07-20,4300845,4328364,2124914
2016-07-21,2402578,4300845,1226365
2016-07-22,2181066,2402578,1512440
2016-07-25,1591476,2181066,1720649
2016-07-26,1813468,1591476,1792674
2016-07-27,2312133,1813468,1572573
2016-07-28,1861536,2312133,1945517
2016-07-29,1838137,1861536,1881372
2016-08-01,1094683,1838137,1604639
2016-08-02,2237748,1094683,1595948
2016-08-03,1852475,2237748,1508868
2016-08-04,1192500,1852475,1700182
2016-08-05,1202638,1192500,1250805
2016-08-08,1362884,1202638,1311724
2016-08-09,2583860,1362884,1006170
2016-08-10,2124914,2583860,754137
2016-08-11,1226365,2124914,1377024
2016-08-12,1512440,1226365,1538976
2016-08-15,1720649,1512440,2323589
2016-08-16,1792674,1720649,3175994
2016-08-17,1572573,1792674,3154934
2016-08-18,1945517,1572573,4660295
2016-08-19,1881372,1945517,3340438
2016-08-22,1604639,1881372,1626833
2016-08-23,1595948,1604639,1645348
2016-08-24,1508868,1595948,2634707
2016-08-25,1700182,1508868,2160074
2016-08-26,1250805,1700182,1581245
2016-08-29,1311724,1250805,1332975
2016-08-30,1006170,1311724,2231203
2016-08-31,754137,1006170,1676587
2016-09-01,1377024,754137,1257886
2016-09-02,1538976,1377024,1424454
2016-09-06,2323589,1538976,1460928
2016-09-07,3175994,2323589,1542576
2016-09-08,3154934,3175994,884738
2016-09-09,4660295,3154934,2507018
2016-09-12,3340438,4660295,1835434
2016-09-13,1626833,3340438,3461832
2016-09-14,1645348,1626833,1604806
2016-09-15,2634707,1645348,1733971
2016-09-16,2160074,2634707,2592850
2016-09-19,1581245,2160074,1927900
2016-09-20,1332975,1581245,2333122
2016-09-21,2231203,1332975,1612736
2016-09-22,1676587,2231203,1307074
2016-09-23,1257886,1676587,1957032
2016-09-26,1424454,1257886,2639060
2016-09-27,1460928,1424454,1587143
2016-09-28,1542576,1460928,1502533
2016-09-29,884738,1542576,1938218
2016-09-30,2507018,884738,1754316
2016-10-03,1835434,2507018,1539625
2016-10-04,3461832,1835434,1763985
2016-10-05,1604806,3461832,1432268
2016-10-06,1733971,1604806,1772801
2016-10-07,2592850,1733971,1663127
2016-10-10,1927900,2592850,1544958
2016-10-11,2333122,1927900,2912537
2016-10-12,1612736,2333122,1736076
2016-10-13,1307074,1612736,1336023
2016-10-14,1957032,1307074,997137
2016-10-17,2639060,1957032,1160321
2016-10-18,1587143,2639060,1949108
2016-10-19,1502533,1587143,1769090
2016-10-20,1938218,1502533,1493608
2016-10-21,1754316,1938218,1011340
2016-10-24,1539625,1754316,1666388
2016-10-25,1763985,1539625,3949609
2016-10-26,1432268,1763985,2146178
2016-10-27,1772801,1432268,2393625
2016-10-28,1663127,1772801,1471348
2016-10-31,1544958,1663127,1556762
2016-11-01,2912537,1544958,2133116
2016-11-02,1736076,2912537,2240428
2016-11-03,1336023,1736076,2510054
2016-11-04,997137,1336023,2220908
2016-11-07,1160321,997137,1723957
2016-11-08,1949108,1160321,2136740
2016-11-09,1769090,1949108,3501243
2016-11-10,1493608,1769090,2558722
2016-11-11,1011340,1493608,2219255
2016-11-14,1666388,1011340,3443200
2016-11-15,3949609,1666388,4710170
2016-11-16,2146178,3949609,4026754
2016-11-17,2393625,2146178,2070609
2016-11-18,1471348,2393625,3148538
2016-11-21,1556762,1471348,2540067
2016-11-22,2133116,1556762,2831226
2016-11-23,2240428,2133116,1926275
2016-11-25,2510054,2240428,877140
2016-11-28,2220908,2510054,2241795
2016-11-29,1723957,2220908,1952118
2016-11-30,2136740,1723957,2238575
2016-12-01,3501243,2136740,2823273
2016-12-02,2558722,3501243,2153515
2016-12-05,2219255,2558722,2495020
2016-12-06,3443200,2219255,1136658
2016-12-07,4710170,3443200,1815238
2016-12-08,4026754,4710170,1848936
2016-12-09,2070609,4026754,1937622
2016-12-12,3148538,2070609,1851517
2016-12-13,2540067,3148538,1734678
2016-12-14,2831226,2540067,2044052
2016-12-15,1926275,2831226,1338905
2016-12-16,877140,1926275,2103155
2016-12-19,2241795,877140,1084164
2016-12-20,1952118,2241795,1552366
2016-12-21,2238575,1952118,1652288
2016-12-22,2823273,2238575,968296
2016-12-23,2153515,2823273,727682
2016-12-27,2495020,2153515,1535489
2016-12-28,1136658,2495020,1177275
2016-12-29,1815238,1136658,891398
2016-12-30,1848936,1815238,1216100
2017-01-03,1937622,1848936,1739726
2017-01-04,1851517,1937622,1821264
2017-01-05,1734678,1851517,1503763
2017-01-06,2044052,1734678,2883483
2017-01-09,1338905,2044052,2575328
2017-01-10,2103155,1338905,1560549
2017-01-11,1084164,2103155,5624332
2017-01-12,1552366,1084164,3276952
2017-01-13,1652288,1552366,1568923
2017-01-17,968296,1652288,1939449
2017-01-18,727682,968296,1523508
2017-01-19,1535489,727682,1346142
2017-01-20,1177275,1535489,1701695
2017-01-23,891398,1177275,2013878
2017-01-24,1216100,891398,2741915
2017-01-25,1739726,1216100,3073228
2017-01-26,1821264,1739726,1895562
2017-01-27,1503763,1821264,1527822
2017-01-30,2883483,1503763,2266487
2017-01-31,2575328,2883483,2552612
2017-02-01,1560549,2575328,2244604
2017-02-02,5624332,1560549,1352525
2017-02-03,3276952,5624332,1191855
2017-02-06,1568923,3276952,952095
2017-02-07,1939449,1568923,2170720
2017-02-08,1523508,1939449,2107079
2017-02-09,1346142,1523508,2557747
2017-02-10,1701695,1346142,2092479
2017-02-13,2013878,1701695,1568350
2017-02-14,2741915,2013878,3546878
2017-02-15,3073228,2741915,5724488
2017-02-16,1895562,3073228,2550439
2017-02-17,1527822,1895562,2195788
2017-02-21,2266487,1527822,2036993
2017-02-22,2552612,2266487,1632886
2017-02-23,2244604,2552612,1006867
2017-02-24,1352525,2244604,1612698
2017-02-27,1191855,1352525,1195138
2017-02-28,952095,1191855,1417772
2017-03-01,2170720,952095,2026600
2017-03-02,2107079,2170720,1706500
2017-03-03,2557747,2107079,1824423
2017-03-06,2092479,2557747,1884477
2017-03-07,1568350,2092479,2233561
2017-03-08,3546878,1568350,1517642
2017-03-09,5724488,3546878,1259407
2017-03-10,2550439,5724488,1860508
2017-03-13,2195788,2550439,1376191
2017-03-14,2036993,2195788,1203368
2017-03-15,1632886,2036993,4117983
2017-03-16,1006867,1632886,2676915
2017-03-17,1612698,1006867,1936902
2017-03-20,1195138,1612698,1221409
2017-03-21,1417772,1195138,1492698
2017-03-22,2026600,1417772,1257072
2017-03-23,1706500,2026600,1717929
2017-03-24,1824423,1706500,2015289
2017-03-27,1884477,1824423,1446568
2017-03-28,2233561,1884477,1312688
2017-03-29,1517642,2233561,1469882
2017-03-30,1259407,1517642,1627592
2017-03-31,1860508,1259407,1705625
2017-04-03,1376191,1860508,1550227
2017-04-04,1203368,1376191,2017094
2017-04-05,4117983,1203368,1778251
2017-04-06,2676915,4117983,1548170
2017-04-07,1936902,2676915,1243550
2017-04-10,1221409,1936902,1025248
2017-04-11,1492698,1221409,1520703
2017-04-12,1257072,1492698,1258152
2017-04-13,1717929,1257072,863990
2017-04-17,2015289,1717929,1569436
2017-04-18,1446568,2015289,1241164
2017-04-19,1312688,1446568,2096351
2017-04-20,1469882,1312688,1569985
2017-04-21,1627592,1469882,2189351
2017-04-24,1705625,1627592,2257682
2017-04-25,1550227,1705625,2181857
2017-04-26,2017094,1550227,1834961
2017-04-27,1778251,2017094,1529024
2017-04-28,1548170,1778251,3078163
2017-05-01,1243550,1548170,1897018
2017-05-02,1025248,1243550,1693069
2017-05-03,1520703,1025248,1702565
2017-05-04,1258152,1520703,2615560
2017-05-05,863990,1258152,1571536
2017-05-08,1569436,863990,2189984
2017-05-09,1241164,1569436,1559975
2017-05-10,2096351,1241164,1566289
2017-05-11,1569985,2096351,1347633
2017-05-12,2189351,1569985,1578292
2017-05-15,2257682,2189351,1472226
2017-05-16,2181857,2257682,1032600
2017-05-17,1834961,2181857,1839737
2017-05-18,1529024,1834961,1934996
2017-05-19,3078163,1529024,1654441
2017-05-22,1897018,3078163,4264780
2017-05-23,1693069,1897018,7510578
2017-05-24,1702565,1693069,4105470
2017-05-25,2615560,1702565,2772812
2017-05-26,1571536,2615560,1535237
2017-05-30,2189984,1571536,2576416
2017-05-31,1559975,2189984,2552411
2017-06-01,1566289,1559975,2100441
2017-06-02,1347633,1566289,1666245
2017-06-05,1578292,1347633,1473282
2017-06-06,1472226,1578292,1968022
2017-06-07,1032600,1472226,1617604
2017-06-08,1839737,1032600,3486602
2017-06-09,1934996,1839737,2352814
2017-06-12,1654441,1934996,2579658
2017-06-13,4264780,1654441,1527210
2017-06-14,7510578,4264780,1203468
2017-06-15,4105470,7510578,1092596
2017-06-16,2772812,4105470,2157514
2017-06-19,1535237,2772812,2383659
2017-06-20,2576416,1535237,1821710
2017-06-21,2552411,2576416,2247944
2017-06-22,2100441,2552411,3473861
2017-06-23,1666245,2100441,2879785
2017-06-26,1473282,1666245,1535542
2017-06-27,1968022,1473282,1060391
2017-06-28,1617604,1968022,1191537
2017-06-29,3486602,1617604,1357538
2017-06-30,2352814,3486602,1593786
2017-07-03,2579658,2352814,1489574
2017-07-05,1527210,2579658,1638980
2017-07-06,1203468,1527210,2249516
2017-07-07,1092596,1203468,965439
2017-07-10,2157514,1092596,1146033
2017-07-11,2383659,2157514,2976519
2017-07-12,1821710,2383659,1439395
2017-07-13,2247944,1821710,2060109
2017-07-14,3473861,2247944,1286073
2017-07-17,2879785,3473861,1332751
2017-07-18,1535542,2879785,1520122
2017-07-19,1060391,1535542,1512177
2017-07-20,1191537,1060391,2009405
2017-07-21,1357538,1191537,1283236
2017-07-24,1593786,1357538,973808
2017-07-25,1489574,1593786,1691988
2017-07-26,1638980,1489574,2520698
2017-07-27,2249516,1638980,1944962
2017-07-28,965439,2249516,1236434
2017-07-31,1146033,965439,1043729
2017-08-01,2976519,1146033,1324251
2017-08-02,1439395,2976519,1121566
2017-08-03,2060109,1439395,983246
2017-08-04,1286073,2060109,778762
2017-08-07,1332751,1286073,975738
2017-08-08,1520122,1332751,1162440
2017-08-09,1512177,1520122,1965048
2017-08-10,2009405,1512177,2471473
2017-08-11,1283236,2009405,1511552
2017-08-14,973808,1283236,2409765
2017-08-15,1691988,973808,2933295
2017-08-16,2520698,1691988,6892023
2017-08-17,1944962,2520698,3501640
2017-08-18,1236434,1944962,2357872
2017-08-21,1043729,1236434,1486144
2017-08-22,1324251,1043729,1666369
2017-08-23,1121566,1324251,1445677
2017-08-24,983246,1121566,1584503
2017-08-25,778762,983246,1352761
2017-08-28,975738,778762,1290434
2017-08-29,1162440,975738,1206649
2017-08-30,1965048,1162440,1072530
2017-08-31,2471473,1965048,1930071
2017-09-01,1511552,2471473,1224667
2017-09-05,2409765,1511552,910613
2017-09-06,2933295,2409765,974511
2017-09-07,6892023,2933295,1075757
2017-09-08,3501640,6892023,1588439
2017-09-11,2357872,3501640,1770025
2017-09-12,1486144,2357872,1082149
2017-09-13,1666369,1486144,2042563
2017-09-14,1445677,1666369,1481022
2017-09-15,1584503,1445677,2295974
2017-09-18,1352761,1584503,1562007
2017-09-19,1290434,1352761,1238004
2017-09-20,1206649,1290434,1186007
2017-09-21,1072530,1206649,874785
2017-09-22,1930071,1072530,1296244
2017-09-25,1224667,1930071,1841833
2017-09-26,910613,1224667,1615338
2017-09-27,974511,910613,1272526
2017-09-28,1075757,974511,1126243
2017-09-29,1588439,1075757,1672816
2017-10-02,1770025,1588439,1693854
2017-10-03,1082149,1770025,1216981
2017-10-04,2042563,1082149,745628
2017-10-05,1481022,2042563,1974081
2017-10-06,2295974,1481022,1405100
2017-10-09,1562007,2295974,1542307
2017-10-10,1238004,1562007,1143075
2017-10-11,1186007,1238004,1794800
2017-10-12,874785,1186007,1454994
2017-10-13,1296244,874785,943164
2017-10-16,1841833,1296244,1473459
2017-10-17,1615338,1841833,1711833
2017-10-18,1272526,1615338,1150468
2017-10-19,1126243,1272526,1359119
2017-10-20,1672816,1126243,1506112
2017-10-23,1693854,1672816,1267570
2017-10-24,1216981,1693854,1975704
2017-10-25,745628,1216981,1590537
2017-10-26,1974081,745628,1418152
2017-10-27,1405100,1974081,1440996
2017-10-30,1542307,1405100,846605
2017-10-31,1143075,1542307,1614432
2017-11-01,1794800,1143075,1357998
2017-11-02,1454994,1794800,1856865
2017-11-03,943164,1454994,1072288
2017-11-06,1473459,943164,995731
2017-11-07,1711833,1473459,956466
2017-11-08,1150468,1711833,977616
2017-11-09,1359119,1150468,1665042
2017-11-10,1506112,1359119,1439275
2017-11-13,1267570,1506112,1536388
2017-11-14,1975704,1267570,2426247
2017-11-15,1590537,1975704,2042296
2017-11-16,1418152,1590537,2300408
2017-11-17,1440996,1418152,1823122
2017-11-20,846605,1440996,4143453
2017-11-21,1614432,846605,5330554
2017-11-22,1357998,1614432,3041728
2017-11-24,1856865,1357998,1015411
2017-11-27,1072288,1856865,1439275
2017-11-28,995731,1072288,2473433
2017-11-29,956466,995731,1904175
2017-11-30,977616,956466,1922514
2017-12-01,1665042,977616,2516564
2017-12-04,1439275,1665042,2899424
2017-12-05,1536388,1439275,2383974
2017-12-06,2426247,1536388,1690108
2017-12-07,2042296,2426247,2294513
2017-12-08,2300408,2042296,2195577
2017-12-11,1823122,2300408,2438556
2017-12-12,4143453,1823122,2180984
2017-12-13,5330554,4143453,1684618
2017-12-14,3041728,5330554,1774564
2017-12-15,1015411,3041728,2871925
2017-12-18,1439275,1015411,2306264
2017-12-19,2473433,1439275,1469439
2017-12-20,1904175,2473433,1363529
2017-12-21,1922514,1904175,1502218
2017-12-22,2516564,1922514,1221315
2017-12-26,2899424,2516564,532863
2017-12-27,2383974,2899424,1038585
2017-12-28,1690108,2383974,607022
2017-12-29,2294513,1690108,1064895
2018-01-02,2195577,2294513,1047830
2018-01-03,2438556,2195577,1698899
2018-01-04,2180984,2438556,2231534
2018-01-05,1684618,2180984,1632512
2018-01-08,1774564,1684618,1613911
2018-01-09,2871925,1774564,2666711
