date,volume_t-4,volume_t-3,low_t-2,volume_t-2,low_t-1,volume
2013-03-08,3289188,2996908,42.81,2414186,43.02,3256301
2013-03-11,2996908,2414186,43.02,3256301,41.73,5472837
2013-03-12,2414186,3256301,41.73,5472837,42.59,3767613
2013-03-13,3256301,5472837,42.59,3767613,42.4,2241086
2013-03-14,5472837,3767613,42.4,2241086,43.0,2840603
2013-03-15,3767613,2241086,43.0,2840603,42.88,2579690
2013-03-18,2241086,2840603,42.88,2579690,42.18,1847766
2013-03-19,2840603,2579690,42.18,1847766,41.59,6246443
2013-03-20,2579690,1847766,41.59,6246443,42.22,3240314
2013-03-21,1847766,6246443,42.22,3240314,41.63,4409084
2013-03-22,6246443,3240314,41.63,4409084,40.91,5425027
2013-03-25,3240314,4409084,40.91,5425027,40.79,2797510
2013-03-26,4409084,5425027,40.79,2797510,41.32,2513554
2013-03-27,5425027,2797510,41.32,2513554,41.21,3369968
2013-03-28,2797510,2513554,41.21,3369968,41.4995,2147900
2013-04-01,2513554,3369968,41.4995,2147900,40.79,2541331
2013-04-02,3369968,2147900,40.79,2541331,40.59,2354390
2013-04-03,2147900,2541331,40.59,2354390,40.32,5278950
2013-04-04,2541331,2354390,40.32,5278950,40.54,3918841
2013-04-05,2354390,5278950,40.54,3918841,40.67,4959134
2013-04-08,5278950,3918841,40.67,4959134,41.17,2395400
2013-04-09,3918841,4959134,41.17,2395400,41.53,1659420
2013-04-10,4959134,2395400,41.53,1659420,41.665,2169261
2013-04-11,2395400,1659420,41.665,2169261,42.3301,5626492
2013-04-12,1659420,2169261,42.3301,5626492,43.43,6083564
2013-04-15,2169261,5626492,43.43,6083564,42.945,7750724
2013-04-16,5626492,6083564,42.945,7750724,42.84,4505330
2013-04-17,6083564,7750724,42.84,4505330,41.93,4492937
2013-04-18,7750724,4505330,41.93,4492937,41.4798,3976804
2013-04-19,4505330,4492937,41.4798,3976804,41.65,3075803
2013-04-22,4492937,3976804,41.65,3075803,41.34,2340457
2013-04-23,3976804,3075803,41.34,2340457,42.13,3522419
2013-04-24,3075803,2340457,42.13,3522419,42.37,3020692
2013-04-25,2340457,3522419,42.37,3020692,42.66,2119838
2013-04-26,3522419,3020692,42.66,2119838,40.69,5283798
2013-04-29,3020692,2119838,40.69,5283798,41.05,2541961
2013-04-30,2119838,5283798,41.05,2541961,40.95,3451449
2013-05-01,5283798,2541961,40.95,3451449,41.26,2726213
2013-05-02,2541961,3451449,41.26,2726213,41.236,3437642
2013-05-03,3451449,2726213,41.236,3437642,41.54,4741565
2013-05-06,2726213,3437642,41.54,4741565,41.39,2819360
2013-05-07,3437642,4741565,41.39,2819360,41.9,3524022
2013-05-08,4741565,2819360,41.9,3524022,42.3,2119765
2013-05-09,2819360,3524022,42.3,2119765,42.63,3159293
2013-05-10,3524022,2119765,42.63,3159293,43.04,4662252
2013-05-13,2119765,3159293,43.04,4662252,42.72,4260335
2013-05-14,3159293,4662252,42.72,4260335,42.882,6075845
2013-05-15,4662252,4260335,42.882,6075845,44.89,10289000
2013-05-16,4260335,6075845,44.89,10289000,44.97,4890962
2013-05-17,6075845,10289000,44.97,4890962,44.99,3247851
2013-05-20,10289000,4890962,44.99,3247851,45.39,5698804
2013-05-21,4890962,3247851,45.39,5698804,46.21,4020941
2013-05-22,3247851,5698804,46.21,4020941,46.07,5421887
2013-05-23,5698804,4020941,46.07,5421887,45.195,3777408
2013-05-24,4020941,5421887,45.195,3777408,45.25,2225361
2013-05-28,5421887,3777408,45.25,2225361,46.09,4793962
2013-05-29,3777408,2225361,46.09,4793962,45.4,3621114
2013-05-30,2225361,4793962,45.4,3621114,46.01,3090824
2013-05-31,4793962,3621114,46.01,3090824,45.43,4609273
2013-06-03,3621114,3090824,45.43,4609273,45.04,3677473
2013-06-04,3090824,4609273,45.04,3677473,45.38,3364296
2013-06-05,4609273,3677473,45.38,3364296,44.5,2495073
2013-06-06,3677473,3364296,44.5,2495073,44.21,3781151
2013-06-07,3364296,2495073,44.21,3781151,44.94,2781171
2013-06-10,2495073,3781151,44.94,2781171,44.485,2730800
2013-06-11,3781151,2781171,44.485,2730800,44.0,3914328
2013-06-12,2781171,2730800,44.0,3914328,43.795,2730633
2013-06-13,2730800,3914328,43.795,2730633,43.66,2594941
2013-06-14,3914328,2730633,43.66,2594941,43.85,1677669
2013-06-17,2730633,2594941,43.85,1677669,44.185,2000122
2013-06-18,2594941,1677669,44.185,2000122,44.2701,2522376
2013-06-19,1677669,2000122,44.2701,2522376,43.5,5805826
2013-06-20,2000122,2522376,43.5,5805826,41.85,6307980
2013-06-21,2522376,5805826,41.85,6307980,42.37,3656145
2013-06-24,5805826,6307980,42.37,3656145,42.07,2871453
2013-06-25,6307980,3656145,42.07,2871453,42.01,2939595
2013-06-26,3656145,2871453,42.01,2939595,42.28,3693707
2013-06-27,2871453,2939595,42.28,3693707,42.52,3447018
2013-06-28,2939595,3693707,42.52,3447018,42.73,5556673
2013-07-01,3693707,3447018,42.73,5556673,42.91,4283821
2013-07-02,3447018,5556673,42.91,4283821,42.95,2986405
2013-07-03,5556673,4283821,42.95,2986405,42.72,1940832
2013-07-05,4283821,2986405,42.72,1940832,43.4,2100873
2013-07-08,2986405,1940832,43.4,2100873,44.12,2572391
2013-07-09,1940832,2100873,44.12,2572391,44.34,3476214
2013-07-10,2100873,2572391,44.34,3476214,44.51,3277684
2013-07-11,2572391,3476214,44.51,3277684,45.43,2131803
2013-07-12,3476214,3277684,45.43,2131803,45.5838,1978819
2013-07-15,3277684,2131803,45.5838,1978819,45.68,2433181
2013-07-16,2131803,1978819,45.68,2433181,45.775,2026749
2013-07-17,1978819,2433181,45.775,2026749,45.57,1196543
2013-07-18,2433181,2026749,45.57,1196543,45.55,1999719
2013-07-19,2026749,1196543,45.55,1999719,45.69,1179308
2013-07-22,1196543,1999719,45.69,1179308,46.1,1836733
2013-07-23,1999719,1179308,46.1,1836733,46.31,2934199
2013-07-24,1179308,1836733,46.31,2934199,46.495,1831121
2013-07-25,1836733,2934199,46.495,1831121,46.39,1420233
2013-07-26,2934199,1831121,46.39,1420233,45.4322,3694988
2013-07-29,1831121,1420233,45.4322,3694988,44.98,1962142
2013-07-30,1420233,3694988,44.98,1962142,44.82,2791858
2013-07-31,3694988,1962142,44.82,2791858,44.66,2807402
2013-08-01,1962142,2791858,44.66,2807402,45.32,2745041
2013-08-02,2791858,2807402,45.32,2745041,45.9901,2387817
2013-08-05,2807402,2745041,45.9901,2387817,45.8,1875418
2013-08-06,2745041,2387817,45.8,1875418,45.61,2280909
2013-08-07,2387817,1875418,45.61,2280909,45.62,1702122
2013-08-08,1875418,2280909,45.62,1702122,45.64,1702407
2013-08-09,2280909,1702122,45.64,1702407,45.81,1958449
2013-08-12,1702122,1702407,45.81,1958449,45.72,1247241
2013-08-13,1702407,1958449,45.72,1247241,46.24,2078213
2013-08-14,1958449,1247241,46.24,2078213,46.37,1989871
2013-08-15,1247241,2078213,46.37,1989871,46.85,6708341
2013-08-16,2078213,1989871,46.85,6708341,46.52,3624694
2013-08-19,1989871,6708341,46.52,3624694,46.42,1727559
2013-08-20,6708341,3624694,46.42,1727559,46.17,2294328
2013-08-21,3624694,1727559,46.17,2294328,46.64,1949054
2013-08-22,1727559,2294328,46.64,1949054,46.8,3147986
2013-08-23,2294328,1949054,46.8,3147986,47.54,1702511
2013-08-26,1949054,3147986,47.54,1702511,47.39,2012701
2013-08-27,3147986,1702511,47.39,2012701,46.8,2138064
2013-08-28,1702511,2012701,46.8,2138064,46.51,1590425
2013-08-29,2012701,2138064,46.51,1590425,46.42,1900662
2013-08-30,2138064,1590425,46.42,1900662,46.37,1358573
2013-09-03,1590425,1900662,46.37,1358573,46.615,1565632
2013-09-04,1900662,1358573,46.615,1565632,46.74,2522043
2013-09-05,1358573,1565632,46.74,2522043,47.58,1313188
2013-09-06,1565632,2522043,47.58,1313188,47.13,1332857
2013-09-09,2522043,1313188,47.13,1332857,47.29,1668867
2013-09-10,1313188,1332857,47.29,1668867,48.04,1821283
2013-09-11,1332857,1668867,48.04,1821283,48.22,1783424
2013-09-12,1668867,1821283,48.22,1783424,48.49,1468485
2013-09-13,1821283,1783424,48.49,1468485,48.23,2141143
2013-09-16,1783424,1468485,48.23,2141143,48.58,1861513
2013-09-17,1468485,2141143,48.58,1861513,48.62,1578387
2013-09-18,2141143,1861513,48.62,1578387,48.29,2044234
2013-09-19,1861513,1578387,48.29,2044234,50.749,18146408
2013-09-20,1578387,2044234,50.749,18146408,50.98,10692052
2013-09-23,2044234,18146408,50.98,10692052,51.38,2716907
2013-09-24,18146408,10692052,51.38,2716907,51.2,2185721
2013-09-25,10692052,2716907,51.2,2185721,51.44,2865074
2013-09-26,2716907,2185721,51.44,2865074,51.46,2680307
2013-09-27,2185721,2865074,51.46,2680307,51.4,2110103
2013-09-30,2865074,2680307,51.4,2110103,50.75,2650001
2013-10-01,2680307,2110103,50.75,2650001,50.7,2997047
2013-10-02,2110103,2650001,50.7,2997047,51.15,2020794
2013-10-03,2650001,2997047,51.15,2020794,50.91,1878510
2013-10-04,2997047,2020794,50.91,1878510,51.07,1867889
2013-10-07,2020794,1878510,51.07,1867889,51.07,1382107
2013-10-08,1878510,1867889,51.07,1382107,49.89,2415258
2013-10-09,1867889,1382107,49.89,2415258,49.39,2430595
2013-10-10,1382107,2415258,49.39,2430595,50.29,2426300
2013-10-11,2415258,2430595,50.29,2426300,50.66,1500903
2013-10-14,2430595,2426300,50.66,1500903,50.51,2110504
2013-10-15,2426300,1500903,50.51,2110504,50.6,1961896
2013-10-16,1500903,2110504,50.6,1961896,50.94,2450818
2013-10-17,2110504,1961896,50.94,2450818,51.13,3548418
2013-10-18,1961896,2450818,51.13,3548418,52.63,2880870
2013-10-21,2450818,3548418,52.63,2880870,51.9,2556379
2013-10-22,3548418,2880870,51.9,2556379,50.84,4280543
2013-10-23,2880870,2556379,50.84,4280543,50.3,2348591
2013-10-24,2556379,4280543,50.3,2348591,50.67,1785894
2013-10-25,4280543,2348591,50.67,1785894,51.09,2398266
2013-10-28,2348591,1785894,51.09,2398266,51.12,1778672
2013-10-29,1785894,2398266,51.12,1778672,51.23,1193955
2013-10-30,2398266,1778672,51.23,1193955,50.86,1360046
2013-10-31,1778672,1193955,50.86,1360046,50.45,1895510
2013-11-01,1193955,1360046,50.45,1895510,50.84,1931035
2013-11-04,1360046,1895510,50.84,1931035,50.95,1409928
2013-11-05,1895510,1931035,50.95,1409928,50.854,1578131
2013-11-06,1931035,1409928,50.854,1578131,50.8,1432940
2013-11-07,1409928,1578131,50.8,1432940,49.84,3548823
2013-11-08,1578131,1432940,49.84,3548823,50.01,1860654
2013-11-11,1432940,3548823,50.01,1860654,50.518,1984482
2013-11-12,3548823,1860654,50.518,1984482,50.76,2357218
2013-11-13,1860654,1984482,50.76,2357218,50.66,2110086
2013-11-14,1984482,2357218,50.66,2110086,50.36,2825818
2013-11-15,2357218,2110086,50.36,2825818,53.6902,11014343
2013-11-18,2110086,2825818,53.6902,11014343,53.67,4131521
2013-11-19,2825818,11014343,53.67,4131521,53.55,2473023
2013-11-20,11014343,4131521,53.55,2473023,53.465,2321500
2013-11-21,4131521,2473023,53.465,2321500,53.7,2417644
2013-11-22,2473023,2321500,53.7,2417644,53.75,1910762
2013-11-25,2321500,2417644,53.75,1910762,53.02,1750170
2013-11-26,2417644,1910762,53.02,1750170,53.23,3196344
2013-11-27,1910762,1750170,53.23,3196344,53.64,1189764
2013-11-29,1750170,3196344,53.64,1189764,53.46,870409
2013-12-02,3196344,1189764,53.46,870409,53.11,1459197
2013-12-03,1189764,870409,53.11,1459197,52.56,2478051
2013-12-04,870409,1459197,52.56,2478051,52.72,2415795
2013-12-05,1459197,2478051,52.72,2415795,53.115,1810391
2013-12-06,2478051,2415795,53.115,1810391,53.76,3053347
2013-12-09,2415795,1810391,53.76,3053347,54.74,2118503
2013-12-10,1810391,3053347,54.74,2118503,54.63,2326895
2013-12-11,3053347,2118503,54.63,2326895,54.68,2349926
2013-12-12,2118503,2326895,54.68,2349926,54.3,2714297
2013-12-13,2326895,2349926,54.3,2714297,54.9,2022610
2013-12-16,2349926,2714297,54.9,2022610,55.07,1685454
2013-12-17,2714297,2022610,55.07,1685454,55.81,3209227
2013-12-18,2022610,1685454,55.81,3209227,56.37,4136283
2013-12-19,1685454,3209227,56.37,4136283,57.07,1893211
2013-12-20,3209227,4136283,57.07,1893211,56.91,2954031
2013-12-23,4136283,1893211,56.91,2954031,57.12,1578464
2013-12-24,1893211,2954031,57.12,1578464,57.17,779696
2013-12-26,2954031,1578464,57.17,779696,57.24,714431
2013-12-27,1578464,779696,57.24,714431,57.12,653055
2013-12-30,779696,714431,57.12,653055,56.92,1127980
2013-12-31,714431,653055,56.92,1127980,57.08,941447
2014-01-02,653055,1127980,57.08,941447,56.15,1916160
2014-01-03,1127980,941447,56.15,1916160,56.26,1866651
2014-01-06,941447,1916160,56.26,1866651,56.56,1777472
2014-01-07,1916160,1866651,56.56,1777472,56.93,1463208
2014-01-08,1866651,1777472,56.93,1463208,57.17,2659468
2014-01-09,1777472,1463208,57.17,2659468,57.87,1757647
2014-01-10,1463208,2659468,57.87,1757647,58.14,1623330
2014-01-13,2659468,1757647,58.14,1623330,58.6,2946738
2014-01-14,1757647,1623330,58.6,2946738,59.02,2562236
2014-01-15,1623330,2946738,59.02,2562236,59.585,2335194
2014-01-16,2946738,2562236,59.585,2335194,60.04,1835957
2014-01-17,2562236,2335194,60.04,1835957,60.33,1699534
2014-01-21,2335194,1835957,60.33,1699534,59.86,3008458
2014-01-22,1835957,1699534,59.86,3008458,60.71,2769350
2014-01-23,1699534,3008458,60.71,2769350,59.405,3063559
2014-01-24,3008458,2769350,59.405,3063559,57.71,2656341
2014-01-27,2769350,3063559,57.71,2656341,56.98,4669012
2014-01-28,3063559,2656341,56.98,4669012,57.91,2536290
2014-01-29,2656341,4669012,57.91,2536290,57.41,2163031
2014-01-30,4669012,2536290,57.41,2163031,58.42,3743153
2014-01-31,2536290,2163031,58.42,3743153,58.05,3529054
2014-02-03,2163031,3743153,58.05,3529054,56.075,2929252
2014-02-04,3743153,3529054,56.075,2929252,56.09,2911877
2014-02-05,3529054,2929252,56.09,2911877,56.96,2283870
2014-02-06,2929252,2911877,56.96,2283870,57.46,1609451
2014-02-07,2911877,2283870,57.46,1609451,58.13,1975290
2014-02-10,2283870,1609451,58.13,1975290,58.29,1760468
2014-02-11,1609451,1975290,58.29,1760468,58.88,2148202
2014-02-12,1975290,1760468,58.88,2148202,59.67,2347270
2014-02-13,1760468,2148202,59.67,2347270,59.37,3097011
2014-02-14,2148202,2347270,59.37,3097011,54.87,17862776
2014-02-18,2347270,3097011,54.87,17862776,54.96,6553839
2014-02-19,3097011,17862776,54.96,6553839,54.9,4838795
2014-02-20,17862776,6553839,54.9,4838795,56.045,4629755
2014-02-21,6553839,4838795,56.045,4629755,56.32,2407171
2014-02-24,4838795,4629755,56.32,2407171,56.4,2392783
2014-02-25,4629755,2407171,56.4,2392783,56.75,3375173
2014-02-26,2407171,2392783,56.75,3375173,56.75,2400946
2014-02-27,2392783,3375173,56.75,2400946,56.19,3123781
2014-02-28,3375173,2400946,56.19,3123781,56.4,2876261
2014-03-03,2400946,3123781,56.4,2876261,55.785,2488373
2014-03-04,3123781,2876261,55.785,2488373,56.98,2841919
2014-03-05,2876261,2488373,56.98,2841919,57.555,3113546
2014-03-06,2488373,2841919,57.555,3113546,58.14,5178833
2014-03-07,2841919,3113546,58.14,5178833,57.52,3247154
2014-03-10,3113546,5178833,57.52,3247154,57.6,2563418
2014-03-11,5178833,3247154,57.6,2563418,56.5,3421731
2014-03-12,3247154,2563418,56.5,3421731,56.01,1652324
2014-03-13,2563418,3421731,56.01,1652324,55.77,2318832
2014-03-14,3421731,1652324,55.77,2318832,55.23,1745218
2014-03-17,1652324,2318832,55.23,1745218,55.48,1437471
2014-03-18,2318832,1745218,55.48,1437471,55.84,1294681
2014-03-19,1745218,1437471,55.84,1294681,56.18,1804350
2014-03-20,1437471,1294681,56.18,1804350,56.16,1808447
2014-03-21,1294681,1804350,56.16,1808447,55.96,2762931
2014-03-24,1804350,1808447,55.96,2762931,54.66,1985703
2014-03-25,1808447,2762931,54.66,1985703,54.98,1727269
2014-03-26,2762931,1985703,54.98,1727269,55.16,2560731
2014-03-27,1985703,1727269,55.16,2560731,54.22,2972614
2014-03-28,1727269,2560731,54.22,2972614,54.42,2006941
2014-03-31,2560731,2972614,54.42,2006941,54.57,2190772
2014-04-01,2972614,2006941,54.57,2190772,55.835,2090720
2014-04-02,2006941,2190772,55.835,2090720,56.2,1919493
2014-04-03,2190772,2090720,56.2,1919493,56.27,1603010
2014-04-04,2090720,1919493,56.27,1603010,55.55,2307668
2014-04-07,1919493,1603010,55.55,2307668,53.94,2584538
2014-04-08,1603010,2307668,53.94,2584538,53.82,1842491
2014-04-09,2307668,2584538,53.82,1842491,54.375,2017519
2014-04-10,2584538,1842491,54.375,2017519,53.9,1966409
2014-04-11,1842491,2017519,53.9,1966409,52.65,2591968
2014-04-14,2017519,1966409,52.65,2591968,52.3075,2840577
2014-04-15,1966409,2591968,52.3075,2840577,51.96,2172515
2014-04-16,2591968,2840577,51.96,2172515,53.25,1243513
2014-04-17,2840577,2172515,53.25,1243513,53.61,2061997
2014-04-21,2172515,1243513,53.61,2061997,54.33,1185867
2014-04-22,1243513,2061997,54.33,1185867,54.53,1475541
2014-04-23,2061997,1185867,54.53,1475541,54.571,894232
2014-04-24,1185867,1475541,54.571,894232,54.56,1806441
2014-04-25,1475541,894232,54.56,1806441,54.07,1580495
2014-04-28,894232,1806441,54.07,1580495,52.86,3009046
2014-04-29,1806441,1580495,52.86,3009046,51.97,3359741
2014-04-30,1580495,3009046,51.97,3359741,53.02,1678627
2014-05-01,3009046,3359741,53.02,1678627,53.66,1472407
2014-05-02,3359741,1678627,53.66,1472407,54.09,2080946
2014-05-05,1678627,1472407,54.09,2080946,53.888,2087256
2014-05-06,1472407,2080946,53.888,2087256,54.46,2224227
2014-05-07,2080946,2087256,54.46,2224227,54.27,2219204
2014-05-08,2087256,2224227,54.27,2219204,54.69,2209139
2014-05-09,2224227,2219204,54.69,2209139,54.81,1287905
2014-05-12,2219204,2209139,54.81,1287905,55.47,2042132
2014-05-13,2209139,1287905,55.47,2042132,56.4,1465527
2014-05-14,1287905,2042132,56.4,1465527,55.7,2591684
2014-05-15,2042132,1465527,55.7,2591684,53.75,5740663
2014-05-16,1465527,2591684,53.75,5740663,53.92,2405753
2014-05-19,2591684,5740663,53.92,2405753,54.7,2742131
2014-05-20,5740663,2405753,54.7,2742131,54.209,1840126
2014-05-21,2405753,2742131,54.209,1840126,54.44,1102300
2014-05-22,2742131,1840126,54.44,1102300,54.89,1686139
2014-05-23,1840126,1102300,54.89,1686139,55.175,3510829
2014-05-27,1102300,1686139,55.175,3510829,56.03,1190619
2014-05-28,1686139,3510829,56.03,1190619,56.31,1807185
2014-05-29,3510829,1190619,56.31,1807185,56.64,1558720
2014-05-30,1190619,1807185,56.64,1558720,56.24,2547039
2014-06-02,1807185,1558720,56.24,2547039,56.3,1274846
2014-06-03,1558720,2547039,56.3,1274846,56.68,1842298
2014-06-04,2547039,1274846,56.68,1842298,56.96,1145664
2014-06-05,1274846,1842298,56.96,1145664,57.41,1833063
2014-06-06,1842298,1145664,57.41,1833063,58.37,1285879
2014-06-09,1145664,1833063,58.37,1285879,58.7,1188782
2014-06-10,1833063,1285879,58.7,1188782,58.58,1267805
2014-06-11,1285879,1188782,58.58,1267805,58.31,1410610
2014-06-12,1188782,1267805,58.31,1410610,58.2,1677989
2014-06-13,1267805,1410610,58.2,1677989,58.18,1054865
2014-06-16,1410610,1677989,58.18,1054865,58.15,1174434
2014-06-17,1677989,1054865,58.15,1174434,58.1901,1328510
2014-06-18,1054865,1174434,58.1901,1328510,58.53,1114749
2014-06-19,1174434,1328510,58.53,1114749,58.15,3149546
2014-06-20,1328510,1114749,58.15,3149546,57.84,2029378
2014-06-23,1114749,3149546,57.84,2029378,57.97,1435625
2014-06-24,3149546,2029378,57.97,1435625,57.58,1125825
2014-06-25,2029378,1435625,57.58,1125825,57.41,1060501
2014-06-26,1435625,1125825,57.41,1060501,57.4,1102367
2014-06-27,1125825,1060501,57.4,1102367,57.175,1519046
2014-06-30,1060501,1102367,57.175,1519046,57.18,1314906
2014-07-01,1102367,1519046,57.18,1314906,57.38,2010785
2014-07-02,1519046,1314906,57.38,2010785,57.78,1414957
2014-07-03,1314906,2010785,57.78,1414957,58.021,600744
2014-07-07,2010785,1414957,58.021,600744,57.85,949243
2014-07-08,1414957,600744,57.85,949243,56.92,1615912
2014-07-09,600744,949243,56.92,1615912,56.52,1278504
2014-07-10,949243,1615912,56.52,1278504,56.01,1189340
2014-07-11,1615912,1278504,56.01,1189340,56.15,1183288
2014-07-14,1278504,1189340,56.15,1183288,56.6175,1487761
2014-07-15,1189340,1183288,56.6175,1487761,56.15,2094496
2014-07-16,1183288,1487761,56.15,2094496,56.83,1868521
2014-07-17,1487761,2094496,56.83,1868521,55.135,4404085
2014-07-18,2094496,1868521,55.135,4404085,55.29,1706174
2014-07-21,1868521,4404085,55.29,1706174,55.79,1983914
2014-07-22,4404085,1706174,55.79,1983914,56.95,2411722
2014-07-23,1706174,1983914,56.95,2411722,57.445,1453645
2014-07-24,1983914,2411722,57.445,1453645,56.71,2534358
2014-07-25,2411722,1453645,56.71,2534358,56.35,1719615
2014-07-28,1453645,2534358,56.35,1719615,55.89,1510223
2014-07-29,2534358,1719615,55.89,1510223,55.875,2003109
2014-07-30,1719615,1510223,55.875,2003109,56.02,1371335
2014-07-31,1510223,2003109,56.02,1371335,55.83,2708121
2014-08-01,2003109,1371335,55.83,2708121,55.59,957560
2014-08-04,1371335,2708121,55.59,957560,55.59,957560
2014-08-05,2708121,957560,55.59,957560,55.1,1733728
2014-08-06,957560,957560,55.1,1733728,54.9,1568834
2014-08-07,957560,1733728,54.9,1568834,54.98,1628472
2014-08-08,1733728,1568834,54.98,1628472,54.86,1766002
2014-08-11,1568834,1628472,54.86,1766002,55.06,1252725
2014-08-12,1628472,1766002,55.06,1252725,54.3,2642075
2014-08-13,1766002,1252725,54.3,2642075,54.189,1721261
2014-08-14,1252725,2642075,54.189,1721261,54.45,3478558
2014-08-15,2642075,1721261,54.45,3478558,57.35,5578794
2014-08-18,1721261,3478558,57.35,5578794,57.35,2761606
2014-08-19,3478558,5578794,57.35,2761606,58.16,1192963
2014-08-20,5578794,2761606,58.16,1192963,57.94,1846569
2014-08-21,2761606,1192963,57.94,1846569,57.97,1228385
2014-08-22,1192963,1846569,57.97,1228385,57.48,1439567
2014-08-25,1846569,1228385,57.48,1439567,57.58,967137
2014-08-26,1228385,1439567,57.58,967137,57.5377,888727
2014-08-27,1439567,967137,57.5377,888727,57.29,1193004
2014-08-28,967137,888727,57.29,1193004,56.98,1395449
2014-08-29,888727,1193004,56.98,1395449,57.08,1979934
2014-09-02,1193004,1395449,57.08,1979934,57.23,2015566
2014-09-03,1395449,1979934,57.23,2015566,57.88,1478032
2014-09-04,1979934,2015566,57.88,1478032,57.6,790594
2014-09-05,2015566,1478032,57.6,790594,57.3,908184
2014-09-08,1478032,790594,57.3,908184,57.495,1345766
2014-09-09,790594,908184,57.495,1345766,57.45,1286053
2014-09-10,908184,1345766,57.45,1286053,57.175,1477856
2014-09-11,1345766,1286053,57.175,1477856,57.41,995855
2014-09-12,1286053,1477856,57.41,995855,57.61,2590395
2014-09-15,1477856,995855,57.61,2590395,57.74,1621086
2014-09-16,995855,2590395,57.74,1621086,57.37,1379832
2014-09-17,2590395,1621086,57.37,1379832,57.92,2710468
2014-09-18,1621086,1379832,57.92,2710468,58.31,2867046
2014-09-19,1379832,2710468,58.31,2867046,58.1,2173992
2014-09-22,2710468,2867046,58.1,2173992,57.27,1686631
2014-09-23,2867046,2173992,57.27,1686631,56.91,1632282
2014-09-24,2173992,1686631,56.91,1632282,56.78,1650529
2014-09-25,1686631,1632282,56.78,1650529,56.89,1629584
2014-09-26,1632282,1650529,56.89,1629584,56.07,2218441
2014-09-29,1650529,1629584,56.07,2218441,55.92,1626565
2014-09-30,1629584,2218441,55.92,1626565,56.82,2120557
2014-10-01,2218441,1626565,56.82,2120557,56.18,2481276
2014-10-02,1626565,2120557,56.18,2481276,55.29,1708052
2014-10-03,2120557,2481276,55.29,1708052,56.16,1577280
2014-10-06,2481276,1708052,56.16,1577280,56.43,1157370
2014-10-07,1708052,1577280,56.43,1157370,55.0,1515558
2014-10-08,1577280,1157370,55.0,1515558,54.8,2124682
2014-10-09,1157370,1515558,54.8,2124682,55.03,2526263
2014-10-10,1515558,2124682,55.03,2526263,53.42,5133638
2014-10-13,2124682,2526263,53.42,5133638,52.73,2527277
2014-10-14,2526263,5133638,52.73,2527277,51.77,3972861
2014-10-15,5133638,2527277,51.77,3972861,49.8,4723905
2014-10-16,2527277,3972861,49.8,4723905,50.55,5362096
2014-10-17,3972861,4723905,50.55,5362096,52.02,3810818
2014-10-20,4723905,5362096,52.02,3810818,50.86,4942206
2014-10-21,5362096,3810818,50.86,4942206,52.86,2231876
2014-10-22,3810818,4942206,52.86,2231876,52.99,2161086
2014-10-23,4942206,2231876,52.99,2161086,53.59,1754719
2014-10-24,2231876,2161086,53.59,1754719,53.51,1508194
2014-10-27,2161086,1754719,53.51,1508194,53.6,1105293
2014-10-28,1754719,1508194,53.6,1105293,53.88,1714329
2014-10-29,1508194,1105293,53.88,1714329,54.13,1484268
2014-10-30,1105293,1714329,54.13,1484268,53.75,2504261
2014-10-31,1714329,1484268,53.75,2504261,54.85,2087828
2014-11-03,1484268,2504261,54.85,2087828,39.49,4559916
2014-11-04,2504261,2087828,39.49,4559916,39.84,5765189
2014-11-05,2087828,4559916,39.84,5765189,39.98,2341387
2014-11-06,4559916,5765189,39.98,2341387,40.26,2968264
2014-11-07,5765189,2341387,40.26,2968264,40.86,2458734
2014-11-10,2341387,2968264,40.86,2458734,40.88,2583931
2014-11-11,2968264,2458734,40.88,2583931,41.34,2163823
2014-11-12,2458734,2583931,41.34,2163823,41.02,2504261
2014-11-13,2583931,2163823,41.02,2504261,41.26,1805461
2014-11-14,2163823,2504261,41.26,1805461,41.29,1331282
2014-11-17,2504261,1805461,41.29,1331282,41.21,2697164
2014-11-18,1805461,1331282,41.21,2697164,40.05,5891377
2014-11-19,1331282,2697164,40.05,5891377,40.7,4012147
2014-11-20,2697164,5891377,40.7,4012147,40.56,2303826
2014-11-21,5891377,4012147,40.56,2303826,41.7,5306170
2014-11-24,4012147,2303826,41.7,5306170,41.99,2122424
2014-11-25,2303826,5306170,41.99,2122424,42.31,2713879
2014-11-26,5306170,2122424,42.31,2713879,42.53,1752695
2014-11-28,2122424,2713879,42.53,1752695,42.59,1091780
2014-12-01,2713879,1752695,42.59,1091780,41.58,4411159
2014-12-02,1752695,1091780,41.58,4411159,41.55,2014436
2014-12-03,1091780,4411159,41.55,2014436,41.82,2250275
2014-12-04,4411159,2014436,41.82,2250275,42.02,1346823
2014-12-05,2014436,2250275,42.02,1346823,42.08,1019549
2014-12-08,2250275,1346823,42.08,1019549,41.415,1425753
2014-12-09,1346823,1019549,41.415,1425753,40.98,1803210
2014-12-10,1019549,1425753,40.98,1803210,40.31,2654911
2014-12-11,1425753,1803210,40.31,2654911,40.49,1640864
2014-12-12,1803210,2654911,40.49,1640864,39.71,2335765
2014-12-15,2654911,1640864,39.71,2335765,38.65,4510349
2014-12-16,1640864,2335765,38.65,4510349,38.1,3849394
2014-12-17,2335765,4510349,38.1,3849394,38.09,3508188
2014-12-18,4510349,3849394,38.09,3508188,40.11,3104066
2014-12-19,3849394,3508188,40.11,3104066,40.86,3736336
2014-12-22,3508188,3104066,40.86,3736336,41.38,1590221
2014-12-23,3104066,3736336,41.38,1590221,41.36,1872341
2014-12-24,3736336,1590221,41.36,1872341,40.96,1426901
2014-12-26,1590221,1872341,40.96,1426901,41.29,588034
2014-12-29,1872341,1426901,41.29,588034,41.312,976423
2014-12-30,1426901,588034,41.312,976423,41.14,1323452
2014-12-31,588034,976423,41.14,1323452,40.9,1423993
2015-01-02,976423,1323452,40.9,1423993,40.37,1530798
2015-01-05,1323452,1423993,40.37,1530798,39.7,2042240
2015-01-06,1423993,1530798,39.7,2042240,39.02,2084562
2015-01-07,1530798,2042240,39.02,2084562,39.29,3359660
2015-01-08,2042240,2084562,39.29,3359660,40.18,2116341
2015-01-09,2084562,3359660,40.18,2116341,40.29,1644939
2015-01-12,3359660,2116341,40.29,1644939,39.95,2771191
2015-01-13,2116341,1644939,39.95,2771191,39.33,2013474
2015-01-14,1644939,2771191,39.33,2013474,38.21,5134006
2015-01-15,2771191,2013474,38.21,5134006,37.99,2630296
2015-01-16,2013474,5134006,37.99,2630296,37.76,3003980
2015-01-20,5134006,2630296,37.76,3003980,37.76,5033605
2015-01-21,2630296,3003980,37.76,5033605,37.68,2721609
2015-01-22,3003980,5033605,37.68,2721609,38.12,4856573
2015-01-23,5033605,2721609,38.12,4856573,38.76,1519250
2015-01-26,2721609,4856573,38.76,1519250,38.47,1511214
2015-01-27,4856573,1519250,38.47,1511214,38.58,1703508
2015-01-28,1519250,1511214,38.58,1703508,37.96,2033523
2015-01-29,1511214,1703508,37.96,2033523,37.69,2329983
2015-01-30,1703508,2033523,37.69,2329983,37.71,3054313
2015-02-02,2033523,2329983,37.71,3054313,37.71,2508493
2015-02-03,2329983,3054313,37.71,2508493,38.92,2950375
2015-02-04,3054313,2508493,38.92,2950375,38.82,2567439
2015-02-05,2508493,2950375,38.82,2567439,39.22,1826367
2015-02-06,2950375,2567439,39.22,1826367,39.225,2697212
2015-02-09,2567439,1826367,39.225,2697212,38.95,3586102
2015-02-10,1826367,2697212,38.95,3586102,38.78,1408747
2015-02-11,2697212,3586102,38.78,1408747,39.2326,3337005
2015-02-12,3586102,1408747,39.2326,3337005,39.53,1317705
2015-02-13,1408747,3337005,39.53,1317705,39.91,2211931
2015-02-17,3337005,1317705,39.91,2211931,39.76,2875788
2015-02-18,1317705,2211931,39.76,2875788,40.91,9007218
2015-02-19,2211931,2875788,40.91,9007218,41.04,3737331
2015-02-20,2875788,9007218,41.04,3737331,40.88,2971880
2015-02-23,9007218,3737331,40.88,2971880,41.49,1967913
2015-02-24,3737331,2971880,41.49,1967913,41.6,1922102
2015-02-25,2971880,1967913,41.6,1922102,42.09,2343479
2015-02-26,1967913,1922102,42.09,2343479,42.0,1505418
2015-02-27,1922102,2343479,42.0,1505418,42.045,1676351
2015-03-02,2343479,1505418,42.045,1676351,42.34,1847082
2015-03-03,1505418,1676351,42.34,1847082,42.14,1635437
2015-03-04,1676351,1847082,42.14,1635437,41.73,1305992
2015-03-05,1847082,1635437,41.73,1305992,41.84,1376468
2015-03-06,1635437,1305992,41.84,1376468,41.49,1528564
2015-03-09,1305992,1376468,41.49,1528564,41.435,1492378
2015-03-10,1376468,1528564,41.435,1492378,40.63,1961299
2015-03-11,1528564,1492378,40.63,1961299,40.67,2064355
2015-03-12,1492378,1961299,40.67,2064355,40.97,2719895
2015-03-13,1961299,2064355,40.97,2719895,40.515,4704560
2015-03-16,2064355,2719895,40.515,4704560,41.11,2551437
2015-03-17,2719895,4704560,41.11,2551437,41.06,1504881
2015-03-18,4704560,2551437,41.06,1504881,41.17,1295556
2015-03-19,2551437,1504881,41.17,1295556,41.82,1085684
2015-03-20,1504881,1295556,41.82,1085684,42.2,2315472
2015-03-23,1295556,1085684,42.2,2315472,42.0,1835393
2015-03-24,1085684,2315472,42.0,1835393,41.01,3625952
2015-03-25,2315472,1835393,41.01,3625952,40.79,2776181
2015-03-26,1835393,3625952,40.79,2776181,40.3703,1573740
2015-03-27,3625952,2776181,40.3703,1573740,40.58,1932749
2015-03-30,2776181,1573740,40.58,1932749,41.32,2064181
2015-03-31,1573740,1932749,41.32,2064181,41.102,1659179
2015-04-01,1932749,2064181,41.102,1659179,40.72,2170331
2015-04-02,2064181,1659179,40.72,2170331,41.33,2135918
2015-04-06,1659179,2170331,41.33,2135918,41.51,2379808
2015-04-07,2170331,2135918,41.51,2379808,41.87,3072418
2015-04-08,2135918,2379808,41.87,3072418,42.025,2443178
2015-04-09,2379808,3072418,42.025,2443178,42.07,1332519
2015-04-10,3072418,2443178,42.07,1332519,42.57,3370597
2015-04-13,2443178,1332519,42.57,3370597,42.99,3708641
2015-04-14,1332519,3370597,42.99,3708641,42.58,1777705
2015-04-15,3370597,3708641,42.58,1777705,43.18,1445622
2015-04-16,3708641,1777705,43.18,1445622,43.06,1070232
2015-04-17,1777705,1445622,43.06,1070232,42.6,2333369
2015-04-20,1445622,1070232,42.6,2333369,43.15,1410574
2015-04-21,1070232,2333369,43.15,1410574,42.87,1719710
2015-04-22,2333369,1410574,42.87,1719710,42.37,2726140
2015-04-23,1410574,1719710,42.37,2726140,42.24,3973179
2015-04-24,1719710,2726140,42.24,3973179,42.42,2200155
2015-04-27,2726140,3973179,42.42,2200155,41.965,2298298
2015-04-28,3973179,2200155,41.965,2298298,41.57,1803453
2015-04-29,2200155,2298298,41.57,1803453,41.44,2160963
2015-04-30,2298298,1803453,41.44,2160963,41.11,1726312
2015-05-01,1803453,2160963,41.11,1726312,41.24,1880177
2015-05-04,2160963,1726312,41.24,1880177,41.7,1073820
2015-05-05,1726312,1880177,41.7,1073820,41.455,1254801
2015-05-06,1880177,1073820,41.455,1254801,41.36,934611
2015-05-07,1073820,1254801,41.36,934611,41.31,999682
2015-05-08,1254801,934611,41.31,999682,42.21,1034717
2015-05-11,934611,999682,42.21,1034717,42.39,975490
2015-05-12,999682,1034717,42.39,975490,41.5,2617833
2015-05-13,1034717,975490,41.5,2617833,41.71,1992774
2015-05-14,975490,2617833,41.71,1992774,41.87,2883667
2015-05-15,2617833,1992774,41.87,2883667,41.99,2147413
2015-05-18,1992774,2883667,41.99,2147413,41.98,1966147
2015-05-19,2883667,2147413,41.98,1966147,41.5,5277345
2015-05-20,2147413,1966147,41.5,5277345,42.43,2652326
2015-05-21,1966147,5277345,42.43,2652326,42.2,2126257
2015-05-22,5277345,2652326,42.2,2126257,42.07,1484752
2015-05-26,2652326,2126257,42.07,1484752,41.985,1919645
2015-05-27,2126257,1484752,41.985,1919645,42.1,2507443
2015-05-28,1484752,1919645,42.1,2507443,41.35,3347403
2015-05-29,1919645,2507443,41.35,3347403,40.82,5022554
2015-06-01,2507443,3347403,40.82,5022554,40.85,2440065
2015-06-02,3347403,5022554,40.85,2440065,40.67,2947454
2015-06-03,5022554,2440065,40.67,2947454,40.94,2722286
2015-06-04,2440065,2947454,40.94,2722286,40.01,4091870
2015-06-05,2947454,2722286,40.01,4091870,40.2,1760467
2015-06-08,2722286,4091870,40.2,1760467,39.91,1353411
2015-06-09,4091870,1760467,39.91,1353411,39.8303,1439015
2015-06-10,1760467,1353411,39.8303,1439015,40.27,1789330
2015-06-11,1353411,1439015,40.27,1789330,40.29,1576987
2015-06-12,1439015,1789330,40.29,1576987,39.735,2769551
2015-06-15,1789330,1576987,39.735,2769551,39.25,2361878
2015-06-16,1576987,2769551,39.25,2361878,39.38,1422563
2015-06-17,2769551,2361878,39.38,1422563,39.32,1519421
2015-06-18,2361878,1422563,39.32,1519421,39.72,1865267
2015-06-19,1422563,1519421,39.72,1865267,39.49,2658779
2015-06-22,1519421,1865267,39.49,2658779,39.73,3909250
2015-06-23,1865267,2658779,39.73,3909250,39.42,2053553
2015-06-24,2658779,3909250,39.42,2053553,39.025,6127695
2015-06-25,3909250,2053553,39.025,6127695,39.38,5265822
2015-06-26,2053553,6127695,39.38,5265822,39.775,3350458
2015-06-29,6127695,5265822,39.775,3350458,38.74,2516360
2015-06-30,5265822,3350458,38.74,2516360,38.48,3037436
2015-07-01,3350458,2516360,38.48,3037436,38.75,4486572
2015-07-02,2516360,3037436,38.75,4486572,39.15,2160799
2015-07-06,3037436,4486572,39.15,2160799,39.08,2509428
2015-07-07,4486572,2160799,39.08,2509428,39.1359,2927761
2015-07-08,2160799,2509428,39.1359,2927761,38.71,3390976
2015-07-09,2509428,2927761,38.71,3390976,38.91,2237945
2015-07-10,2927761,3390976,38.91,2237945,39.155,2107093
2015-07-13,3390976,2237945,39.155,2107093,39.54,1579730
2015-07-14,2237945,2107093,39.54,1579730,39.89,2801301
2015-07-15,2107093,1579730,39.89,2801301,40.02,2247745
2015-07-16,1579730,2801301,40.02,2247745,40.12,1826485
2015-07-17,2801301,2247745,40.12,1826485,39.84,2412373
2015-07-20,2247745,1826485,39.84,2412373,39.95,1155252
2015-07-21,1826485,2412373,39.95,1155252,39.54,1160904
2015-07-22,2412373,1155252,39.54,1160904,39.29,2949376
2015-07-23,1155252,1160904,39.29,2949376,40.01,1708801
2015-07-24,1160904,2949376,40.01,1708801,39.22,1844946
2015-07-27,2949376,1708801,39.22,1844946,38.61,5261424
2015-07-28,1708801,1844946,38.61,5261424,39.5,2768225
2015-07-29,1844946,5261424,39.5,2768225,40.24,2014066
2015-07-30,5261424,2768225,40.24,2014066,40.07,2440415
2015-07-31,2768225,2014066,40.07,2440415,40.78,2247715
2015-08-03,2014066,2440415,40.78,2247715,40.58,2104591
2015-08-04,2440415,2247715,40.58,2104591,40.55,1448062
2015-08-05,2247715,2104591,40.55,1448062,40.69,949479
2015-08-06,2104591,1448062,40.69,949479,39.91,1932226
2015-08-07,1448062,949479,39.91,1932226,39.63,1513076
2015-08-10,949479,1932226,39.63,1513076,40.16,1554542
2015-08-11,1932226,1513076,40.16,1554542,39.3,1575708
2015-08-12,1513076,1554542,39.3,1575708,38.27,3440282
2015-08-13,1554542,1575708,38.27,3440282,38.46,2848895
2015-08-14,1575708,3440282,38.46,2848895,38.32,2632739
2015-08-17,3440282,2848895,38.32,2632739,38.12,3302058
2015-08-18,2848895,2632739,38.12,3302058,39.0,6416891
2015-08-19,2632739,3302058,39.0,6416891,38.3,2730429
2015-08-20,3302058,6416891,38.3,2730429,37.5,2145028
2015-08-21,6416891,2730429,37.5,2145028,36.175,3828206
2015-08-24,2730429,2145028,36.175,3828206,33.57,4114990
2015-08-25,2145028,3828206,33.57,4114990,34.3,3802732
2015-08-26,3828206,4114990,34.3,3802732,34.47,3233814
2015-08-27,4114990,3802732,34.47,3233814,35.89,2406297
2015-08-28,3802732,3233814,35.89,2406297,36.15,1783861
2015-08-31,3233814,2406297,36.15,1783861,35.95,2554666
2015-09-01,2406297,1783861,35.95,2554666,34.57,2954093
2015-09-02,1783861,2554666,34.57,2954093,34.88,2119191
2015-09-03,2554666,2954093,34.88,2119191,35.525,2140822
2015-09-04,2954093,2119191,35.525,2140822,34.9,2819027
2015-09-08,2119191,2140822,34.9,2819027,35.51,1787408
2015-09-09,2140822,2819027,35.51,1787408,35.44,1885293
2015-09-10,2819027,1787408,35.44,1885293,35.44,1628726
2015-09-11,1787408,1885293,35.44,1628726,35.44,1443721
2015-09-14,1885293,1628726,35.44,1443721,35.32,2223319
2015-09-15,1628726,1443721,35.32,2223319,35.51,1752721
2015-09-16,1443721,2223319,35.51,1752721,36.06,2130117
2015-09-17,2223319,1752721,36.06,2130117,36.29,1819067
2015-09-18,1752721,2130117,36.29,1819067,35.585,3352296
2015-09-21,2130117,1819067,35.585,3352296,35.41,2640363
2015-09-22,1819067,3352296,35.41,2640363,34.94,2283337
2015-09-23,3352296,2640363,34.94,2283337,34.81,1962552
2015-09-24,2640363,2283337,34.81,1962552,34.15,2028940
2015-09-25,2283337,1962552,34.15,2028940,34.1,2730672
2015-09-28,1962552,2028940,34.1,2730672,33.32,2615440
2015-09-29,2028940,2730672,33.32,2615440,33.245,2252364
2015-09-30,2730672,2615440,33.245,2252364,33.67,2545749
2015-10-01,2615440,2252364,33.67,2545749,33.48,3011460
2015-10-02,2252364,2545749,33.48,3011460,33.115,3519448
2015-10-05,2545749,3011460,33.115,3519448,34.84,1675429
2015-10-06,3011460,3519448,34.84,1675429,34.53,1833679
2015-10-07,3519448,1675429,34.53,1833679,35.1,3089575
2015-10-08,1675429,1833679,35.1,3089575,35.34,2598314
2015-10-09,1833679,3089575,35.34,2598314,35.88,3232938
2015-10-12,3089575,2598314,35.88,3232938,35.86,1349866
2015-10-13,2598314,3232938,35.86,1349866,35.53,2383212
2015-10-14,3232938,1349866,35.53,2383212,34.97,1647407
2015-10-15,1349866,2383212,34.97,1647407,34.79,1432995
2015-10-16,2383212,1647407,34.79,1432995,35.37,1754319
2015-10-19,1647407,1432995,35.37,1754319,35.59,3685845
2015-10-20,1432995,1754319,35.59,3685845,36.03,2635777
2015-10-21,1754319,3685845,36.03,2635777,35.8,2886412
2015-10-22,3685845,2635777,35.8,2886412,36.0,3696278
2015-10-23,2635777,2886412,36.0,3696278,36.18,2732645
2015-10-26,2886412,3696278,36.18,2732645,36.686,1948411
2015-10-27,3696278,2732645,36.686,1948411,36.465,2557172
2015-10-28,2732645,1948411,36.465,2557172,36.77,1780126
2015-10-29,1948411,2557172,36.77,1780126,37.28,1352267
2015-10-30,2557172,1780126,37.28,1352267,37.68,2194619
2015-11-02,1780126,1352267,37.68,2194619,37.8,1810869
2015-11-03,1352267,2194619,37.8,1810869,38.16,1485779
2015-11-04,2194619,1810869,38.16,1485779,38.0,1569620
2015-11-05,1810869,1485779,38.0,1569620,37.93,1419963
2015-11-06,1485779,1569620,37.93,1419963,37.98,1964478
2015-11-09,1569620,1419963,37.98,1964478,37.48,3109588
2015-11-10,1419963,1964478,37.48,3109588,37.69,4339800
2015-11-11,1964478,3109588,37.69,4339800,37.65,1969168
2015-11-12,3109588,4339800,37.65,1969168,37.24,3096336
2015-11-13,4339800,1969168,37.24,3096336,36.63,3335092
2015-11-16,1969168,3096336,36.63,3335092,36.6,2490208
2015-11-17,3096336,3335092,36.6,2490208,36.5,7679493
2015-11-18,3335092,2490208,36.5,7679493,38.36,6589609
2015-11-19,2490208,7679493,38.36,6589609,38.31,7275136
2015-11-20,7679493,6589609,38.31,7275136,38.52,5447723
2015-11-23,6589609,7275136,38.52,5447723,39.14,6474141
2015-11-24,7275136,5447723,39.14,6474141,39.73,5669066
2015-11-25,5447723,6474141,39.73,5669066,40.47,3797067
2015-11-27,6474141,5669066,40.47,3797067,41.16,1935738
2015-11-30,5669066,3797067,41.16,1935738,41.61,3208114
2015-12-01,3797067,1935738,41.61,3208114,41.04,7989220
2015-12-02,1935738,3208114,41.04,7989220,40.37,4713210
2015-12-03,3208114,7989220,40.37,4713210,39.95,3314529
2015-12-04,7989220,4713210,39.95,3314529,40.13,2519309
2015-12-07,4713210,3314529,40.13,2519309,40.54,2004492
2015-12-08,3314529,2519309,40.54,2004492,40.42,4331832
2015-12-09,2519309,2004492,40.42,4331832,40.9125,4133291
2015-12-10,2004492,4331832,40.9125,4133291,40.65,3709240
2015-12-11,4331832,4133291,40.65,3709240,40.055,2634362
2015-12-14,4133291,3709240,40.055,2634362,39.9,2310538
2015-12-15,3709240,2634362,39.9,2310538,40.56,2195375
2015-12-16,2634362,2310538,40.56,2195375,40.67,2582642
2015-12-17,2310538,2195375,40.67,2582642,40.77,2218837
2015-12-18,2195375,2582642,40.77,2218837,40.08,3364796
2015-12-21,2582642,2218837,40.08,3364796,40.44,1735159
2015-12-22,2218837,3364796,40.44,1735159,40.715,1643172
2015-12-23,3364796,1735159,40.715,1643172,41.39,1510716
2015-12-24,1735159,1643172,41.39,1510716,41.67,874549
2015-12-28,1643172,1510716,41.67,874549,41.52,1458242
2015-12-29,1510716,874549,41.52,1458242,41.9201,1757360
2015-12-30,874549,1458242,41.9201,1757360,42.01,834358
2015-12-31,1458242,1757360,42.01,834358,41.715,1450968
2016-01-04,1757360,834358,41.715,1450968,40.34,3287335
2016-01-05,834358,1450968,40.34,3287335,40.34,2587246
2016-01-06,1450968,3287335,40.34,2587246,40.05,2103619
2016-01-07,3287335,2587246,40.05,2103619,38.81,3504314
2016-01-08,2587246,2103619,38.81,3504314,38.465,3736768
2016-01-11,2103619,3504314,38.465,3736768,37.41,2818611
2016-01-12,3504314,3736768,37.41,2818611,37.6462,1989379
2016-01-13,3736768,2818611,37.6462,1989379,36.715,4206638
2016-01-14,2818611,1989379,36.715,4206638,36.55,2893372
2016-01-15,1989379,4206638,36.55,2893372,36.55,2994386
2016-01-19,4206638,2893372,36.55,2994386,36.79,2506559
2016-01-20,2893372,2994386,36.79,2506559,36.13,2469088
2016-01-21,2994386,2506559,36.13,2469088,36.81,2298372
2016-01-22,2506559,2469088,36.81,2298372,37.58,1834467
2016-01-25,2469088,2298372,37.58,1834467,37.4,1831240
2016-01-26,2298372,1834467,37.4,1831240,37.36,1755032
2016-01-27,1834467,1831240,37.36,1755032,36.81,1479446
2016-01-28,1831240,1755032,36.81,1479446,36.01,3479452
2016-01-29,1755032,1479446,36.01,3479452,36.31,2959863
2016-02-01,1479446,3479452,36.31,2959863,37.0,2666567
2016-02-02,3479452,2959863,37.0,2666567,36.95,1742325
2016-02-03,2959863,2666567,36.95,1742325,36.29,2128426
2016-02-04,2666567,1742325,36.29,2128426,36.97,2833492
2016-02-05,1742325,2128426,36.97,2833492,35.83,4424609
2016-02-08,2128426,2833492,35.83,4424609,34.39,3888601
2016-02-09,2833492,4424609,34.39,3888601,34.15,3464464
2016-02-10,4424609,3888601,34.15,3464464,35.53,3169951
2016-02-11,3888601,3464464,35.53,3169951,34.935,3224004
2016-02-12,3464464,3169951,34.935,3224004,35.52,3923627
2016-02-16,3169951,3224004,35.52,3923627,36.4,2903649
2016-02-17,3224004,3923627,36.4,2903649,34.75,5382312
2016-02-18,3923627,2903649,34.75,5382312,37.09,2231481
2016-02-19,2903649,5382312,37.09,2231481,36.85,2339426
2016-02-22,5382312,2231481,36.85,2339426,37.78,1792962
2016-02-23,2231481,2339426,37.78,1792962,36.95,1282290
2016-02-24,2339426,1792962,36.95,1282290,36.47,1454952
2016-02-25,1792962,1282290,36.47,1454952,36.96,1453515
2016-02-26,1282290,1454952,36.96,1453515,37.44,944266
2016-02-29,1454952,1453515,37.44,944266,37.33,2187500
2016-03-01,1453515,944266,37.33,2187500,37.61,2760200
2016-03-02,944266,2187500,37.61,2760200,38.41,3612508
2016-03-03,2187500,2760200,38.41,3612508,38.74,946823
2016-03-04,2760200,3612508,38.74,946823,39.03,1124968
2016-03-07,3612508,946823,39.03,1124968,38.96,1221574
2016-03-08,946823,1124968,38.96,1221574,38.01,1801486
2016-03-09,1124968,1221574,38.01,1801486,37.96,1614633
2016-03-10,1221574,1801486,37.96,1614633,37.62,1614998
2016-03-11,1801486,1614633,37.62,1614998,38.32,1517348
2016-03-14,1614633,1614998,38.32,1517348,38.41,929638
2016-03-15,1614998,1517348,38.41,929638,38.08,1059439
2016-03-16,1517348,929638,38.08,1059439,38.02,1956125
2016-03-17,929638,1059439,38.02,1956125,38.59,1895669
2016-03-18,1059439,1956125,38.59,1895669,39.27,2504361
2016-03-21,1956125,1895669,39.27,2504361,39.64,2172615
2016-03-22,1895669,2504361,39.64,2172615,39.445,1552312
2016-03-23,2504361,2172615,39.445,1552312,39.37,1554822
2016-03-24,2172615,1552312,39.37,1554822,38.89,993627
2016-03-28,1552312,1554822,38.89,993627,39.14,1272724
2016-03-29,1554822,993627,39.14,1272724,39.11,1091198
2016-03-30,993627,1272724,39.11,1091198,39.89,783495
2016-03-31,1272724,1091198,39.89,783495,39.66,3143468
2016-04-01,1091198,783495,39.66,3143468,39.5,2857844
2016-04-04,783495,3143468,39.5,2857844,39.8,2958061
2016-04-05,3143468,2857844,39.8,2958061,39.19,1900659
2016-04-06,2857844,2958061,39.19,1900659,39.17,1566612
2016-04-07,2958061,1900659,39.17,1566612,39.25,1373839
2016-04-08,1900659,1566612,39.25,1373839,39.4,1106293
2016-04-11,1566612,1373839,39.4,1106293,39.35,1049336
2016-04-12,1373839,1106293,39.35,1049336,39.34,992495
2016-04-13,1106293,1049336,39.34,992495,39.5,2495340
2016-04-14,1049336,992495,39.5,2495340,40.53,1347753
2016-04-15,992495,2495340,40.53,1347753,40.625,1442264
2016-04-18,2495340,1347753,40.625,1442264,40.61,1536678
2016-04-19,1347753,1442264,40.61,1536678,41.13,1640774
2016-04-20,1442264,1536678,41.13,1640774,41.3,1243893
2016-04-21,1536678,1640774,41.3,1243893,41.42,1670389
2016-04-22,1640774,1243893,41.42,1670389,41.55,1396272
2016-04-25,1243893,1670389,41.55,1396272,41.53,1500449
2016-04-26,1670389,1396272,41.53,1500449,41.26,1868970
2016-04-27,1396272,1500449,41.26,1868970,41.04,1189462
2016-04-28,1500449,1868970,41.04,1189462,41.06,1549792
2016-04-29,1868970,1189462,41.06,1549792,40.26,2028332
2016-05-02,1189462,1549792,40.26,2028332,41.13,1285318
2016-05-03,1549792,2028332,41.13,1285318,40.91,1333991
2016-05-04,2028332,1285318,40.91,1333991,40.39,1602991
2016-05-05,1285318,1333991,40.39,1602991,40.51,1083956
2016-05-06,1333991,1602991,40.51,1083956,40.72,1403483
2016-05-09,1602991,1083956,40.72,1403483,41.29,1741539
2016-05-10,1083956,1403483,41.29,1741539,41.35,2094305
2016-05-11,1403483,1741539,41.35,2094305,42.12,3328961
2016-05-12,1741539,2094305,42.12,3328961,42.42,2504924
2016-05-13,2094305,3328961,42.42,2504924,42.39,2430565
2016-05-16,3328961,2504924,42.39,2430565,42.5,3979321
2016-05-17,2504924,2430565,42.5,3979321,43.63,7130371
2016-05-18,2430565,3979321,43.63,7130371,43.99,3476470
2016-05-19,3979321,7130371,43.99,3476470,43.975,3660160
2016-05-20,7130371,3476470,43.975,3660160,44.69,2567686
2016-05-23,3476470,3660160,44.69,2567686,44.53,1689755
2016-05-24,3660160,2567686,44.53,1689755,44.7,3236305
2016-05-25,2567686,1689755,44.7,3236305,45.12,2352424
2016-05-26,1689755,3236305,45.12,2352424,45.2,2569626
2016-05-27,3236305,2352424,45.2,2569626,45.37,1823120
2016-05-31,2352424,2569626,45.37,1823120,45.575,2256373
2016-06-01,2569626,1823120,45.575,2256373,45.45,1734386
2016-06-02,1823120,2256373,45.45,1734386,45.82,2209387
2016-06-03,2256373,1734386,45.82,2209387,45.19,2395816
2016-06-06,1734386,2209387,45.19,2395816,45.72,2359193
2016-06-07,2209387,2395816,45.72,2359193,45.6099,1500872
2016-06-08,2395816,2359193,45.6099,1500872,45.71,1552146
2016-06-09,2359193,1500872,45.71,1552146,45.88,1204415
2016-06-10,1500872,1552146,45.88,1204415,45.19,1261698
2016-06-13,1552146,1204415,45.19,1261698,44.905,1272833
2016-06-14,1204415,1261698,44.905,1272833,44.56,1624087
2016-06-15,1261698,1272833,44.56,1624087,44.9,2029194
2016-06-16,1272833,1624087,44.9,2029194,44.585,1784741
2016-06-17,1624087,2029194,44.585,1784741,44.87,3434813
2016-06-20,2029194,1784741,44.87,3434813,45.57,3161329
2016-06-21,1784741,3434813,45.57,3161329,45.76,2112964
2016-06-22,3434813,3161329,45.76,2112964,45.945,2412064
2016-06-23,3161329,2112964,45.945,2412064,46.39,1487938
2016-06-24,2112964,2412064,46.39,1487938,43.92,5263644
2016-06-27,2412064,1487938,43.92,5263644,41.98,4328364
2016-06-28,1487938,5263644,41.98,4328364,42.155,4300845
2016-06-29,5263644,4328364,42.155,4300845,43.19,2402578
2016-06-30,4328364,4300845,43.19,2402578,43.59,2181066
2016-07-01,4300845,2402578,43.59,2181066,44.31,1591476
2016-07-05,2402578,2181066,44.31,1591476,43.63,1813468
2016-07-06,2181066,1591476,43.63,1813468,43.36,2312133
2016-07-07,1591476,1813468,43.36,2312133,44.18,1861536
2016-07-08,1813468,2312133,44.18,1861536,44.86,1838137
2016-07-11,2312133,1861536,44.86,1838137,45.35,1094683
2016-07-12,1861536,1838137,45.35,1094683,45.64,2237748
2016-07-13,1838137,1094683,45.64,2237748,46.325,1852475
2016-07-14,1094683,2237748,46.325,1852475,46.69,1192500
2016-07-15,2237748,1852475,46.69,1192500,46.55,1202638
2016-07-18,1852475,1192500,46.55,1202638,46.341,1362884
2016-07-19,1192500,1202638,46.341,1362884,46.49,2583860
2016-07-20,1202638,1362884,46.49,2583860,46.82,2124914
2016-07-21,1362884,2583860,46.82,2124914,46.465,1226365
2016-07-22,2583860,2124914,46.465,1226365,46.42,1512440
2016-07-25,2124914,1226365,46.42,1512440,45.92,1720649
2016-07-26,1226365,1512440,45.92,1720649,45.79,1792674
2016-07-27,1512440,1720649,45.79,1792674,46.73,1572573
2016-07-28,1720649,1792674,46.73,1572573,47.02,1945517
2016-07-29,1792674,1572573,47.02,1945517,47.36,1881372
2016-08-01,1572573,1945517,47.36,1881372,47.62,1604639
2016-08-02,1945517,1881372,47.62,1604639,46.97,1595948
2016-08-03,1881372,1604639,46.97,1595948,46.9,1508868
2016-08-04,1604639,1595948,46.9,1508868,46.74,1700182
2016-08-05,1595948,1508868,46.74,1700182,47.1,1250805
2016-08-08,1508868,1700182,47.1,1250805,47.14,1311724
2016-08-09,1700182,1250805,47.14,1311724,47.11,1006170
2016-08-10,1250805,1311724,47.11,1006170,47.21,754137
2016-08-11,1311724,1006170,47.21,754137,47.47,1377024
2016-08-12,1006170,754137,47.47,1377024,47.7,1538976
2016-08-15,754137,1377024,47.7,1538976,48.12,2323589
2016-08-16,1377024,1538976,48.12,2323589,48.117,3175994
2016-08-17,1538976,2323589,48.117,3175994,48.08,3154934
2016-08-18,2323589,3175994,48.08,3154934,46.09,4660295
2016-08-19,3175994,3154934,46.09,4660295,46.57,3340438
2016-08-22,3154934,4660295,46.57,3340438,47.38,1626833
2016-08-23,4660295,3340438,47.38,1626833,47.68,1645348
2016-08-24,3340438,1626833,47.68,1645348,46.63,2634707
2016-08-25,1626833,1645348,46.63,2634707,46.61,2160074
2016-08-26,1645348,2634707,46.61,2160074,47.07,1581245
2016-08-29,2634707,2160074,47.07,1581245,47.31,1332975
2016-08-30,2160074,1581245,47.31,1332975,47.08,2231203
2016-08-31,1581245,1332975,47.08,2231203,46.8075,1676587
2016-09-01,1332975,2231203,46.8075,1676587,46.8075,1257886
2016-09-02,2231203,1676587,46.8075,1257886,46.89,1424454
2016-09-06,1676587,1257886,46.89,1424454,46.72,1460928
2016-09-07,1257886,1424454,46.72,1460928,46.86,1542576
2016-09-08,1424454,1460928,46.86,1542576,46.94,884738
2016-09-09,1460928,1542576,46.94,884738,44.87,2507018
2016-09-12,1542576,884738,44.87,2507018,44.47,1835434
2016-09-13,884738,2507018,44.47,1835434,44.61,3461832
2016-09-14,2507018,1835434,44.61,3461832,44.6,1604806
2016-09-15,1835434,3461832,44.6,1604806,44.81,1733971
2016-09-16,3461832,1604806,44.81,1733971,44.74,2592850
2016-09-19,1604806,1733971,44.74,2592850,44.86,1927900
2016-09-20,1733971,2592850,44.86,1927900,45.15,2333122
2016-09-21,2592850,1927900,45.15,2333122,45.41,1612736
2016-09-22,1927900,2333122,45.41,1612736,46.29,1307074
2016-09-23,2333122,1612736,46.29,1307074,46.31,1957032
2016-09-26,1612736,1307074,46.31,1957032,46.16,2639060
2016-09-27,1307074,1957032,46.16,2639060,46.23,1587143
2016-09-28,1957032,2639060,46.23,1587143,46.52,1502533
2016-09-29,2639060,1587143,46.52,1502533,46.14,1938218
2016-09-30,1587143,1502533,46.14,1938218,46.3,1754316
2016-10-03,1502533,1938218,46.3,1754316,46.82,1539625
2016-10-04,1938218,1754316,46.82,1539625,46.67,1763985
2016-10-05,1754316,1539625,46.67,1763985,46.9275,1432268
2016-10-06,1539625,1763985,46.9275,1432268,46.88,1772801
2016-10-07,1763985,1432268,46.88,1772801,46.99,1663127
2016-10-10,1432268,1772801,46.99,1663127,47.55,1544958
2016-10-11,1772801,1663127,47.55,1544958,45.42,2912537
2016-10-12,1663127,1544958,45.42,2912537,45.42,1736076
2016-10-13,1544958,2912537,45.42,1736076,44.755,1336023
2016-10-14,2912537,1736076,44.755,1336023,45.08,997137
2016-10-17,1736076,1336023,45.08,997137,44.9999,1160321
2016-10-18,1336023,997137,44.9999,1160321,45.27,1949108
2016-10-19,997137,1160321,45.27,1949108,45.34,1769090
2016-10-20,1160321,1949108,45.34,1769090,45.65,1493608
2016-10-21,1949108,1769090,45.65,1493608,45.29,1011340
2016-10-24,1769090,1493608,45.29,1011340,45.64,1666388
2016-10-25,1493608,1011340,45.64,1666388,43.17,3949609
2016-10-26,1011340,1666388,43.17,3949609,43.24,2146178
2016-10-27,1666388,3949609,43.24,2146178,43.35,2393625
2016-10-28,3949609,2146178,43.35,2393625,43.11,1471348
2016-10-31,2146178,2393625,43.11,1471348,43.18,1556762
2016-11-01,2393625,1471348,43.18,1556762,43.14,2133116
2016-11-02,1471348,1556762,43.14,2133116,43.24,2240428
2016-11-03,1556762,2133116,43.24,2240428,43.18,2510054
2016-11-04,2133116,2240428,43.18,2510054,43.69,2220908
2016-11-07,2240428,2510054,43.69,2220908,44.95,1723957
2016-11-08,2510054,2220908,44.95,1723957,45.32,2136740
2016-11-09,2220908,1723957,45.32,2136740,44.49,3501243
2016-11-10,1723957,2136740,44.49,3501243,46.34,2558722
2016-11-11,2136740,3501243,46.34,2558722,46.21,2219255
2016-11-14,3501243,2558722,46.21,2219255,45.18,3443200
2016-11-15,2558722,2219255,45.18,3443200,44.95,4710170
2016-11-16,2219255,3443200,44.95,4710170,46.15,4026754
2016-11-17,3443200,4710170,46.15,4026754,45.55,2070609
2016-11-18,4710170,4026754,45.55,2070609,45.01,3148538
2016-11-21,4026754,2070609,45.01,3148538,44.65,2540067
2016-11-22,2070609,3148538,44.65,2540067,43.77,2831226
2016-11-23,3148538,2540067,43.77,2831226,43.97,1926275
2016-11-25,2540067,2831226,43.97,1926275,44.62,877140
2016-11-28,2831226,1926275,44.62,877140,43.58,2241795
2016-11-29,1926275,877140,43.58,2241795,43.52,1952118
2016-11-30,877140,2241795,43.52,1952118,43.94,2238575
2016-12-01,2241795,1952118,43.94,2238575,42.92,2823273
2016-12-02,1952118,2238575,42.92,2823273,43.27,2153515
2016-12-05,2238575,2823273,43.27,2153515,44.21,2495020
2016-12-06,2823273,2153515,44.21,2495020,44.2,1136658
2016-12-07,2153515,2495020,44.2,1136658,44.11,1815238
2016-12-08,2495020,1136658,44.11,1815238,44.77,1848936
2016-12-09,1136658,1815238,44.77,1848936,45.85,1937622
2016-12-12,1815238,1848936,45.85,1937622,46.11,1851517
2016-12-13,1848936,1937622,46.11,1851517,46.16,1734678
2016-12-14,1937622,1851517,46.16,1734678,46.0,2044052
2016-12-15,1851517,1734678,46.0,2044052,45.9201,1338905
2016-12-16,1734678,2044052,45.9201,1338905,45.81,2103155
2016-12-19,2044052,1338905,45.81,2103155,45.36,1084164
2016-12-20,1338905,2103155,45.36,1084164,45.54,1552366
2016-12-21,2103155,1084164,45.54,1552366,45.86,1652288
2016-12-22,1084164,1552366,45.86,1652288,45.8,968296
2016-12-23,1552366,1652288,45.8,968296,45.93,727682
2016-12-27,1652288,968296,45.93,727682,46.32,1535489
2016-12-28,968296,727682,46.32,1535489,45.68,1177275
2016-12-29,727682,1535489,45.68,1177275,45.57,891398
2016-12-30,1535489,1177275,45.57,891398,45.375,1216100
2017-01-03,1177275,891398,45.375,1216100,45.74,1739726
2017-01-04,891398,1216100,45.74,1739726,46.8162,1821264
2017-01-05,1216100,1739726,46.8162,1821264,46.355,1503763
2017-01-06,1739726,1821264,46.355,1503763,46.56,2883483
2017-01-09,1821264,1503763,46.56,2883483,47.905,2575328
2017-01-10,1503763,2883483,47.905,2575328,47.82,1560549
2017-01-11,2883483,2575328,47.82,1560549,47.95,5624332
2017-01-12,2575328,1560549,47.95,5624332,47.98,3276952
2017-01-13,1560549,5624332,47.98,3276952,48.41,1568923
2017-01-17,5624332,3276952,48.41,1568923,48.175,1939449
2017-01-18,3276952,1568923,48.175,1939449,48.0,1523508
2017-01-19,1568923,1939449,48.0,1523508,47.51,1346142
2017-01-20,1939449,1523508,47.51,1346142,47.4139,1701695
2017-01-23,1523508,1346142,47.4139,1701695,47.23,2013878
2017-01-24,1346142,1701695,47.23,2013878,47.05,2741915
2017-01-25,1701695,2013878,47.05,2741915,47.41,3073228
2017-01-26,2013878,2741915,47.41,3073228,47.915,1895562
2017-01-27,2741915,3073228,47.915,1895562,48.3,1527822
2017-01-30,3073228,1895562,48.3,1527822,47.385,2266487
2017-01-31,1895562,1527822,47.385,2266487,48.01,2552612
2017-02-01,1527822,2266487,48.01,2552612,48.68,2244604
2017-02-02,2266487,2552612,48.68,2244604,48.47,1352525
2017-02-03,2552612,2244604,48.47,1352525,49.06,1191855
2017-02-06,2244604,1352525,49.06,1191855,48.96,952095
2017-02-07,1352525,1191855,48.96,952095,49.26,2170720
2017-02-08,1191855,952095,49.26,2170720,49.23,2107079
2017-02-09,952095,2170720,49.23,2107079,50.0,2557747
2017-02-10,2170720,2107079,50.0,2557747,50.02,2092479
2017-02-13,2107079,2557747,50.02,2092479,50.42,1568350
2017-02-14,2557747,2092479,50.42,1568350,50.09,3546878
2017-02-15,2092479,1568350,50.09,3546878,50.62,5724488
2017-02-16,1568350,3546878,50.62,5724488,50.56,2550439
2017-02-17,3546878,5724488,50.56,2550439,50.58,2195788
2017-02-21,5724488,2550439,50.58,2195788,51.17,2036993
2017-02-22,2550439,2195788,51.17,2036993,51.19,1632886
2017-02-23,2195788,2036993,51.19,1632886,51.2,1006867
2017-02-24,2036993,1632886,51.2,1006867,51.33,1612698
2017-02-27,1632886,1006867,51.33,1612698,51.46,1195138
2017-02-28,1006867,1612698,51.46,1195138,51.23,1417772
2017-03-01,1612698,1195138,51.23,1417772,51.62,2026600
2017-03-02,1195138,1417772,51.62,2026600,51.33,1706500
2017-03-03,1417772,2026600,51.33,1706500,51.15,1824423
2017-03-06,2026600,1706500,51.15,1824423,51.175,1884477
2017-03-07,1706500,1824423,51.175,1884477,50.86,2233561
2017-03-08,1824423,1884477,50.86,2233561,50.95,1517642
2017-03-09,1884477,2233561,50.95,1517642,51.13,1259407
2017-03-10,2233561,1517642,51.13,1259407,51.48,1860508
2017-03-13,1517642,1259407,51.48,1860508,51.99,1376191
2017-03-14,1259407,1860508,51.99,1376191,51.96,1203368
2017-03-15,1860508,1376191,51.96,1203368,53.02,4117983
2017-03-16,1376191,1203368,53.02,4117983,52.83,2676915
2017-03-17,1203368,4117983,52.83,2676915,52.92,1936902
2017-03-20,4117983,2676915,52.92,1936902,53.0,1221409
2017-03-21,2676915,1936902,53.0,1221409,52.48,1492698
2017-03-22,1936902,1221409,52.48,1492698,52.65,1257072
2017-03-23,1221409,1492698,52.65,1257072,52.72,1717929
2017-03-24,1492698,1257072,52.72,1717929,52.84,2015289
2017-03-27,1257072,1717929,52.84,2015289,52.42,1446568
2017-03-28,1717929,2015289,52.42,1446568,53.095,1312688
2017-03-29,2015289,1446568,53.095,1312688,52.78,1469882
2017-03-30,1446568,1312688,52.78,1469882,52.9,1627592
2017-03-31,1312688,1469882,52.9,1627592,52.81,1705625
2017-04-03,1469882,1627592,52.81,1705625,52.73,1550227
2017-04-04,1627592,1705625,52.73,1550227,52.48,2017094
2017-04-05,1705625,1550227,52.48,2017094,52.695,1778251
2017-04-06,1550227,2017094,52.695,1778251,52.26,1548170
2017-04-07,2017094,1778251,52.26,1548170,52.7,1243550
2017-04-10,1778251,1548170,52.7,1243550,52.68,1025248
2017-04-11,1548170,1243550,52.68,1025248,52.37,1520703
2017-04-12,1243550,1025248,52.37,1520703,52.47,1258152
2017-04-13,1025248,1520703,52.47,1258152,52.31,863990
2017-04-17,1520703,1258152,52.31,863990,52.43,1569436
2017-04-18,1258152,863990,52.43,1569436,52.68,1241164
2017-04-19,863990,1569436,52.68,1241164,52.95,2096351
2017-04-20,1569436,1241164,52.95,2096351,52.79,1569985
2017-04-21,1241164,2096351,52.79,1569985,52.8399,2189351
2017-04-24,2096351,1569985,52.8399,2189351,53.91,2257682
2017-04-25,1569985,2189351,53.91,2257682,54.51,2181857
2017-04-26,2189351,2257682,54.51,2181857,54.805,1834961
2017-04-27,2257682,2181857,54.805,1834961,54.83,1529024
2017-04-28,2181857,1834961,54.83,1529024,54.835,3078163
2017-05-01,1834961,1529024,54.835,3078163,55.36,1897018
2017-05-02,1529024,3078163,55.36,1897018,55.51,1693069
2017-05-03,3078163,1897018,55.51,1693069,55.61,1702565
2017-05-04,1897018,1693069,55.61,1702565,56.16,2615560
2017-05-05,1693069,1702565,56.16,2615560,56.59,1571536
2017-05-08,1702565,2615560,56.59,1571536,55.93,2189984
2017-05-09,2615560,1571536,55.93,2189984,56.29,1559975
2017-05-10,1571536,2189984,56.29,1559975,56.08,1566289
2017-05-11,2189984,1559975,56.08,1566289,55.8,1347633
2017-05-12,1559975,1566289,55.8,1347633,55.96,1578292
2017-05-15,1566289,1347633,55.96,1578292,56.01,1472226
2017-05-16,1347633,1578292,56.01,1472226,56.45,1032600
2017-05-17,1578292,1472226,56.45,1032600,55.67,1839737
2017-05-18,1472226,1032600,55.67,1839737,55.6,1934996
2017-05-19,1032600,1839737,55.6,1934996,55.86,1654441
2017-05-22,1839737,1934996,55.86,1654441,55.85,4264780
2017-05-23,1934996,1654441,55.85,4264780,58.0,7510578
2017-05-24,1654441,4264780,58.0,7510578,58.0725,4105470
2017-05-25,4264780,7510578,58.0725,4105470,58.92,2772812
2017-05-26,7510578,4105470,58.92,2772812,59.041,1535237
2017-05-30,4105470,2772812,59.041,1535237,59.41,2576416
2017-05-31,2772812,1535237,59.41,2576416,59.45,2552411
2017-06-01,1535237,2576416,59.45,2552411,59.81,2100441
2017-06-02,2576416,2552411,59.81,2100441,60.76,1666245
2017-06-05,2552411,2100441,60.76,1666245,60.33,1473282
2017-06-06,2100441,1666245,60.33,1473282,60.1,1968022
2017-06-07,1666245,1473282,60.1,1968022,59.98,1617604
2017-06-08,1473282,1968022,59.98,1617604,59.71,3486602
2017-06-09,1968022,1617604,59.71,3486602,59.13,2352814
2017-06-12,1617604,3486602,59.13,2352814,57.92,2579658
2017-06-13,3486602,2352814,57.92,2579658,58.93,1527210
2017-06-14,2352814,2579658,58.93,1527210,59.05,1203468
2017-06-15,2579658,1527210,59.05,1203468,58.82,1092596
2017-06-16,1527210,1203468,58.82,1092596,59.235,2157514
2017-06-19,1203468,1092596,59.235,2157514,59.58,2383659
2017-06-20,1092596,2157514,59.58,2383659,60.295,1821710
2017-06-21,2157514,2383659,60.295,1821710,59.67,2247944
2017-06-22,2383659,1821710,59.67,2247944,59.61,3473861
2017-06-23,1821710,2247944,59.61,3473861,59.5001,2879785
2017-06-26,2247944,3473861,59.5001,2879785,59.15,1535542
2017-06-27,3473861,2879785,59.15,1535542,58.84,1060391
2017-06-28,2879785,1535542,58.84,1060391,59.2,1191537
2017-06-29,1535542,1060391,59.2,1191537,58.49,1357538
2017-06-30,1060391,1191537,58.49,1357538,58.835,1593786
2017-07-03,1191537,1357538,58.835,1593786,59.13,1489574
2017-07-05,1357538,1593786,59.13,1489574,59.19,1638980
2017-07-06,1593786,1489574,59.19,1638980,59.07,2249516
2017-07-07,1489574,1638980,59.07,2249516,59.33,965439
2017-07-10,1638980,2249516,59.33,965439,59.38,1146033
2017-07-11,2249516,965439,59.38,1146033,59.46,2976519
2017-07-12,965439,1146033,59.46,2976519,60.16,1439395
2017-07-13,1146033,2976519,60.16,1439395,60.67,2060109
2017-07-14,2976519,1439395,60.67,2060109,60.915,1286073
2017-07-17,1439395,2060109,60.915,1286073,61.4,1332751
2017-07-18,2060109,1286073,61.4,1332751,60.95,1520122
2017-07-19,1286073,1332751,60.95,1520122,61.17,1512177
2017-07-20,1332751,1520122,61.17,1512177,60.81,2009405
2017-07-21,1520122,1512177,60.81,2009405,60.76,1283236
2017-07-24,1512177,2009405,60.76,1283236,61.25,973808
2017-07-25,2009405,1283236,61.25,973808,60.38,1691988
2017-07-26,1283236,973808,60.38,1691988,59.39,2520698
2017-07-27,973808,1691988,59.39,2520698,59.6,1944962
2017-07-28,1691988,2520698,59.6,1944962,59.61,1236434
2017-07-31,2520698,1944962,59.61,1236434,59.76,1043729
2017-08-01,1944962,1236434,59.76,1043729,59.805,1324251
2017-08-02,1236434,1043729,59.805,1324251,59.52,1121566
2017-08-03,1043729,1324251,59.52,1121566,59.97,983246
2017-08-04,1324251,1121566,59.97,983246,60.01,778762
2017-08-07,1121566,983246,60.01,778762,60.005,975738
2017-08-08,983246,778762,60.005,975738,60.08,1162440
2017-08-09,778762,975738,60.08,1162440,59.38,1965048
2017-08-10,975738,1162440,59.38,1965048,58.22,2471473
2017-08-11,1162440,1965048,58.22,2471473,58.69,1511552
2017-08-14,1965048,2471473,58.69,1511552,59.55,2409765
2017-08-15,2471473,1511552,59.55,2409765,59.11,2933295
2017-08-16,1511552,2409765,59.11,2933295,60.76,6892023
2017-08-17,2409765,2933295,60.76,6892023,60.78,3501640
2017-08-18,2933295,6892023,60.78,3501640,60.28,2357872
2017-08-21,6892023,3501640,60.28,2357872,60.96,1486144
2017-08-22,3501640,2357872,60.96,1486144,61.85,1666369
2017-08-23,2357872,1486144,61.85,1666369,62.6,1445677
2017-08-24,1486144,1666369,62.6,1445677,62.35,1584503
2017-08-25,1666369,1445677,62.35,1584503,62.67,1352761
2017-08-28,1445677,1584503,62.67,1352761,62.97,1290434
2017-08-29,1584503,1352761,62.97,1290434,63.021,1206649
2017-08-30,1352761,1290434,63.021,1206649,63.39,1072530
2017-08-31,1290434,1206649,63.39,1072530,63.9,1930071
2017-09-01,1206649,1072530,63.9,1930071,64.21,1224667
2017-09-05,1072530,1930071,64.21,1224667,63.81,910613
2017-09-06,1930071,1224667,63.81,910613,64.05,974511
2017-09-07,1224667,910613,64.05,974511,64.49,1075757
2017-09-08,910613,974511,64.49,1075757,64.83,1588439
2017-09-11,974511,1075757,64.83,1588439,65.38,1770025
2017-09-12,1075757,1588439,65.38,1770025,65.89,1082149
2017-09-13,1588439,1770025,65.89,1082149,65.41,2042563
2017-09-14,1770025,1082149,65.41,2042563,65.16,1481022
2017-09-15,1082149,2042563,65.16,1481022,65.62,2295974
2017-09-18,2042563,1481022,65.62,2295974,65.7,1562007
2017-09-19,1481022,2295974,65.7,1562007,66.0,1238004
2017-09-20,2295974,1562007,66.0,1238004,65.77,1186007
2017-09-21,1562007,1238004,65.77,1186007,65.63,874785
2017-09-22,1238004,1186007,65.63,874785,65.71,1296244
2017-09-25,1186007,874785,65.71,1296244,64.44,1841833
2017-09-26,874785,1296244,64.44,1841833,63.91,1615338
2017-09-27,1296244,1841833,63.91,1615338,64.05,1272526
2017-09-28,1841833,1615338,64.05,1272526,63.97,1126243
2017-09-29,1615338,1272526,63.97,1126243,63.72,1672816
2017-10-02,1272526,1126243,63.72,1672816,64.21,1693854
2017-10-03,1126243,1672816,64.21,1693854,65.06,1216981
2017-10-04,1672816,1693854,65.06,1216981,65.15,745628
2017-10-05,1693854,1216981,65.15,745628,65.52,1974081
2017-10-06,1216981,745628,65.52,1974081,65.66,1405100
2017-10-09,745628,1974081,65.66,1405100,66.02,1542307
2017-10-10,1974081,1405100,66.02,1542307,66.22,1143075
2017-10-11,1405100,1542307,66.22,1143075,66.34,1794800
2017-10-12,1542307,1143075,66.34,1794800,66.54,1454994
2017-10-13,1143075,1794800,66.54,1454994,66.89,943164
2017-10-16,1794800,1454994,66.89,943164,66.77,1473459
2017-10-17,1454994,943164,66.77,1473459,65.99,1711833
2017-10-18,943164,1473459,65.99,1711833,66.07,1150468
2017-10-19,1473459,1711833,66.07,1150468,66.06,1359119
2017-10-20,1711833,1150468,66.06,1359119,67.07,1506112
2017-10-23,1150468,1359119,67.07,1506112,66.93,1267570
2017-10-24,1359119,1506112,66.93,1267570,66.88,1975704
2017-10-25,1506112,1267570,66.88,1975704,67.03,1590537
2017-10-26,1267570,1975704,67.03,1590537,67.2,1418152
2017-10-27,1975704,1590537,67.2,1418152,67.41,1440996
2017-10-30,1590537,1418152,67.41,1440996,67.1,846605
2017-10-31,1418152,1440996,67.1,846605,67.54,1614432
2017-11-01,1440996,846605,67.54,1614432,67.84,1357998
2017-11-02,846605,1614432,67.84,1357998,67.81,1856865
2017-11-03,1614432,1357998,67.81,1856865,68.01,1072288
2017-11-06,1357998,1856865,68.01,1072288,67.87,995731
2017-11-07,1856865,1072288,67.87,995731,68.04,956466
2017-11-08,1072288,995731,68.04,956466,67.771,977616
2017-11-09,995731,956466,67.771,977616,66.91,1665042
2017-11-10,956466,977616,66.91,1665042,69.17,1439275
2017-11-13,977616,1665042,69.17,1439275,66.25,1536388
2017-11-14,1665042,1439275,66.25,1536388,66.89,2426247
2017-11-15,1439275,1536388,66.89,2426247,66.91,2042296
2017-11-16,1536388,2426247,66.91,2042296,67.45,2300408
2017-11-17,2426247,2042296,67.45,2300408,68.29,1823122
2017-11-20,2042296,2300408,68.29,1823122,68.95,4143453
2017-11-21,2300408,1823122,68.95,4143453,67.7,5330554
2017-11-22,1823122,4143453,67.7,5330554,68.3,3041728
2017-11-24,4143453,5330554,68.3,3041728,68.78,1015411
2017-11-27,5330554,3041728,68.78,1015411,69.17,1439275
2017-11-28,3041728,1015411,69.17,1439275,69.42,2473433
2017-11-29,1015411,1439275,69.42,2473433,68.45,1904175
2017-11-30,1439275,2473433,68.45,1904175,68.21,1922514
2017-12-01,2473433,1904175,68.21,1922514,67.23,2516564
2017-12-04,1904175,1922514,67.23,2516564,66.18,2899424
2017-12-05,1922514,2516564,66.18,2899424,65.73,2383974
2017-12-06,2516564,2899424,65.73,2383974,65.601,1690108
2017-12-07,2899424,2383974,65.601,1690108,65.77,2294513
2017-12-08,2383974,1690108,65.77,2294513,66.6523,2195577
2017-12-11,1690108,2294513,66.6523,2195577,66.48,2438556
2017-12-12,2294513,2195577,66.48,2438556,66.5,2180984
2017-12-13,2195577,2438556,66.5,2180984,66.64,1684618
2017-12-14,2438556,2180984,66.64,1684618,66.37,1774564
2017-12-15,2180984,1684618,66.37,1774564,66.69,2871925
2017-12-18,1684618,1774564,66.69,2871925,67.48,2306264
2017-12-19,1774564,2871925,67.48,2306264,67.49,1469439
2017-12-20,2871925,2306264,67.49,1469439,67.16,1363529
2017-12-21,2306264,1469439,67.16,1363529,67.2679,1502218
2017-12-22,1469439,1363529,67.2679,1502218,66.86,1221315
2017-12-26,1363529,1502218,66.86,1221315,67.05,532863
2017-12-27,1502218,1221315,67.05,532863,67.15,1038585
2017-12-28,1221315,532863,67.15,1038585,67.02,607022
2017-12-29,532863,1038585,67.02,607022,66.93,1064895
2018-01-02,1038585,607022,66.93,1064895,67.34,1047830
2018-01-03,607022,1064895,67.34,1047830,67.6,1698899
2018-01-04,1064895,1047830,67.6,1698899,68.78,2231534
2018-01-05,1047830,1698899,68.78,2231534,68.73,1632512
2018-01-08,1698899,2231534,68.73,1632512,69.545,1613911
2018-01-09,2231534,1632512,69.545,1613911,70.17,2666711
